subject,historical_primary_mean_balanced_accuracy,three_run_median_balanced_accuracy,minimum_run_balanced_accuracy,maximum_run_balanced_accuracy,run_balanced_accuracy_range,run_balanced_accuracy_population_sd,runs_above_0_5_count,above_chance_run_category,all_runs_at_or_above_0_6,run_range_at_or_above_0_25,one_bad_run_plus_two_good_runs,balanced_accuracy_run_6,balanced_accuracy_run_10,balanced_accuracy_run_14,fists_recall_run_6,fists_recall_run_10,fists_recall_run_14,feet_recall_run_6,feet_recall_run_10,feet_recall_run_14,out_of_fold_fists_recall,out_of_fold_feet_recall,feet_minus_fists_recall,task_qc_candidate_count,task_trial_count,task_qc_candidate_fraction,task_qc_fraction_run_6,task_qc_fraction_run_10,task_qc_fraction_run_14,qc_sensitivity_mean_balanced_accuracy,qc_minus_primary_balanced_accuracy,analysis_role
21,0.5654761904761905,0.5714285714285714,0.5446428571428572,0.5803571428571428,0.03571428571428559,0.015175653314264187,3,3_of_3,False,False,False,0.5714285714285714,0.5803571428571428,0.5446428571428572,1.0,0.875,0.375,0.14285714285714285,0.2857142857142857,0.7142857142857143,0.75,0.38095238095238093,-0.36904761904761907,7,45,0.15555555555555556,0.4666666666666667,0.0,0.0,0.6001984126984127,0.03472222222222221,post_hoc_descriptive_reliability
22,0.7351190476190478,0.6785714285714286,0.6607142857142857,0.8660714285714286,0.2053571428571429,0.09288384841861451,3,3_of_3,True,False,False,0.6607142857142857,0.8660714285714286,0.6785714285714286,0.5714285714285714,0.8571428571428571,0.8571428571428571,0.75,0.875,0.5,0.7619047619047619,0.7083333333333334,-0.05357142857142849,4,45,0.08888888888888889,0.06666666666666667,0.06666666666666667,0.13333333333333333,0.7166666666666667,-0.01845238095238111,post_hoc_descriptive_reliability
23,0.5178571428571429,0.5089285714285714,0.5,0.5446428571428572,0.044642857142857206,0.01928791874526152,2,2_of_3,False,False,False,0.5089285714285714,0.5,0.5446428571428572,0.14285714285714285,0.0,0.375,0.875,1.0,0.7142857142857143,0.17391304347826086,0.8636363636363636,0.6897233201581028,6,45,0.13333333333333333,0.13333333333333333,0.13333333333333333,0.13333333333333333,0.6626984126984127,0.14484126984126977,post_hoc_descriptive_reliability
24,0.44940476190476186,0.5,0.26785714285714285,0.5803571428571428,0.31249999999999994,0.13249898386638131,1,1_of_3,False,True,False,0.5,0.5803571428571428,0.26785714285714285,0.0,0.2857142857142857,0.2857142857142857,1.0,0.875,0.25,0.18181818181818182,0.6956521739130435,0.5138339920948616,0,45,0.0,0.0,0.0,0.0,0.44940476190476186,0.0,post_hoc_descriptive_reliability
25,0.7559523809523809,0.7410714285714286,0.7142857142857143,0.8125,0.0982142857142857,0.041453536539238445,3,3_of_3,True,False,False,0.7142857142857143,0.7410714285714286,0.8125,1.0,0.625,0.625,0.42857142857142855,0.8571428571428571,1.0,0.75,0.7619047619047619,0.011904761904761862,8,45,0.17777777777777778,0.4,0.13333333333333333,0.0,0.8482142857142857,0.09226190476190477,post_hoc_descriptive_reliability
26,0.5,0.5,0.5,0.5,0.0,0.0,0,0_of_3,False,False,False,0.5,0.5,0.5,1.0,1.0,0.0,0.0,0.0,1.0,0.6666666666666666,0.3333333333333333,-0.3333333333333333,4,45,0.08888888888888889,0.2,0.06666666666666667,0.0,0.5416666666666666,0.04166666666666663,post_hoc_descriptive_reliability
27,0.6577380952380952,0.7232142857142857,0.5267857142857143,0.7232142857142857,0.1964285714285714,0.09259731658395262,3,3_of_3,False,False,False,0.7232142857142857,0.5267857142857143,0.7232142857142857,0.5714285714285714,0.625,0.5714285714285714,0.875,0.42857142857142855,0.875,0.5909090909090909,0.7391304347826086,0.1482213438735177,8,45,0.17777777777777778,0.3333333333333333,0.2,0.0,0.7063492063492064,0.04861111111111116,post_hoc_descriptive_reliability
28,0.574404761904762,0.5446428571428572,0.49107142857142855,0.6875,0.19642857142857145,0.0829070730784769,2,2_of_3,False,False,False,0.6875,0.49107142857142855,0.5446428571428572,0.375,0.8571428571428571,0.375,1.0,0.125,0.7142857142857143,0.5217391304347826,0.5909090909090909,0.06916996047430835,6,45,0.13333333333333333,0.0,0.2,0.2,0.48273809523809524,-0.09166666666666673,post_hoc_descriptive_reliability
29,0.9791666666666666,1.0,0.9375,1.0,0.0625,0.02946278254943948,3,3_of_3,True,False,False,1.0,0.9375,1.0,1.0,1.0,1.0,1.0,0.875,1.0,1.0,0.9565217391304348,-0.04347826086956519,8,45,0.17777777777777778,0.13333333333333333,0.4,0.0,0.9484126984126985,-0.030753968253968145,post_hoc_descriptive_reliability
30,0.6607142857142857,0.6607142857142857,0.5982142857142857,0.7232142857142857,0.125,0.05103103630798288,3,3_of_3,False,False,False,0.5982142857142857,0.7232142857142857,0.6607142857142857,0.625,0.875,0.75,0.5714285714285714,0.5714285714285714,0.5714285714285714,0.75,0.5714285714285714,-0.1785714285714286,8,45,0.17777777777777778,0.2,0.13333333333333333,0.2,0.6047619047619047,-0.055952380952380976,post_hoc_descriptive_reliability
31,0.8452380952380952,0.7946428571428572,0.7410714285714286,1.0,0.2589285714285714,0.1115972217812659,3,3_of_3,True,True,False,1.0,0.7946428571428572,0.7410714285714286,1.0,0.7142857142857143,0.625,1.0,0.875,0.8571428571428571,0.782608695652174,0.9090909090909091,0.1264822134387351,3,45,0.06666666666666667,0.13333333333333333,0.06666666666666667,0.0,0.8660714285714285,0.02083333333333326,post_hoc_descriptive_reliability
32,0.5178571428571429,0.5,0.3839285714285714,0.6696428571428572,0.2857142857142858,0.11732382943111327,1,1_of_3,False,True,False,0.6696428571428572,0.3839285714285714,0.5,0.7142857142857143,0.14285714285714285,1.0,0.625,0.625,0.0,0.6363636363636364,0.43478260869565216,-0.2015810276679842,12,45,0.26666666666666666,0.5333333333333333,0.26666666666666666,0.0,0.5456349206349206,0.02777777777777768,post_hoc_descriptive_reliability
33,0.6636904761904763,0.6607142857142857,0.5892857142857143,0.7410714285714286,0.1517857142857143,0.062001984095237085,3,3_of_3,False,False,False,0.7410714285714286,0.6607142857142857,0.5892857142857143,0.8571428571428571,0.75,0.42857142857142855,0.625,0.5714285714285714,0.75,0.6818181818181818,0.6521739130434783,-0.029644268774703497,10,45,0.2222222222222222,0.13333333333333333,0.26666666666666666,0.26666666666666666,0.6875,0.023809523809523725,post_hoc_descriptive_reliability
34,0.880952380952381,0.9285714285714286,0.7142857142857143,1.0,0.2857142857142857,0.12140522651411392,3,3_of_3,True,True,False,1.0,0.7142857142857143,0.9285714285714286,1.0,1.0,1.0,1.0,0.42857142857142855,0.8571428571428571,1.0,0.7619047619047619,-0.23809523809523814,5,42,0.11904761904761904,0.07142857142857142,0.14285714285714285,0.14285714285714285,0.8380952380952381,-0.04285714285714293,post_hoc_descriptive_reliability
35,0.9523809523809524,1.0,0.8571428571428572,1.0,0.1428571428571428,0.06734350297014735,3,3_of_3,True,False,False,1.0,0.8571428571428572,1.0,1.0,1.0,1.0,1.0,0.7142857142857143,1.0,1.0,0.9047619047619048,-0.09523809523809523,1,45,0.022222222222222223,0.06666666666666667,0.0,0.0,0.9523809523809524,0.0,post_hoc_descriptive_reliability
36,0.7738095238095238,0.7857142857142857,0.6696428571428572,0.8660714285714286,0.1964285714285714,0.08063224514371466,3,3_of_3,True,False,False,0.7857142857142857,0.8660714285714286,0.6696428571428572,0.5714285714285714,0.8571428571428571,0.625,1.0,0.875,0.7142857142857143,0.6818181818181818,0.8695652173913043,0.18774703557312256,5,45,0.1111111111111111,0.06666666666666667,0.13333333333333333,0.13333333333333333,0.7579365079365079,-0.015873015873015928,post_hoc_descriptive_reliability
37,0.6190476190476191,0.5714285714285714,0.5,0.7857142857142857,0.2857142857142857,0.12140522651411392,2,2_of_3,False,True,False,0.5714285714285714,0.5,0.7857142857142857,1.0,0.0,0.7142857142857143,0.14285714285714285,1.0,0.8571428571428571,0.5714285714285714,0.6666666666666666,0.09523809523809523,11,42,0.2619047619047619,0.42857142857142855,0.0,0.35714285714285715,0.5952380952380952,-0.023809523809523836,post_hoc_descriptive_reliability
38,0.5267857142857143,0.5357142857142857,0.5,0.5446428571428572,0.044642857142857206,0.019287918745261506,2,2_of_3,False,False,False,0.5,0.5446428571428572,0.5357142857142857,1.0,0.375,0.5714285714285714,0.0,0.7142857142857143,0.5,0.6521739130434783,0.4090909090909091,-0.24308300395256915,8,45,0.17777777777777778,0.13333333333333333,0.26666666666666666,0.13333333333333333,0.5041666666666667,-0.02261904761904765,post_hoc_descriptive_reliability
39,0.6101190476190476,0.5892857142857143,0.5625,0.6785714285714286,0.1160714285714286,0.04962301190634843,3,3_of_3,False,False,False,0.5625,0.6785714285714286,0.5892857142857143,0.125,0.8571428571428571,0.75,1.0,0.5,0.42857142857142855,0.5652173913043478,0.6363636363636364,0.07114624505928857,5,45,0.1111111111111111,0.13333333333333333,0.13333333333333333,0.06666666666666667,0.6587301587301587,0.04861111111111116,post_hoc_descriptive_reliability
40,0.5744047619047619,0.5803571428571428,0.5,0.6428571428571428,0.1428571428571428,0.05847286519163242,2,2_of_3,False,False,False,0.5,0.5803571428571428,0.6428571428571428,0.0,0.2857142857142857,0.2857142857142857,1.0,0.875,1.0,0.18181818181818182,0.9565217391304348,0.7747035573122529,11,45,0.24444444444444444,0.26666666666666666,0.4,0.06666666666666667,0.5654761904761905,-0.008928571428571397,post_hoc_descriptive_reliability
41,0.5476190476190476,0.5714285714285714,0.5,0.5714285714285714,0.0714285714285714,0.033671751485073675,2,2_of_3,False,False,False,0.5714285714285714,0.5,0.5714285714285714,0.8571428571428571,0.7142857142857143,1.0,0.2857142857142857,0.2857142857142857,0.14285714285714285,0.8571428571428571,0.23809523809523808,-0.6190476190476191,2,42,0.047619047619047616,0.0,0.0,0.14285714285714285,0.5238095238095238,-0.023809523809523725,post_hoc_descriptive_reliability
42,0.9791666666666666,1.0,0.9375,1.0,0.0625,0.02946278254943948,3,3_of_3,True,False,False,1.0,1.0,0.9375,1.0,1.0,0.875,1.0,1.0,1.0,0.9583333333333334,1.0,0.04166666666666663,7,45,0.15555555555555556,0.13333333333333333,0.2,0.13333333333333333,0.9722222222222223,-0.006944444444444309,post_hoc_descriptive_reliability
43,0.9523809523809524,1.0,0.8571428571428572,1.0,0.1428571428571428,0.06734350297014735,3,3_of_3,True,False,False,0.8571428571428572,1.0,1.0,1.0,1.0,1.0,0.7142857142857143,1.0,1.0,1.0,0.9090909090909091,-0.09090909090909094,6,45,0.13333333333333333,0.13333333333333333,0.06666666666666667,0.2,0.8730158730158731,-0.0793650793650793,post_hoc_descriptive_reliability
44,0.755952380952381,0.8035714285714286,0.6607142857142857,0.8035714285714286,0.1428571428571429,0.0673435029701474,3,3_of_3,True,False,False,0.8035714285714286,0.6607142857142857,0.8035714285714286,0.75,0.75,0.8571428571428571,0.8571428571428571,0.5714285714285714,0.75,0.782608695652174,0.7272727272727273,-0.055335968379446654,4,45,0.08888888888888889,0.13333333333333333,0.0,0.13333333333333333,0.7837301587301587,0.02777777777777768,post_hoc_descriptive_reliability
45,0.5833333333333334,0.5803571428571428,0.5,0.6696428571428572,0.1696428571428572,0.06928837337394536,2,2_of_3,False,False,False,0.5,0.5803571428571428,0.6696428571428572,0.0,0.875,0.625,1.0,0.2857142857142857,0.7142857142857143,0.5,0.6666666666666666,0.16666666666666663,13,45,0.28888888888888886,0.3333333333333333,0.3333333333333333,0.2,0.6277777777777778,0.0444444444444444,post_hoc_descriptive_reliability
46,0.6904761904761906,0.6785714285714286,0.6607142857142857,0.7321428571428572,0.07142857142857151,0.03035130662852851,3,3_of_3,True,False,False,0.7321428571428572,0.6785714285714286,0.6607142857142857,0.75,0.8571428571428571,0.5714285714285714,0.7142857142857143,0.5,0.75,0.7272727272727273,0.6521739130434783,-0.07509881422924902,21,45,0.4666666666666667,0.6,0.6,0.2,0.5011904761904762,-0.1892857142857144,post_hoc_descriptive_reliability
47,0.42857142857142855,0.35714285714285715,0.3392857142857143,0.5892857142857143,0.25,0.11387575279588685,1,1_of_3,False,True,False,0.35714285714285715,0.3392857142857143,0.5892857142857143,0.0,0.42857142857142855,0.75,0.7142857142857143,0.25,0.42857142857142855,0.391304347826087,0.45454545454545453,0.06324110671936756,7,45,0.15555555555555556,0.0,0.3333333333333333,0.13333333333333333,0.46230158730158727,0.03373015873015872,post_hoc_descriptive_reliability
48,0.7916666666666666,0.7946428571428572,0.7232142857142857,0.8571428571428572,0.1339285714285715,0.054716596163244785,3,3_of_3,True,False,False,0.7946428571428572,0.7232142857142857,0.8571428571428572,0.875,0.875,1.0,0.7142857142857143,0.5714285714285714,0.7142857142857143,0.9166666666666666,0.6666666666666666,-0.25,12,45,0.26666666666666666,0.3333333333333333,0.2,0.26666666666666666,0.8444444444444444,0.05277777777777781,post_hoc_descriptive_reliability
49,0.6726190476190476,0.7142857142857143,0.5714285714285714,0.7321428571428572,0.1607142857142858,0.07192289269996772,3,3_of_3,False,False,False,0.7321428571428572,0.5714285714285714,0.7142857142857143,0.7142857142857143,0.14285714285714285,0.42857142857142855,0.75,1.0,1.0,0.42857142857142855,0.9166666666666666,0.4880952380952381,2,45,0.044444444444444446,0.06666666666666667,0.0,0.06666666666666667,0.7976190476190476,0.125,post_hoc_descriptive_reliability
50,0.6666666666666666,0.6607142857142857,0.6517857142857143,0.6875,0.0357142857142857,0.015175653314264237,3,3_of_3,True,False,False,0.6607142857142857,0.6517857142857143,0.6875,0.75,0.875,0.375,0.5714285714285714,0.42857142857142855,1.0,0.6666666666666666,0.6666666666666666,0.0,8,45,0.17777777777777778,0.2,0.2,0.13333333333333333,0.6952380952380953,0.028571428571428692,post_hoc_descriptive_reliability
51,0.6428571428571429,0.6428571428571428,0.5714285714285714,0.7142857142857143,0.1428571428571429,0.05832118435198045,3,3_of_3,False,False,False,0.7142857142857143,0.6428571428571428,0.5714285714285714,1.0,1.0,0.8571428571428571,0.42857142857142855,0.2857142857142857,0.2857142857142857,0.9523809523809523,0.3333333333333333,-0.6190476190476191,19,42,0.4523809523809524,0.5714285714285714,0.42857142857142855,0.35714285714285715,0.3499999999999999,-0.292857142857143,post_hoc_descriptive_reliability
52,0.8452380952380952,0.8035714285714286,0.7946428571428572,0.9375,0.1428571428571428,0.0653407690479171,3,3_of_3,True,False,False,0.9375,0.7946428571428572,0.8035714285714286,1.0,0.7142857142857143,0.75,0.875,0.875,0.8571428571428571,0.8181818181818182,0.8695652173913043,0.05138339920948609,5,45,0.1111111111111111,0.2,0.0,0.13333333333333333,0.8839285714285715,0.038690476190476275,post_hoc_descriptive_reliability
53,0.46428571428571425,0.4375,0.41964285714285715,0.5357142857142857,0.11607142857142855,0.05103103630798287,1,1_of_3,False,False,False,0.5357142857142857,0.41964285714285715,0.4375,0.5714285714285714,0.125,0.875,0.5,0.7142857142857143,0.0,0.5217391304347826,0.4090909090909091,-0.11264822134387348,2,45,0.044444444444444446,0.0,0.0,0.13333333333333333,0.5029761904761905,0.03869047619047622,post_hoc_descriptive_reliability
54,0.6845238095238094,0.7232142857142857,0.5446428571428572,0.7857142857142857,0.2410714285714285,0.10214882322458635,3,3_of_3,False,False,False,0.7857142857142857,0.5446428571428572,0.7232142857142857,0.5714285714285714,0.375,0.875,1.0,0.7142857142857143,0.5714285714285714,0.6086956521739131,0.7727272727272727,0.16403162055335962,8,45,0.17777777777777778,0.26666666666666666,0.06666666666666667,0.2,0.6829365079365081,-0.0015873015873013596,post_hoc_descriptive_reliability
55,0.9523809523809524,0.9285714285714286,0.9285714285714286,1.0,0.0714285714285714,0.033671751485073675,3,3_of_3,True,False,False,1.0,0.9285714285714286,0.9285714285714286,1.0,1.0,0.8571428571428571,1.0,0.8571428571428571,1.0,0.9565217391304348,0.9545454545454546,-0.0019762845849802257,1,45,0.022222222222222223,0.0,0.06666666666666667,0.0,0.9761904761904763,0.023809523809523836,post_hoc_descriptive_reliability
56,0.8482142857142857,0.9285714285714286,0.6785714285714286,0.9375,0.2589285714285714,0.1200109830574759,3,3_of_3,True,True,False,0.6785714285714286,0.9375,0.9285714285714286,0.8571428571428571,0.875,1.0,0.5,1.0,0.8571428571428571,0.9130434782608695,0.7727272727272727,-0.1403162055335968,5,45,0.1111111111111111,0.2,0.06666666666666667,0.06666666666666667,0.8505952380952381,0.0023809523809523725,post_hoc_descriptive_reliability
57,0.6190476190476191,0.5982142857142857,0.5892857142857143,0.6696428571428572,0.0803571428571429,0.03596144634998387,3,3_of_3,False,False,False,0.6696428571428572,0.5892857142857143,0.5982142857142857,0.7142857142857143,0.42857142857142855,0.625,0.625,0.75,0.5714285714285714,0.5909090909090909,0.6521739130434783,0.06126482213438733,1,45,0.022222222222222223,0.0,0.0,0.06666666666666667,0.5565476190476191,-0.0625,post_hoc_descriptive_reliability
58,0.7321428571428572,0.7321428571428572,0.6696428571428572,0.7946428571428572,0.125,0.05103103630798288,3,3_of_3,True,False,False,0.6696428571428572,0.7321428571428572,0.7946428571428572,0.7142857142857143,0.75,0.875,0.625,0.7142857142857143,0.7142857142857143,0.782608695652174,0.6818181818181818,-0.10079051383399218,2,45,0.044444444444444446,0.06666666666666667,0.06666666666666667,0.0,0.6458333333333334,-0.08630952380952384,post_hoc_descriptive_reliability
59,0.5178571428571428,0.5178571428571428,0.4642857142857143,0.5714285714285714,0.1071428571428571,0.0437408882639853,2,2_of_3,False,False,False,0.4642857142857143,0.5178571428571428,0.5714285714285714,0.5,0.2857142857142857,0.14285714285714285,0.42857142857142855,0.75,1.0,0.3181818181818182,0.7391304347826086,0.42094861660079047,9,45,0.2,0.06666666666666667,0.4666666666666667,0.06666666666666667,0.4682539682539682,-0.049603174603174593,post_hoc_descriptive_reliability
60,0.7738095238095237,0.8660714285714286,0.5803571428571428,0.875,0.2946428571428572,0.1368400468163411,3,3_of_3,False,True,False,0.875,0.5803571428571428,0.8660714285714286,1.0,0.2857142857142857,0.8571428571428571,0.75,0.875,0.875,0.7142857142857143,0.8333333333333334,0.11904761904761907,3,45,0.06666666666666667,0.06666666666666667,0.0,0.13333333333333333,0.8184523809523809,0.044642857142857206,post_hoc_descriptive_reliability
61,0.6904761904761904,0.7232142857142857,0.6071428571428572,0.7410714285714286,0.1339285714285714,0.05937481352160713,3,3_of_3,True,False,False,0.7232142857142857,0.6071428571428572,0.7410714285714286,0.875,0.5,0.625,0.5714285714285714,0.7142857142857143,0.8571428571428571,0.6666666666666666,0.7142857142857143,0.04761904761904767,2,45,0.044444444444444446,0.0,0.0,0.13333333333333333,0.6428571428571429,-0.04761904761904745,post_hoc_descriptive_reliability
62,0.8958333333333334,0.9375,0.75,1.0,0.25,0.10622957319984969,3,3_of_3,True,True,False,0.75,1.0,0.9375,0.5,1.0,0.875,1.0,1.0,1.0,0.782608695652174,1.0,0.21739130434782605,13,45,0.28888888888888886,0.2,0.2,0.4666666666666667,0.9444444444444445,0.04861111111111116,post_hoc_descriptive_reliability
63,0.5327380952380952,0.5,0.4375,0.6607142857142857,0.2232142857142857,0.09402124404125782,1,1_of_3,False,False,False,0.4375,0.6607142857142857,0.5,0.0,0.75,0.0,0.875,0.5714285714285714,1.0,0.2727272727272727,0.8260869565217391,0.5533596837944664,13,45,0.28888888888888886,0.3333333333333333,0.26666666666666666,0.26666666666666666,0.47222222222222227,-0.06051587301587297,post_hoc_descriptive_reliability
64,0.4761904761904762,0.4285714285714286,0.42857142857142855,0.5714285714285714,0.14285714285714285,0.06734350297014736,1,1_of_3,False,False,False,0.42857142857142855,0.4285714285714286,0.5714285714285714,0.42857142857142855,0.14285714285714285,0.42857142857142855,0.42857142857142855,0.7142857142857143,0.7142857142857143,0.3333333333333333,0.6190476190476191,0.28571428571428575,0,42,0.0,0.0,0.0,0.0,0.4761904761904762,0.0,post_hoc_descriptive_reliability
65,0.5089285714285714,0.5178571428571428,0.4107142857142857,0.5982142857142857,0.1875,0.07680647559859488,2,2_of_3,False,False,False,0.4107142857142857,0.5982142857142857,0.5178571428571428,0.25,0.5714285714285714,0.2857142857142857,0.5714285714285714,0.625,0.75,0.36363636363636365,0.6521739130434783,0.2885375494071146,11,45,0.24444444444444444,0.3333333333333333,0.3333333333333333,0.06666666666666667,0.5555555555555556,0.04662698412698418,post_hoc_descriptive_reliability
66,0.568452380952381,0.5446428571428572,0.48214285714285715,0.6785714285714286,0.19642857142857145,0.08193988034485837,2,2_of_3,False,False,False,0.48214285714285715,0.5446428571428572,0.6785714285714286,0.7142857142857143,0.375,0.8571428571428571,0.25,0.7142857142857143,0.5,0.6363636363636364,0.4782608695652174,-0.15810276679841895,0,45,0.0,0.0,0.0,0.0,0.568452380952381,0.0,post_hoc_descriptive_reliability
67,0.5565476190476191,0.5,0.5,0.6696428571428572,0.1696428571428572,0.07997040977705006,1,1_of_3,False,False,False,0.5,0.5,0.6696428571428572,1.0,0.0,0.625,0.0,1.0,0.7142857142857143,0.5217391304347826,0.5454545454545454,0.02371541501976282,2,45,0.044444444444444446,0.06666666666666667,0.0,0.06666666666666667,0.5446428571428571,-0.011904761904761973,post_hoc_descriptive_reliability
68,0.630952380952381,0.6160714285714286,0.6071428571428572,0.6696428571428572,0.0625,0.02760005504611817,3,3_of_3,True,False,False,0.6696428571428572,0.6160714285714286,0.6071428571428572,0.7142857142857143,0.375,0.7142857142857143,0.625,0.8571428571428571,0.5,0.5909090909090909,0.6521739130434783,0.06126482213438733,15,45,0.3333333333333333,0.4,0.26666666666666666,0.3333333333333333,0.5388888888888889,-0.09206349206349218,post_hoc_descriptive_reliability
69,0.6845238095238096,0.6517857142857143,0.5982142857142857,0.8035714285714286,0.2053571428571429,0.08697404283453845,3,3_of_3,False,False,False,0.6517857142857143,0.5982142857142857,0.8035714285714286,0.875,0.5714285714285714,0.8571428571428571,0.42857142857142855,0.625,0.75,0.7727272727272727,0.6086956521739131,-0.16403162055335962,4,45,0.08888888888888889,0.06666666666666667,0.13333333333333333,0.06666666666666667,0.6845238095238096,0.0,post_hoc_descriptive_reliability
70,0.9553571428571429,0.9375,0.9285714285714286,1.0,0.0714285714285714,0.031777018607236036,3,3_of_3,True,False,False,0.9375,0.9285714285714286,1.0,0.875,1.0,1.0,1.0,0.8571428571428571,1.0,0.9565217391304348,0.9545454545454546,-0.0019762845849802257,9,45,0.2,0.2,0.13333333333333333,0.26666666666666666,1.0,0.044642857142857095,post_hoc_descriptive_reliability
71,0.8660714285714285,0.875,0.7857142857142857,0.9375,0.1517857142857143,0.062287052191834384,3,3_of_3,True,False,False,0.9375,0.875,0.7857142857142857,0.875,0.75,0.5714285714285714,1.0,1.0,1.0,0.7391304347826086,1.0,0.26086956521739135,8,45,0.17777777777777778,0.3333333333333333,0.0,0.2,0.9067460317460317,0.04067460317460325,post_hoc_descriptive_reliability
72,0.9761904761904763,1.0,0.9285714285714286,1.0,0.0714285714285714,0.033671751485073675,3,3_of_3,True,False,False,1.0,0.9285714285714286,1.0,1.0,1.0,1.0,1.0,0.8571428571428571,1.0,1.0,0.9523809523809523,-0.04761904761904767,11,42,0.2619047619047619,0.21428571428571427,0.14285714285714285,0.42857142857142855,0.9722222222222223,-0.003968253968253954,post_hoc_descriptive_reliability
73,0.8333333333333334,0.8571428571428571,0.7857142857142857,0.8571428571428572,0.07142857142857151,0.0336717514850737,3,3_of_3,True,False,False,0.8571428571428572,0.7857142857142857,0.8571428571428571,0.7142857142857143,1.0,0.8571428571428571,1.0,0.5714285714285714,0.8571428571428571,0.8571428571428571,0.8095238095238095,-0.04761904761904756,8,42,0.19047619047619047,0.14285714285714285,0.07142857142857142,0.35714285714285715,0.6630952380952381,-0.1702380952380953,post_hoc_descriptive_reliability
74,0.5,0.5,0.5,0.5,0.0,0.0,0,0_of_3,False,False,False,0.5,0.5,0.5,1.0,0.0,0.14285714285714285,0.0,1.0,0.8571428571428571,0.38095238095238093,0.6190476190476191,0.23809523809523814,7,42,0.16666666666666666,0.14285714285714285,0.14285714285714285,0.21428571428571427,0.4666666666666666,-0.03333333333333338,post_hoc_descriptive_reliability
75,0.6904761904761904,0.8035714285714286,0.4642857142857143,0.8035714285714286,0.3392857142857143,0.15994081955410003,2,2_of_3,False,True,False,0.8035714285714286,0.4642857142857143,0.8035714285714286,0.8571428571428571,0.42857142857142855,0.8571428571428571,0.75,0.5,0.75,0.7142857142857143,0.6666666666666666,-0.04761904761904767,7,45,0.15555555555555556,0.3333333333333333,0.0,0.13333333333333333,0.5388888888888889,-0.1515873015873015,post_hoc_descriptive_reliability
76,0.5,0.5,0.5,0.5,0.0,0.0,0,0_of_3,False,False,False,0.5,0.5,0.5,1.0,0.8571428571428571,0.42857142857142855,0.0,0.14285714285714285,0.5714285714285714,0.7619047619047619,0.23809523809523808,-0.5238095238095237,10,42,0.23809523809523808,0.07142857142857142,0.35714285714285715,0.2857142857142857,0.6527777777777778,0.1527777777777778,post_hoc_descriptive_reliability
77,0.4196428571428572,0.41964285714285715,0.3392857142857143,0.5,0.1607142857142857,0.06561133239597798,0,0_of_3,False,False,False,0.5,0.41964285714285715,0.3392857142857143,0.0,0.7142857142857143,0.25,1.0,0.125,0.42857142857142855,0.3181818181818182,0.5217391304347826,0.20355731225296442,2,45,0.044444444444444446,0.06666666666666667,0.0,0.06666666666666667,0.435515873015873,0.015873015873015817,post_hoc_descriptive_reliability
78,0.49404761904761907,0.4464285714285714,0.41964285714285715,0.6160714285714286,0.19642857142857145,0.08697404283453845,1,1_of_3,False,False,False,0.6160714285714286,0.41964285714285715,0.4464285714285714,0.375,0.7142857142857143,0.14285714285714285,0.8571428571428571,0.125,0.75,0.4090909090909091,0.5652173913043478,0.15612648221343867,11,45,0.24444444444444444,0.5333333333333333,0.13333333333333333,0.06666666666666667,0.498015873015873,0.003968253968253954,post_hoc_descriptive_reliability
79,0.7142857142857144,0.7321428571428572,0.5446428571428572,0.8660714285714286,0.3214285714285714,0.1318287773235125,3,3_of_3,False,True,False,0.8660714285714286,0.7321428571428572,0.5446428571428572,0.8571428571428571,0.7142857142857143,0.7142857142857143,0.875,0.75,0.375,0.7619047619047619,0.6666666666666666,-0.09523809523809523,15,45,0.3333333333333333,0.4666666666666667,0.4,0.13333333333333333,0.7055555555555556,-0.00873015873015881,post_hoc_descriptive_reliability
80,0.5833333333333334,0.5892857142857143,0.5357142857142857,0.625,0.0892857142857143,0.03669294049386296,3,3_of_3,False,False,False,0.625,0.5892857142857143,0.5357142857142857,0.25,0.75,0.5,1.0,0.42857142857142855,0.5714285714285714,0.5,0.6666666666666666,0.16666666666666663,7,45,0.15555555555555556,0.26666666666666666,0.2,0.0,0.6821428571428573,0.0988095238095239,post_hoc_descriptive_reliability
81,0.6220238095238095,0.625,0.4375,0.8035714285714286,0.3660714285714286,0.1494628515415443,2,2_of_3,False,True,False,0.4375,0.625,0.8035714285714286,0.0,0.25,0.8571428571428571,0.875,1.0,0.75,0.36363636363636365,0.8695652173913043,0.5059288537549407,2,45,0.044444444444444446,0.0,0.13333333333333333,0.0,0.6527777777777778,0.030753968253968256,post_hoc_descriptive_reliability
82,0.6190476190476191,0.6607142857142857,0.5357142857142857,0.6607142857142857,0.125,0.05892556509887896,3,3_of_3,False,False,False,0.5357142857142857,0.6607142857142857,0.6607142857142857,0.5,0.75,0.75,0.5714285714285714,0.5714285714285714,0.5714285714285714,0.6666666666666666,0.5714285714285714,-0.09523809523809523,7,45,0.15555555555555556,0.26666666666666666,0.06666666666666667,0.13333333333333333,0.49404761904761907,-0.125,post_hoc_descriptive_reliability
83,0.6517857142857143,0.5892857142857143,0.5,0.8660714285714286,0.3660714285714286,0.15584556501888153,2,2_of_3,False,True,False,0.5,0.8660714285714286,0.5892857142857143,0.0,0.8571428571428571,0.42857142857142855,1.0,0.875,0.75,0.4090909090909091,0.8695652173913043,0.4604743083003952,2,45,0.044444444444444446,0.0,0.06666666666666667,0.06666666666666667,0.7202380952380952,0.06845238095238093,post_hoc_descriptive_reliability
84,0.5922619047619048,0.5982142857142857,0.5625,0.6160714285714286,0.0535714285714286,0.02227177015936871,3,3_of_3,False,False,False,0.5982142857142857,0.5625,0.6160714285714286,0.5714285714285714,1.0,0.375,0.625,0.125,0.8571428571428571,0.6363636363636364,0.5217391304347826,-0.11462450592885376,5,45,0.1111111111111111,0.13333333333333333,0.0,0.2,0.6291666666666667,0.036904761904761885,post_hoc_descriptive_reliability
85,0.9375,0.9375,0.875,1.0,0.125,0.05103103630798288,3,3_of_3,True,False,False,0.875,1.0,0.9375,0.75,1.0,0.875,1.0,1.0,1.0,0.8695652173913043,1.0,0.13043478260869568,10,45,0.2222222222222222,0.13333333333333333,0.2,0.3333333333333333,0.9523809523809524,0.014880952380952439,post_hoc_descriptive_reliability
86,0.7946428571428571,0.8125,0.5714285714285714,1.0,0.4285714285714286,0.17541859557489733,3,3_of_3,False,True,False,0.5714285714285714,1.0,0.8125,0.14285714285714285,1.0,1.0,1.0,1.0,0.625,0.7142857142857143,0.875,0.1607142857142857,11,45,0.24444444444444444,0.13333333333333333,0.4,0.2,0.8402777777777778,0.045634920634920695,post_hoc_descriptive_reliability
87,0.6696428571428572,0.6785714285714286,0.5446428571428572,0.7857142857142857,0.2410714285714285,0.0986192947963148,3,3_of_3,False,False,False,0.6785714285714286,0.5446428571428572,0.7857142857142857,0.8571428571428571,0.375,1.0,0.5,0.7142857142857143,0.5714285714285714,0.7391304347826086,0.5909090909090909,-0.1482213438735177,11,45,0.24444444444444444,0.2,0.3333333333333333,0.2,0.5285714285714286,-0.14107142857142863,post_hoc_descriptive_reliability
89,0.49404761904761907,0.5,0.33035714285714285,0.6517857142857143,0.32142857142857145,0.13129014881019513,1,1_of_3,False,True,False,0.5,0.33035714285714285,0.6517857142857143,1.0,0.375,0.875,0.0,0.2857142857142857,0.42857142857142855,0.75,0.23809523809523808,-0.5119047619047619,5,45,0.1111111111111111,0.0,0.13333333333333333,0.2,0.5265873015873016,0.032539682539682535,post_hoc_descriptive_reliability
90,0.5803571428571429,0.6160714285714286,0.4464285714285714,0.6785714285714286,0.2321428571428572,0.0980789110314529,2,2_of_3,False,False,False,0.6785714285714286,0.6160714285714286,0.4464285714285714,0.5,0.8571428571428571,0.14285714285714285,0.8571428571428571,0.375,0.75,0.5,0.6521739130434783,0.15217391304347827,2,45,0.044444444444444446,0.0,0.0,0.13333333333333333,0.5515873015873016,-0.02876984126984128,post_hoc_descriptive_reliability
91,0.75,0.8035714285714286,0.5803571428571428,0.8660714285714286,0.2857142857142858,0.12263927248831262,3,3_of_3,False,True,False,0.8660714285714286,0.5803571428571428,0.8035714285714286,0.875,0.2857142857142857,0.8571428571428571,0.8571428571428571,0.875,0.75,0.6818181818181818,0.8260869565217391,0.14426877470355737,3,45,0.06666666666666667,0.13333333333333333,0.0,0.06666666666666667,0.7351190476190476,-0.014880952380952439,post_hoc_descriptive_reliability
93,0.8898809523809524,0.9285714285714286,0.8035714285714286,0.9375,0.1339285714285714,0.061138805310042066,3,3_of_3,True,False,False,0.9285714285714286,0.9375,0.8035714285714286,1.0,0.875,0.8571428571428571,0.8571428571428571,1.0,0.75,0.9130434782608695,0.8636363636363636,-0.049407114624505866,10,45,0.2222222222222222,0.4,0.06666666666666667,0.2,0.9107142857142857,0.02083333333333326,post_hoc_descriptive_reliability
94,0.7053571428571429,0.7410714285714286,0.5714285714285714,0.8035714285714286,0.2321428571428572,0.09807891103145289,3,3_of_3,False,False,False,0.5714285714285714,0.7410714285714286,0.8035714285714286,0.14285714285714285,0.625,0.8571428571428571,1.0,0.8571428571428571,0.75,0.5454545454545454,0.8695652173913043,0.3241106719367589,11,45,0.24444444444444444,0.5333333333333333,0.06666666666666667,0.13333333333333333,0.7896825396825397,0.08432539682539675,post_hoc_descriptive_reliability
95,0.7529761904761904,0.875,0.5089285714285714,0.875,0.3660714285714286,0.17256772636100268,3,3_of_3,False,True,False,0.875,0.5089285714285714,0.875,0.75,0.14285714285714285,1.0,1.0,0.875,0.75,0.6363636363636364,0.8695652173913043,0.23320158102766797,14,45,0.3111111111111111,0.3333333333333333,0.4,0.2,0.6944444444444443,-0.058531746031746046,post_hoc_descriptive_reliability
96,0.5029761904761905,0.49107142857142855,0.4375,0.5803571428571428,0.1428571428571428,0.05892556509887893,1,1_of_3,False,False,False,0.5803571428571428,0.4375,0.49107142857142855,0.2857142857142857,0.0,0.8571428571428571,0.875,0.875,0.125,0.38095238095238093,0.625,0.24404761904761907,6,45,0.13333333333333333,0.13333333333333333,0.13333333333333333,0.13333333333333333,0.5156746031746032,0.012698412698412764,post_hoc_descriptive_reliability
97,0.8035714285714285,0.8035714285714286,0.7321428571428572,0.875,0.1428571428571428,0.0583211843519804,3,3_of_3,True,False,False,0.7321428571428572,0.8035714285714286,0.875,0.75,0.8571428571428571,0.75,0.7142857142857143,0.75,1.0,0.782608695652174,0.8181818181818182,0.035573122529644285,3,45,0.06666666666666667,0.13333333333333333,0.06666666666666667,0.0,0.7906746031746031,-0.012896825396825351,post_hoc_descriptive_reliability
98,0.7559523809523809,0.7946428571428572,0.5357142857142857,0.9375,0.4017857142857143,0.16629422672260707,3,3_of_3,False,True,False,0.9375,0.7946428571428572,0.5357142857142857,1.0,0.7142857142857143,0.5714285714285714,0.875,0.875,0.5,0.7619047619047619,0.75,-0.011904761904761862,4,45,0.08888888888888889,0.06666666666666667,0.06666666666666667,0.13333333333333333,0.748015873015873,-0.007936507936507908,post_hoc_descriptive_reliability
99,0.6428571428571428,0.6607142857142857,0.5267857142857143,0.7410714285714286,0.2142857142857143,0.08838834764831845,3,3_of_3,False,False,False,0.5267857142857143,0.7410714285714286,0.6607142857142857,0.42857142857142855,0.8571428571428571,0.5714285714285714,0.625,0.625,0.75,0.6190476190476191,0.6666666666666666,0.04761904761904756,1,45,0.022222222222222223,0.0,0.0,0.06666666666666667,0.6666666666666666,0.023809523809523836,post_hoc_descriptive_reliability
101,0.44047619047619047,0.4375,0.4107142857142857,0.4732142857142857,0.0625,0.025602158532864957,0,0_of_3,False,False,False,0.4107142857142857,0.4732142857142857,0.4375,0.25,0.375,0.875,0.5714285714285714,0.5714285714285714,0.0,0.5,0.38095238095238093,-0.11904761904761907,10,45,0.2222222222222222,0.13333333333333333,0.4,0.13333333333333333,0.5369047619047619,0.09642857142857142,post_hoc_descriptive_reliability
102,0.5238095238095238,0.5,0.5,0.5714285714285714,0.0714285714285714,0.033671751485073675,1,1_of_3,False,False,False,0.5714285714285714,0.5,0.5,0.8571428571428571,0.0,0.7142857142857143,0.2857142857142857,1.0,0.2857142857142857,0.5238095238095238,0.5238095238095238,0.0,9,42,0.21428571428571427,0.2857142857142857,0.2857142857142857,0.07142857142857142,0.6198412698412699,0.09603174603174602,post_hoc_descriptive_reliability
103,0.6934523809523809,0.625,0.5178571428571428,0.9375,0.4196428571428572,0.17802495748497837,3,3_of_3,False,True,False,0.5178571428571428,0.625,0.9375,0.75,1.0,1.0,0.2857142857142857,0.25,0.875,0.9090909090909091,0.4782608695652174,-0.43083003952569165,13,45,0.28888888888888886,0.2,0.4,0.26666666666666666,0.75,0.05654761904761907,post_hoc_descriptive_reliability
104,0.7797619047619048,0.8660714285714286,0.5982142857142857,0.875,0.2767857142857143,0.12842529172852035,3,3_of_3,False,True,False,0.8660714285714286,0.875,0.5982142857142857,0.8571428571428571,0.75,0.5714285714285714,0.875,1.0,0.625,0.7272727272727273,0.8260869565217391,0.09881422924901184,7,45,0.15555555555555556,0.06666666666666667,0.26666666666666666,0.13333333333333333,0.8079365079365081,0.028174603174603297,post_hoc_descriptive_reliability
105,0.6458333333333334,0.6696428571428572,0.5446428571428572,0.7232142857142857,0.1785714285714285,0.07482026839271744,3,3_of_3,False,False,False,0.7232142857142857,0.6696428571428572,0.5446428571428572,0.875,0.625,0.375,0.5714285714285714,0.7142857142857143,0.7142857142857143,0.625,0.6666666666666666,0.04166666666666663,5,45,0.1111111111111111,0.13333333333333333,0.06666666666666667,0.13333333333333333,0.6795634920634921,0.03373015873015872,post_hoc_descriptive_reliability
106,0.6428571428571429,0.6517857142857143,0.6071428571428572,0.6696428571428572,0.0625,0.02628500257835668,3,3_of_3,True,False,False,0.6696428571428572,0.6517857142857143,0.6071428571428572,0.7142857142857143,0.875,0.5,0.625,0.42857142857142855,0.7142857142857143,0.6956521739130435,0.5909090909090909,-0.10474308300395252,8,45,0.17777777777777778,0.3333333333333333,0.06666666666666667,0.13333333333333333,0.5777777777777778,-0.06507936507936507,post_hoc_descriptive_reliability
107,0.6577380952380952,0.5982142857142857,0.5892857142857143,0.7857142857142857,0.1964285714285714,0.09056621461132702,3,3_of_3,False,False,False,0.5892857142857143,0.5982142857142857,0.7857142857142857,0.42857142857142855,0.625,0.5714285714285714,0.75,0.5714285714285714,1.0,0.5454545454545454,0.782608695652174,0.23715415019762853,6,45,0.13333333333333333,0.06666666666666667,0.13333333333333333,0.2,0.5982142857142857,-0.059523809523809534,post_hoc_descriptive_reliability
108,0.5654761904761906,0.5446428571428572,0.5267857142857143,0.625,0.0982142857142857,0.04271636932859321,3,3_of_3,False,False,False,0.5446428571428572,0.5267857142857143,0.625,0.7142857142857143,0.42857142857142855,0.25,0.375,0.625,1.0,0.45454545454545453,0.6521739130434783,0.19762845849802374,5,45,0.1111111111111111,0.13333333333333333,0.0,0.2,0.625,0.05952380952380942,post_hoc_descriptive_reliability
109,0.5863095238095238,0.6517857142857143,0.41964285714285715,0.6875,0.26785714285714285,0.1187496270432143,2,2_of_3,False,True,False,0.41964285714285715,0.6517857142857143,0.6875,0.125,0.875,1.0,0.7142857142857143,0.42857142857142855,0.375,0.6521739130434783,0.5,-0.15217391304347827,7,45,0.15555555555555556,0.13333333333333333,0.2,0.13333333333333333,0.4373015873015873,-0.14900793650793653,post_hoc_descriptive_reliability
