affine_invariant_covariance_distance,analysis_role,channel_count,covariance_estimator,labels_used_for_distance,source_edf_count,subject,test_observation_count,test_run,test_trial_count,trace_normalized,train_observation_count,train_trial_count,training_runs,held_out_balanced_accuracy
8.350909386065256,post_hoc_label_independent_run_shift,64,LedoitWolf_assume_centered_after_trial_demeaning,False,3,21,4800,6,15,False,9600,30,10/14,0.5714285714285714
6.171569704127437,post_hoc_label_independent_run_shift,64,LedoitWolf_assume_centered_after_trial_demeaning,False,3,21,4800,10,15,False,9600,30,6/14,0.5803571428571428
10.01517279290011,post_hoc_label_independent_run_shift,64,LedoitWolf_assume_centered_after_trial_demeaning,False,3,21,4800,14,15,False,9600,30,6/10,0.5446428571428572
4.962475301566385,post_hoc_label_independent_run_shift,64,LedoitWolf_assume_centered_after_trial_demeaning,False,3,22,4800,6,15,False,9600,30,10/14,0.6607142857142857
4.211524224923523,post_hoc_label_independent_run_shift,64,LedoitWolf_assume_centered_after_trial_demeaning,False,3,22,4800,10,15,False,9600,30,6/14,0.8660714285714286
4.054240282436024,post_hoc_label_independent_run_shift,64,LedoitWolf_assume_centered_after_trial_demeaning,False,3,22,4800,14,15,False,9600,30,6/10,0.6785714285714286
4.632894078856423,post_hoc_label_independent_run_shift,64,LedoitWolf_assume_centered_after_trial_demeaning,False,3,23,4800,6,15,False,9600,30,10/14,0.5089285714285714
4.428889918475481,post_hoc_label_independent_run_shift,64,LedoitWolf_assume_centered_after_trial_demeaning,False,3,23,4800,10,15,False,9600,30,6/14,0.5
6.339862961584206,post_hoc_label_independent_run_shift,64,LedoitWolf_assume_centered_after_trial_demeaning,False,3,23,4800,14,15,False,9600,30,6/10,0.5446428571428572
10.583185220620061,post_hoc_label_independent_run_shift,64,LedoitWolf_assume_centered_after_trial_demeaning,False,3,24,4800,6,15,False,9600,30,10/14,0.5
7.923500262907545,post_hoc_label_independent_run_shift,64,LedoitWolf_assume_centered_after_trial_demeaning,False,3,24,4800,10,15,False,9600,30,6/14,0.5803571428571428
8.216460200451795,post_hoc_label_independent_run_shift,64,LedoitWolf_assume_centered_after_trial_demeaning,False,3,24,4800,14,15,False,9600,30,6/10,0.26785714285714285
4.033326479603668,post_hoc_label_independent_run_shift,64,LedoitWolf_assume_centered_after_trial_demeaning,False,3,25,4800,6,15,False,9600,30,10/14,0.7142857142857143
3.374401389085916,post_hoc_label_independent_run_shift,64,LedoitWolf_assume_centered_after_trial_demeaning,False,3,25,4800,10,15,False,9600,30,6/14,0.7410714285714286
2.9421444354403614,post_hoc_label_independent_run_shift,64,LedoitWolf_assume_centered_after_trial_demeaning,False,3,25,4800,14,15,False,9600,30,6/10,0.8125
5.736539917575327,post_hoc_label_independent_run_shift,64,LedoitWolf_assume_centered_after_trial_demeaning,False,3,26,4800,6,15,False,9600,30,10/14,0.5
5.211771040667442,post_hoc_label_independent_run_shift,64,LedoitWolf_assume_centered_after_trial_demeaning,False,3,26,4800,10,15,False,9600,30,6/14,0.5
11.476452181173332,post_hoc_label_independent_run_shift,64,LedoitWolf_assume_centered_after_trial_demeaning,False,3,26,4800,14,15,False,9600,30,6/10,0.5
4.66906928592771,post_hoc_label_independent_run_shift,64,LedoitWolf_assume_centered_after_trial_demeaning,False,3,27,4800,6,15,False,9600,30,10/14,0.7232142857142857
5.361933847703301,post_hoc_label_independent_run_shift,64,LedoitWolf_assume_centered_after_trial_demeaning,False,3,27,4800,10,15,False,9600,30,6/14,0.5267857142857143
4.735079159476789,post_hoc_label_independent_run_shift,64,LedoitWolf_assume_centered_after_trial_demeaning,False,3,27,4800,14,15,False,9600,30,6/10,0.7232142857142857
3.4351550556357124,post_hoc_label_independent_run_shift,64,LedoitWolf_assume_centered_after_trial_demeaning,False,3,28,4800,6,15,False,9600,30,10/14,0.6875
3.154005074308697,post_hoc_label_independent_run_shift,64,LedoitWolf_assume_centered_after_trial_demeaning,False,3,28,4800,10,15,False,9600,30,6/14,0.49107142857142855
3.4464238661492907,post_hoc_label_independent_run_shift,64,LedoitWolf_assume_centered_after_trial_demeaning,False,3,28,4800,14,15,False,9600,30,6/10,0.5446428571428572
7.007325211051392,post_hoc_label_independent_run_shift,64,LedoitWolf_assume_centered_after_trial_demeaning,False,3,29,4800,6,15,False,9600,30,10/14,1.0
5.343177461431952,post_hoc_label_independent_run_shift,64,LedoitWolf_assume_centered_after_trial_demeaning,False,3,29,4800,10,15,False,9600,30,6/14,0.9375
6.219604420756417,post_hoc_label_independent_run_shift,64,LedoitWolf_assume_centered_after_trial_demeaning,False,3,29,4800,14,15,False,9600,30,6/10,1.0
3.50404318108296,post_hoc_label_independent_run_shift,64,LedoitWolf_assume_centered_after_trial_demeaning,False,3,30,4800,6,15,False,9600,30,10/14,0.5982142857142857
2.855417980789824,post_hoc_label_independent_run_shift,64,LedoitWolf_assume_centered_after_trial_demeaning,False,3,30,4800,10,15,False,9600,30,6/14,0.7232142857142857
4.156530290294614,post_hoc_label_independent_run_shift,64,LedoitWolf_assume_centered_after_trial_demeaning,False,3,30,4800,14,15,False,9600,30,6/10,0.6607142857142857
3.946234404694492,post_hoc_label_independent_run_shift,64,LedoitWolf_assume_centered_after_trial_demeaning,False,3,31,4800,6,15,False,9600,30,10/14,1.0
3.2651039179430263,post_hoc_label_independent_run_shift,64,LedoitWolf_assume_centered_after_trial_demeaning,False,3,31,4800,10,15,False,9600,30,6/14,0.7946428571428572
3.554887481169843,post_hoc_label_independent_run_shift,64,LedoitWolf_assume_centered_after_trial_demeaning,False,3,31,4800,14,15,False,9600,30,6/10,0.7410714285714286
6.941768902388333,post_hoc_label_independent_run_shift,64,LedoitWolf_assume_centered_after_trial_demeaning,False,3,32,4800,6,15,False,9600,30,10/14,0.6696428571428572
7.41436050699008,post_hoc_label_independent_run_shift,64,LedoitWolf_assume_centered_after_trial_demeaning,False,3,32,4800,10,15,False,9600,30,6/14,0.3839285714285714
8.684779416624945,post_hoc_label_independent_run_shift,64,LedoitWolf_assume_centered_after_trial_demeaning,False,3,32,4800,14,15,False,9600,30,6/10,0.5
3.540538316834853,post_hoc_label_independent_run_shift,64,LedoitWolf_assume_centered_after_trial_demeaning,False,3,33,4800,6,15,False,9600,30,10/14,0.7410714285714286
3.7764500956654983,post_hoc_label_independent_run_shift,64,LedoitWolf_assume_centered_after_trial_demeaning,False,3,33,4800,10,15,False,9600,30,6/14,0.6607142857142857
4.440753104075226,post_hoc_label_independent_run_shift,64,LedoitWolf_assume_centered_after_trial_demeaning,False,3,33,4800,14,15,False,9600,30,6/10,0.5892857142857143
3.5406901285680865,post_hoc_label_independent_run_shift,64,LedoitWolf_assume_centered_after_trial_demeaning,False,3,34,4480,6,14,False,8960,28,10/14,1.0
3.201195754215262,post_hoc_label_independent_run_shift,64,LedoitWolf_assume_centered_after_trial_demeaning,False,3,34,4480,10,14,False,8960,28,6/14,0.7142857142857143
5.818987483114154,post_hoc_label_independent_run_shift,64,LedoitWolf_assume_centered_after_trial_demeaning,False,3,34,4480,14,14,False,8960,28,6/10,0.9285714285714286
6.323155699984988,post_hoc_label_independent_run_shift,64,LedoitWolf_assume_centered_after_trial_demeaning,False,3,35,4800,6,15,False,9600,30,10/14,1.0
5.086814552296786,post_hoc_label_independent_run_shift,64,LedoitWolf_assume_centered_after_trial_demeaning,False,3,35,4800,10,15,False,9600,30,6/14,0.8571428571428572
4.984588718584085,post_hoc_label_independent_run_shift,64,LedoitWolf_assume_centered_after_trial_demeaning,False,3,35,4800,14,15,False,9600,30,6/10,1.0
3.698138291042587,post_hoc_label_independent_run_shift,64,LedoitWolf_assume_centered_after_trial_demeaning,False,3,36,4800,6,15,False,9600,30,10/14,0.7857142857142857
3.345456513207491,post_hoc_label_independent_run_shift,64,LedoitWolf_assume_centered_after_trial_demeaning,False,3,36,4800,10,15,False,9600,30,6/14,0.8660714285714286
3.5718786046906956,post_hoc_label_independent_run_shift,64,LedoitWolf_assume_centered_after_trial_demeaning,False,3,36,4800,14,15,False,9600,30,6/10,0.6696428571428572
6.682212962799124,post_hoc_label_independent_run_shift,64,LedoitWolf_assume_centered_after_trial_demeaning,False,3,37,4480,6,14,False,8960,28,10/14,0.5714285714285714
5.306193651749264,post_hoc_label_independent_run_shift,64,LedoitWolf_assume_centered_after_trial_demeaning,False,3,37,4480,10,14,False,8960,28,6/14,0.5
6.248603128041938,post_hoc_label_independent_run_shift,64,LedoitWolf_assume_centered_after_trial_demeaning,False,3,37,4480,14,14,False,8960,28,6/10,0.7857142857142857
6.518815559694563,post_hoc_label_independent_run_shift,64,LedoitWolf_assume_centered_after_trial_demeaning,False,3,38,4800,6,15,False,9600,30,10/14,0.5
5.220013789984049,post_hoc_label_independent_run_shift,64,LedoitWolf_assume_centered_after_trial_demeaning,False,3,38,4800,10,15,False,9600,30,6/14,0.5446428571428572
3.9030211084525073,post_hoc_label_independent_run_shift,64,LedoitWolf_assume_centered_after_trial_demeaning,False,3,38,4800,14,15,False,9600,30,6/10,0.5357142857142857
5.875898505520678,post_hoc_label_independent_run_shift,64,LedoitWolf_assume_centered_after_trial_demeaning,False,3,39,4800,6,15,False,9600,30,10/14,0.5625
3.1665733475959303,post_hoc_label_independent_run_shift,64,LedoitWolf_assume_centered_after_trial_demeaning,False,3,39,4800,10,15,False,9600,30,6/14,0.6785714285714286
3.4796260057864807,post_hoc_label_independent_run_shift,64,LedoitWolf_assume_centered_after_trial_demeaning,False,3,39,4800,14,15,False,9600,30,6/10,0.5892857142857143
3.2728657298003663,post_hoc_label_independent_run_shift,64,LedoitWolf_assume_centered_after_trial_demeaning,False,3,40,4800,6,15,False,9600,30,10/14,0.5
2.845379160133722,post_hoc_label_independent_run_shift,64,LedoitWolf_assume_centered_after_trial_demeaning,False,3,40,4800,10,15,False,9600,30,6/14,0.5803571428571428
3.332273534662352,post_hoc_label_independent_run_shift,64,LedoitWolf_assume_centered_after_trial_demeaning,False,3,40,4800,14,15,False,9600,30,6/10,0.6428571428571428
4.052201015595839,post_hoc_label_independent_run_shift,64,LedoitWolf_assume_centered_after_trial_demeaning,False,3,41,4480,6,14,False,8960,28,10/14,0.5714285714285714
4.1088550613256265,post_hoc_label_independent_run_shift,64,LedoitWolf_assume_centered_after_trial_demeaning,False,3,41,4480,10,14,False,8960,28,6/14,0.5
5.227036119961515,post_hoc_label_independent_run_shift,64,LedoitWolf_assume_centered_after_trial_demeaning,False,3,41,4480,14,14,False,8960,28,6/10,0.5714285714285714
3.3624404978054794,post_hoc_label_independent_run_shift,64,LedoitWolf_assume_centered_after_trial_demeaning,False,3,42,4800,6,15,False,9600,30,10/14,1.0
3.83629970246005,post_hoc_label_independent_run_shift,64,LedoitWolf_assume_centered_after_trial_demeaning,False,3,42,4800,10,15,False,9600,30,6/14,1.0
4.178078825556756,post_hoc_label_independent_run_shift,64,LedoitWolf_assume_centered_after_trial_demeaning,False,3,42,4800,14,15,False,9600,30,6/10,0.9375
6.3999140600924225,post_hoc_label_independent_run_shift,64,LedoitWolf_assume_centered_after_trial_demeaning,False,3,43,4800,6,15,False,9600,30,10/14,0.8571428571428572
2.976692512818568,post_hoc_label_independent_run_shift,64,LedoitWolf_assume_centered_after_trial_demeaning,False,3,43,4800,10,15,False,9600,30,6/14,1.0
3.772605532338467,post_hoc_label_independent_run_shift,64,LedoitWolf_assume_centered_after_trial_demeaning,False,3,43,4800,14,15,False,9600,30,6/10,1.0
4.3019308904419775,post_hoc_label_independent_run_shift,64,LedoitWolf_assume_centered_after_trial_demeaning,False,3,44,4800,6,15,False,9600,30,10/14,0.8035714285714286
4.322989678055887,post_hoc_label_independent_run_shift,64,LedoitWolf_assume_centered_after_trial_demeaning,False,3,44,4800,10,15,False,9600,30,6/14,0.6607142857142857
3.553182661201889,post_hoc_label_independent_run_shift,64,LedoitWolf_assume_centered_after_trial_demeaning,False,3,44,4800,14,15,False,9600,30,6/10,0.8035714285714286
7.001552533496109,post_hoc_label_independent_run_shift,64,LedoitWolf_assume_centered_after_trial_demeaning,False,3,45,4800,6,15,False,9600,30,10/14,0.5
5.349762158178962,post_hoc_label_independent_run_shift,64,LedoitWolf_assume_centered_after_trial_demeaning,False,3,45,4800,10,15,False,9600,30,6/14,0.5803571428571428
5.970175822438703,post_hoc_label_independent_run_shift,64,LedoitWolf_assume_centered_after_trial_demeaning,False,3,45,4800,14,15,False,9600,30,6/10,0.6696428571428572
2.6959858216066483,post_hoc_label_independent_run_shift,64,LedoitWolf_assume_centered_after_trial_demeaning,False,3,46,4800,6,15,False,9600,30,10/14,0.7321428571428572
2.570981083670828,post_hoc_label_independent_run_shift,64,LedoitWolf_assume_centered_after_trial_demeaning,False,3,46,4800,10,15,False,9600,30,6/14,0.6785714285714286
2.705098466363976,post_hoc_label_independent_run_shift,64,LedoitWolf_assume_centered_after_trial_demeaning,False,3,46,4800,14,15,False,9600,30,6/10,0.6607142857142857
4.425633715226662,post_hoc_label_independent_run_shift,64,LedoitWolf_assume_centered_after_trial_demeaning,False,3,47,4800,6,15,False,9600,30,10/14,0.35714285714285715
4.068683236395807,post_hoc_label_independent_run_shift,64,LedoitWolf_assume_centered_after_trial_demeaning,False,3,47,4800,10,15,False,9600,30,6/14,0.3392857142857143
4.714600809322941,post_hoc_label_independent_run_shift,64,LedoitWolf_assume_centered_after_trial_demeaning,False,3,47,4800,14,15,False,9600,30,6/10,0.5892857142857143
5.809721854053188,post_hoc_label_independent_run_shift,64,LedoitWolf_assume_centered_after_trial_demeaning,False,3,48,4800,6,15,False,9600,30,10/14,0.7946428571428572
7.263638573506243,post_hoc_label_independent_run_shift,64,LedoitWolf_assume_centered_after_trial_demeaning,False,3,48,4800,10,15,False,9600,30,6/14,0.7232142857142857
8.800137106902936,post_hoc_label_independent_run_shift,64,LedoitWolf_assume_centered_after_trial_demeaning,False,3,48,4800,14,15,False,9600,30,6/10,0.8571428571428572
6.748602672399871,post_hoc_label_independent_run_shift,64,LedoitWolf_assume_centered_after_trial_demeaning,False,3,49,4800,6,15,False,9600,30,10/14,0.7321428571428572
5.165459162263468,post_hoc_label_independent_run_shift,64,LedoitWolf_assume_centered_after_trial_demeaning,False,3,49,4800,10,15,False,9600,30,6/14,0.5714285714285714
7.5814867307221565,post_hoc_label_independent_run_shift,64,LedoitWolf_assume_centered_after_trial_demeaning,False,3,49,4800,14,15,False,9600,30,6/10,0.7142857142857143
4.032624187299447,post_hoc_label_independent_run_shift,64,LedoitWolf_assume_centered_after_trial_demeaning,False,3,50,4800,6,15,False,9600,30,10/14,0.6607142857142857
3.1757323240464883,post_hoc_label_independent_run_shift,64,LedoitWolf_assume_centered_after_trial_demeaning,False,3,50,4800,10,15,False,9600,30,6/14,0.6517857142857143
3.6466190026147878,post_hoc_label_independent_run_shift,64,LedoitWolf_assume_centered_after_trial_demeaning,False,3,50,4800,14,15,False,9600,30,6/10,0.6875
4.508943702677524,post_hoc_label_independent_run_shift,64,LedoitWolf_assume_centered_after_trial_demeaning,False,3,51,4480,6,14,False,8960,28,10/14,0.7142857142857143
3.3545055614022576,post_hoc_label_independent_run_shift,64,LedoitWolf_assume_centered_after_trial_demeaning,False,3,51,4480,10,14,False,8960,28,6/14,0.6428571428571428
4.2768842198149954,post_hoc_label_independent_run_shift,64,LedoitWolf_assume_centered_after_trial_demeaning,False,3,51,4480,14,14,False,8960,28,6/10,0.5714285714285714
3.5462685748619087,post_hoc_label_independent_run_shift,64,LedoitWolf_assume_centered_after_trial_demeaning,False,3,52,4800,6,15,False,9600,30,10/14,0.9375
3.096847527364245,post_hoc_label_independent_run_shift,64,LedoitWolf_assume_centered_after_trial_demeaning,False,3,52,4800,10,15,False,9600,30,6/14,0.7946428571428572
3.1769580099013806,post_hoc_label_independent_run_shift,64,LedoitWolf_assume_centered_after_trial_demeaning,False,3,52,4800,14,15,False,9600,30,6/10,0.8035714285714286
4.453894997001699,post_hoc_label_independent_run_shift,64,LedoitWolf_assume_centered_after_trial_demeaning,False,3,53,4800,6,15,False,9600,30,10/14,0.5357142857142857
4.272040394406538,post_hoc_label_independent_run_shift,64,LedoitWolf_assume_centered_after_trial_demeaning,False,3,53,4800,10,15,False,9600,30,6/14,0.41964285714285715
4.667732001624848,post_hoc_label_independent_run_shift,64,LedoitWolf_assume_centered_after_trial_demeaning,False,3,53,4800,14,15,False,9600,30,6/10,0.4375
2.9271124456866695,post_hoc_label_independent_run_shift,64,LedoitWolf_assume_centered_after_trial_demeaning,False,3,54,4800,6,15,False,9600,30,10/14,0.7857142857142857
3.571796033011163,post_hoc_label_independent_run_shift,64,LedoitWolf_assume_centered_after_trial_demeaning,False,3,54,4800,10,15,False,9600,30,6/14,0.5446428571428572
3.644711395084283,post_hoc_label_independent_run_shift,64,LedoitWolf_assume_centered_after_trial_demeaning,False,3,54,4800,14,15,False,9600,30,6/10,0.7232142857142857
3.898388098313507,post_hoc_label_independent_run_shift,64,LedoitWolf_assume_centered_after_trial_demeaning,False,3,55,4800,6,15,False,9600,30,10/14,1.0
3.828627757157505,post_hoc_label_independent_run_shift,64,LedoitWolf_assume_centered_after_trial_demeaning,False,3,55,4800,10,15,False,9600,30,6/14,0.9285714285714286
3.1023652621974627,post_hoc_label_independent_run_shift,64,LedoitWolf_assume_centered_after_trial_demeaning,False,3,55,4800,14,15,False,9600,30,6/10,0.9285714285714286
3.648902740546502,post_hoc_label_independent_run_shift,64,LedoitWolf_assume_centered_after_trial_demeaning,False,3,56,4800,6,15,False,9600,30,10/14,0.6785714285714286
4.007826730248651,post_hoc_label_independent_run_shift,64,LedoitWolf_assume_centered_after_trial_demeaning,False,3,56,4800,10,15,False,9600,30,6/14,0.9375
4.4248629008706235,post_hoc_label_independent_run_shift,64,LedoitWolf_assume_centered_after_trial_demeaning,False,3,56,4800,14,15,False,9600,30,6/10,0.9285714285714286
4.120083518795685,post_hoc_label_independent_run_shift,64,LedoitWolf_assume_centered_after_trial_demeaning,False,3,57,4800,6,15,False,9600,30,10/14,0.6696428571428572
4.072479716539194,post_hoc_label_independent_run_shift,64,LedoitWolf_assume_centered_after_trial_demeaning,False,3,57,4800,10,15,False,9600,30,6/14,0.5892857142857143
3.4649894343055405,post_hoc_label_independent_run_shift,64,LedoitWolf_assume_centered_after_trial_demeaning,False,3,57,4800,14,15,False,9600,30,6/10,0.5982142857142857
4.233374871503182,post_hoc_label_independent_run_shift,64,LedoitWolf_assume_centered_after_trial_demeaning,False,3,58,4800,6,15,False,9600,30,10/14,0.6696428571428572
3.248778212259962,post_hoc_label_independent_run_shift,64,LedoitWolf_assume_centered_after_trial_demeaning,False,3,58,4800,10,15,False,9600,30,6/14,0.7321428571428572
3.992377174521641,post_hoc_label_independent_run_shift,64,LedoitWolf_assume_centered_after_trial_demeaning,False,3,58,4800,14,15,False,9600,30,6/10,0.7946428571428572
4.769747274004495,post_hoc_label_independent_run_shift,64,LedoitWolf_assume_centered_after_trial_demeaning,False,3,59,4800,6,15,False,9600,30,10/14,0.4642857142857143
3.4191940027056593,post_hoc_label_independent_run_shift,64,LedoitWolf_assume_centered_after_trial_demeaning,False,3,59,4800,10,15,False,9600,30,6/14,0.5178571428571428
4.446956824522919,post_hoc_label_independent_run_shift,64,LedoitWolf_assume_centered_after_trial_demeaning,False,3,59,4800,14,15,False,9600,30,6/10,0.5714285714285714
3.811312383522123,post_hoc_label_independent_run_shift,64,LedoitWolf_assume_centered_after_trial_demeaning,False,3,60,4800,6,15,False,9600,30,10/14,0.875
3.5480812592252997,post_hoc_label_independent_run_shift,64,LedoitWolf_assume_centered_after_trial_demeaning,False,3,60,4800,10,15,False,9600,30,6/14,0.5803571428571428
5.324988463480782,post_hoc_label_independent_run_shift,64,LedoitWolf_assume_centered_after_trial_demeaning,False,3,60,4800,14,15,False,9600,30,6/10,0.8660714285714286
4.240814674406852,post_hoc_label_independent_run_shift,64,LedoitWolf_assume_centered_after_trial_demeaning,False,3,61,4800,6,15,False,9600,30,10/14,0.7232142857142857
3.38726314196779,post_hoc_label_independent_run_shift,64,LedoitWolf_assume_centered_after_trial_demeaning,False,3,61,4800,10,15,False,9600,30,6/14,0.6071428571428572
3.3094466969685015,post_hoc_label_independent_run_shift,64,LedoitWolf_assume_centered_after_trial_demeaning,False,3,61,4800,14,15,False,9600,30,6/10,0.7410714285714286
7.377327592737132,post_hoc_label_independent_run_shift,64,LedoitWolf_assume_centered_after_trial_demeaning,False,3,62,4800,6,15,False,9600,30,10/14,0.75
5.885429440409395,post_hoc_label_independent_run_shift,64,LedoitWolf_assume_centered_after_trial_demeaning,False,3,62,4800,10,15,False,9600,30,6/14,1.0
6.1817391127223225,post_hoc_label_independent_run_shift,64,LedoitWolf_assume_centered_after_trial_demeaning,False,3,62,4800,14,15,False,9600,30,6/10,0.9375
5.191086832507621,post_hoc_label_independent_run_shift,64,LedoitWolf_assume_centered_after_trial_demeaning,False,3,63,4800,6,15,False,9600,30,10/14,0.4375
7.654607562882736,post_hoc_label_independent_run_shift,64,LedoitWolf_assume_centered_after_trial_demeaning,False,3,63,4800,10,15,False,9600,30,6/14,0.6607142857142857
6.1785958678574735,post_hoc_label_independent_run_shift,64,LedoitWolf_assume_centered_after_trial_demeaning,False,3,63,4800,14,15,False,9600,30,6/10,0.5
3.2517241353921924,post_hoc_label_independent_run_shift,64,LedoitWolf_assume_centered_after_trial_demeaning,False,3,64,4480,6,14,False,8960,28,10/14,0.42857142857142855
3.717599427940147,post_hoc_label_independent_run_shift,64,LedoitWolf_assume_centered_after_trial_demeaning,False,3,64,4480,10,14,False,8960,28,6/14,0.4285714285714286
3.491371992410312,post_hoc_label_independent_run_shift,64,LedoitWolf_assume_centered_after_trial_demeaning,False,3,64,4480,14,14,False,8960,28,6/10,0.5714285714285714
3.4369330972538963,post_hoc_label_independent_run_shift,64,LedoitWolf_assume_centered_after_trial_demeaning,False,3,65,4800,6,15,False,9600,30,10/14,0.4107142857142857
3.123952613782087,post_hoc_label_independent_run_shift,64,LedoitWolf_assume_centered_after_trial_demeaning,False,3,65,4800,10,15,False,9600,30,6/14,0.5982142857142857
3.3188961510422583,post_hoc_label_independent_run_shift,64,LedoitWolf_assume_centered_after_trial_demeaning,False,3,65,4800,14,15,False,9600,30,6/10,0.5178571428571428
4.690489976112002,post_hoc_label_independent_run_shift,64,LedoitWolf_assume_centered_after_trial_demeaning,False,3,66,4800,6,15,False,9600,30,10/14,0.48214285714285715
4.683602527719121,post_hoc_label_independent_run_shift,64,LedoitWolf_assume_centered_after_trial_demeaning,False,3,66,4800,10,15,False,9600,30,6/14,0.5446428571428572
5.316374696514995,post_hoc_label_independent_run_shift,64,LedoitWolf_assume_centered_after_trial_demeaning,False,3,66,4800,14,15,False,9600,30,6/10,0.6785714285714286
7.332068736215429,post_hoc_label_independent_run_shift,64,LedoitWolf_assume_centered_after_trial_demeaning,False,3,67,4800,6,15,False,9600,30,10/14,0.5
6.88950121139081,post_hoc_label_independent_run_shift,64,LedoitWolf_assume_centered_after_trial_demeaning,False,3,67,4800,10,15,False,9600,30,6/14,0.5
7.562328655359899,post_hoc_label_independent_run_shift,64,LedoitWolf_assume_centered_after_trial_demeaning,False,3,67,4800,14,15,False,9600,30,6/10,0.6696428571428572
2.666883501021763,post_hoc_label_independent_run_shift,64,LedoitWolf_assume_centered_after_trial_demeaning,False,3,68,4800,6,15,False,9600,30,10/14,0.6696428571428572
4.114473683598933,post_hoc_label_independent_run_shift,64,LedoitWolf_assume_centered_after_trial_demeaning,False,3,68,4800,10,15,False,9600,30,6/14,0.6160714285714286
4.188427660233858,post_hoc_label_independent_run_shift,64,LedoitWolf_assume_centered_after_trial_demeaning,False,3,68,4800,14,15,False,9600,30,6/10,0.6071428571428572
3.2187150714127704,post_hoc_label_independent_run_shift,64,LedoitWolf_assume_centered_after_trial_demeaning,False,3,69,4800,6,15,False,9600,30,10/14,0.6517857142857143
2.7226627248198603,post_hoc_label_independent_run_shift,64,LedoitWolf_assume_centered_after_trial_demeaning,False,3,69,4800,10,15,False,9600,30,6/14,0.5982142857142857
3.2769468866069444,post_hoc_label_independent_run_shift,64,LedoitWolf_assume_centered_after_trial_demeaning,False,3,69,4800,14,15,False,9600,30,6/10,0.8035714285714286
3.9614816115350533,post_hoc_label_independent_run_shift,64,LedoitWolf_assume_centered_after_trial_demeaning,False,3,70,4800,6,15,False,9600,30,10/14,0.9375
2.7501510584489486,post_hoc_label_independent_run_shift,64,LedoitWolf_assume_centered_after_trial_demeaning,False,3,70,4800,10,15,False,9600,30,6/14,0.9285714285714286
3.292354821584414,post_hoc_label_independent_run_shift,64,LedoitWolf_assume_centered_after_trial_demeaning,False,3,70,4800,14,15,False,9600,30,6/10,1.0
8.27338996245031,post_hoc_label_independent_run_shift,64,LedoitWolf_assume_centered_after_trial_demeaning,False,3,71,4800,6,15,False,9600,30,10/14,0.9375
2.9290421000134965,post_hoc_label_independent_run_shift,64,LedoitWolf_assume_centered_after_trial_demeaning,False,3,71,4800,10,15,False,9600,30,6/14,0.875
5.420790323132719,post_hoc_label_independent_run_shift,64,LedoitWolf_assume_centered_after_trial_demeaning,False,3,71,4800,14,15,False,9600,30,6/10,0.7857142857142857
5.987604940835856,post_hoc_label_independent_run_shift,64,LedoitWolf_assume_centered_after_trial_demeaning,False,3,72,4480,6,14,False,8960,28,10/14,1.0
5.829306269403353,post_hoc_label_independent_run_shift,64,LedoitWolf_assume_centered_after_trial_demeaning,False,3,72,4480,10,14,False,8960,28,6/14,0.9285714285714286
5.495546512899307,post_hoc_label_independent_run_shift,64,LedoitWolf_assume_centered_after_trial_demeaning,False,3,72,4480,14,14,False,8960,28,6/10,1.0
5.174983015662835,post_hoc_label_independent_run_shift,64,LedoitWolf_assume_centered_after_trial_demeaning,False,3,73,4480,6,14,False,8960,28,10/14,0.8571428571428572
5.799101531867875,post_hoc_label_independent_run_shift,64,LedoitWolf_assume_centered_after_trial_demeaning,False,3,73,4480,10,14,False,8960,28,6/14,0.7857142857142857
4.021824933947854,post_hoc_label_independent_run_shift,64,LedoitWolf_assume_centered_after_trial_demeaning,False,3,73,4480,14,14,False,8960,28,6/10,0.8571428571428571
9.537843818075658,post_hoc_label_independent_run_shift,64,LedoitWolf_assume_centered_after_trial_demeaning,False,3,74,4480,6,14,False,8960,28,10/14,0.5
9.046215455463583,post_hoc_label_independent_run_shift,64,LedoitWolf_assume_centered_after_trial_demeaning,False,3,74,4480,10,14,False,8960,28,6/14,0.5
6.729809509876996,post_hoc_label_independent_run_shift,64,LedoitWolf_assume_centered_after_trial_demeaning,False,3,74,4480,14,14,False,8960,28,6/10,0.5
3.675322781969786,post_hoc_label_independent_run_shift,64,LedoitWolf_assume_centered_after_trial_demeaning,False,3,75,4800,6,15,False,9600,30,10/14,0.8035714285714286
3.2211998257883194,post_hoc_label_independent_run_shift,64,LedoitWolf_assume_centered_after_trial_demeaning,False,3,75,4800,10,15,False,9600,30,6/14,0.4642857142857143
3.743773981295036,post_hoc_label_independent_run_shift,64,LedoitWolf_assume_centered_after_trial_demeaning,False,3,75,4800,14,15,False,9600,30,6/10,0.8035714285714286
6.101323241285396,post_hoc_label_independent_run_shift,64,LedoitWolf_assume_centered_after_trial_demeaning,False,3,76,4480,6,14,False,8960,28,10/14,0.5
5.858716960457764,post_hoc_label_independent_run_shift,64,LedoitWolf_assume_centered_after_trial_demeaning,False,3,76,4480,10,14,False,8960,28,6/14,0.5
4.699609802139446,post_hoc_label_independent_run_shift,64,LedoitWolf_assume_centered_after_trial_demeaning,False,3,76,4480,14,14,False,8960,28,6/10,0.5
6.53747218940056,post_hoc_label_independent_run_shift,64,LedoitWolf_assume_centered_after_trial_demeaning,False,3,77,4800,6,15,False,9600,30,10/14,0.5
4.027288853803466,post_hoc_label_independent_run_shift,64,LedoitWolf_assume_centered_after_trial_demeaning,False,3,77,4800,10,15,False,9600,30,6/14,0.41964285714285715
6.590705394331604,post_hoc_label_independent_run_shift,64,LedoitWolf_assume_centered_after_trial_demeaning,False,3,77,4800,14,15,False,9600,30,6/10,0.3392857142857143
3.8076363082118694,post_hoc_label_independent_run_shift,64,LedoitWolf_assume_centered_after_trial_demeaning,False,3,78,4800,6,15,False,9600,30,10/14,0.6160714285714286
3.185648439027792,post_hoc_label_independent_run_shift,64,LedoitWolf_assume_centered_after_trial_demeaning,False,3,78,4800,10,15,False,9600,30,6/14,0.41964285714285715
3.96142204791592,post_hoc_label_independent_run_shift,64,LedoitWolf_assume_centered_after_trial_demeaning,False,3,78,4800,14,15,False,9600,30,6/10,0.4464285714285714
4.134405869125871,post_hoc_label_independent_run_shift,64,LedoitWolf_assume_centered_after_trial_demeaning,False,3,79,4800,6,15,False,9600,30,10/14,0.8660714285714286
4.015621234383018,post_hoc_label_independent_run_shift,64,LedoitWolf_assume_centered_after_trial_demeaning,False,3,79,4800,10,15,False,9600,30,6/14,0.7321428571428572
5.878963377926699,post_hoc_label_independent_run_shift,64,LedoitWolf_assume_centered_after_trial_demeaning,False,3,79,4800,14,15,False,9600,30,6/10,0.5446428571428572
4.177620365820412,post_hoc_label_independent_run_shift,64,LedoitWolf_assume_centered_after_trial_demeaning,False,3,80,4800,6,15,False,9600,30,10/14,0.625
4.052944029612504,post_hoc_label_independent_run_shift,64,LedoitWolf_assume_centered_after_trial_demeaning,False,3,80,4800,10,15,False,9600,30,6/14,0.5892857142857143
3.623715242825255,post_hoc_label_independent_run_shift,64,LedoitWolf_assume_centered_after_trial_demeaning,False,3,80,4800,14,15,False,9600,30,6/10,0.5357142857142857
3.4446908920690573,post_hoc_label_independent_run_shift,64,LedoitWolf_assume_centered_after_trial_demeaning,False,3,81,4800,6,15,False,9600,30,10/14,0.4375
3.0199806477173006,post_hoc_label_independent_run_shift,64,LedoitWolf_assume_centered_after_trial_demeaning,False,3,81,4800,10,15,False,9600,30,6/14,0.625
4.033665793062077,post_hoc_label_independent_run_shift,64,LedoitWolf_assume_centered_after_trial_demeaning,False,3,81,4800,14,15,False,9600,30,6/10,0.8035714285714286
7.12743829727353,post_hoc_label_independent_run_shift,64,LedoitWolf_assume_centered_after_trial_demeaning,False,3,82,4800,6,15,False,9600,30,10/14,0.5357142857142857
6.395492205274664,post_hoc_label_independent_run_shift,64,LedoitWolf_assume_centered_after_trial_demeaning,False,3,82,4800,10,15,False,9600,30,6/14,0.6607142857142857
5.665753459367118,post_hoc_label_independent_run_shift,64,LedoitWolf_assume_centered_after_trial_demeaning,False,3,82,4800,14,15,False,9600,30,6/10,0.6607142857142857
3.9938720640520304,post_hoc_label_independent_run_shift,64,LedoitWolf_assume_centered_after_trial_demeaning,False,3,83,4800,6,15,False,9600,30,10/14,0.5
4.563871698422056,post_hoc_label_independent_run_shift,64,LedoitWolf_assume_centered_after_trial_demeaning,False,3,83,4800,10,15,False,9600,30,6/14,0.8660714285714286
3.097824181294634,post_hoc_label_independent_run_shift,64,LedoitWolf_assume_centered_after_trial_demeaning,False,3,83,4800,14,15,False,9600,30,6/10,0.5892857142857143
5.885061576076056,post_hoc_label_independent_run_shift,64,LedoitWolf_assume_centered_after_trial_demeaning,False,3,84,4800,6,15,False,9600,30,10/14,0.5982142857142857
5.514323109393039,post_hoc_label_independent_run_shift,64,LedoitWolf_assume_centered_after_trial_demeaning,False,3,84,4800,10,15,False,9600,30,6/14,0.5625
7.936308155684018,post_hoc_label_independent_run_shift,64,LedoitWolf_assume_centered_after_trial_demeaning,False,3,84,4800,14,15,False,9600,30,6/10,0.6160714285714286
3.3167628280835086,post_hoc_label_independent_run_shift,64,LedoitWolf_assume_centered_after_trial_demeaning,False,3,85,4800,6,15,False,9600,30,10/14,0.875
2.9296255124420307,post_hoc_label_independent_run_shift,64,LedoitWolf_assume_centered_after_trial_demeaning,False,3,85,4800,10,15,False,9600,30,6/14,1.0
3.3833027016012074,post_hoc_label_independent_run_shift,64,LedoitWolf_assume_centered_after_trial_demeaning,False,3,85,4800,14,15,False,9600,30,6/10,0.9375
5.40215992354131,post_hoc_label_independent_run_shift,64,LedoitWolf_assume_centered_after_trial_demeaning,False,3,86,4800,6,15,False,9600,30,10/14,0.5714285714285714
3.9813137482047143,post_hoc_label_independent_run_shift,64,LedoitWolf_assume_centered_after_trial_demeaning,False,3,86,4800,10,15,False,9600,30,6/14,1.0
4.031408783302603,post_hoc_label_independent_run_shift,64,LedoitWolf_assume_centered_after_trial_demeaning,False,3,86,4800,14,15,False,9600,30,6/10,0.8125
3.809239078193408,post_hoc_label_independent_run_shift,64,LedoitWolf_assume_centered_after_trial_demeaning,False,3,87,4800,6,15,False,9600,30,10/14,0.6785714285714286
3.43935049651789,post_hoc_label_independent_run_shift,64,LedoitWolf_assume_centered_after_trial_demeaning,False,3,87,4800,10,15,False,9600,30,6/14,0.5446428571428572
3.550511671300095,post_hoc_label_independent_run_shift,64,LedoitWolf_assume_centered_after_trial_demeaning,False,3,87,4800,14,15,False,9600,30,6/10,0.7857142857142857
4.965397235262043,post_hoc_label_independent_run_shift,64,LedoitWolf_assume_centered_after_trial_demeaning,False,3,89,4800,6,15,False,9600,30,10/14,0.5
4.397918872695252,post_hoc_label_independent_run_shift,64,LedoitWolf_assume_centered_after_trial_demeaning,False,3,89,4800,10,15,False,9600,30,6/14,0.33035714285714285
3.815280678087715,post_hoc_label_independent_run_shift,64,LedoitWolf_assume_centered_after_trial_demeaning,False,3,89,4800,14,15,False,9600,30,6/10,0.6517857142857143
4.2136341595411855,post_hoc_label_independent_run_shift,64,LedoitWolf_assume_centered_after_trial_demeaning,False,3,90,4800,6,15,False,9600,30,10/14,0.6785714285714286
3.4077156091563583,post_hoc_label_independent_run_shift,64,LedoitWolf_assume_centered_after_trial_demeaning,False,3,90,4800,10,15,False,9600,30,6/14,0.6160714285714286
4.14699599047415,post_hoc_label_independent_run_shift,64,LedoitWolf_assume_centered_after_trial_demeaning,False,3,90,4800,14,15,False,9600,30,6/10,0.4464285714285714
5.346467048977299,post_hoc_label_independent_run_shift,64,LedoitWolf_assume_centered_after_trial_demeaning,False,3,91,4800,6,15,False,9600,30,10/14,0.8660714285714286
4.5925006909563235,post_hoc_label_independent_run_shift,64,LedoitWolf_assume_centered_after_trial_demeaning,False,3,91,4800,10,15,False,9600,30,6/14,0.5803571428571428
4.931722001878941,post_hoc_label_independent_run_shift,64,LedoitWolf_assume_centered_after_trial_demeaning,False,3,91,4800,14,15,False,9600,30,6/10,0.8035714285714286
3.680454924948742,post_hoc_label_independent_run_shift,64,LedoitWolf_assume_centered_after_trial_demeaning,False,3,93,4800,6,15,False,9600,30,10/14,0.9285714285714286
3.225308173349974,post_hoc_label_independent_run_shift,64,LedoitWolf_assume_centered_after_trial_demeaning,False,3,93,4800,10,15,False,9600,30,6/14,0.9375
5.8478267438120985,post_hoc_label_independent_run_shift,64,LedoitWolf_assume_centered_after_trial_demeaning,False,3,93,4800,14,15,False,9600,30,6/10,0.8035714285714286
4.016029794114951,post_hoc_label_independent_run_shift,64,LedoitWolf_assume_centered_after_trial_demeaning,False,3,94,4800,6,15,False,9600,30,10/14,0.5714285714285714
2.907339242900087,post_hoc_label_independent_run_shift,64,LedoitWolf_assume_centered_after_trial_demeaning,False,3,94,4800,10,15,False,9600,30,6/14,0.7410714285714286
3.782235244536516,post_hoc_label_independent_run_shift,64,LedoitWolf_assume_centered_after_trial_demeaning,False,3,94,4800,14,15,False,9600,30,6/10,0.8035714285714286
7.507993359077565,post_hoc_label_independent_run_shift,64,LedoitWolf_assume_centered_after_trial_demeaning,False,3,95,4800,6,15,False,9600,30,10/14,0.875
8.597344626513252,post_hoc_label_independent_run_shift,64,LedoitWolf_assume_centered_after_trial_demeaning,False,3,95,4800,10,15,False,9600,30,6/14,0.5089285714285714
8.462129959261828,post_hoc_label_independent_run_shift,64,LedoitWolf_assume_centered_after_trial_demeaning,False,3,95,4800,14,15,False,9600,30,6/10,0.875
4.2413550926353585,post_hoc_label_independent_run_shift,64,LedoitWolf_assume_centered_after_trial_demeaning,False,3,96,4800,6,15,False,9600,30,10/14,0.5803571428571428
4.447618509695008,post_hoc_label_independent_run_shift,64,LedoitWolf_assume_centered_after_trial_demeaning,False,3,96,4800,10,15,False,9600,30,6/14,0.4375
3.9059395219485036,post_hoc_label_independent_run_shift,64,LedoitWolf_assume_centered_after_trial_demeaning,False,3,96,4800,14,15,False,9600,30,6/10,0.49107142857142855
2.8326837228817445,post_hoc_label_independent_run_shift,64,LedoitWolf_assume_centered_after_trial_demeaning,False,3,97,4800,6,15,False,9600,30,10/14,0.7321428571428572
2.804468670272267,post_hoc_label_independent_run_shift,64,LedoitWolf_assume_centered_after_trial_demeaning,False,3,97,4800,10,15,False,9600,30,6/14,0.8035714285714286
2.9960314429439756,post_hoc_label_independent_run_shift,64,LedoitWolf_assume_centered_after_trial_demeaning,False,3,97,4800,14,15,False,9600,30,6/10,0.875
5.423452772021968,post_hoc_label_independent_run_shift,64,LedoitWolf_assume_centered_after_trial_demeaning,False,3,98,4800,6,15,False,9600,30,10/14,0.9375
4.626363133342236,post_hoc_label_independent_run_shift,64,LedoitWolf_assume_centered_after_trial_demeaning,False,3,98,4800,10,15,False,9600,30,6/14,0.7946428571428572
5.604123696674229,post_hoc_label_independent_run_shift,64,LedoitWolf_assume_centered_after_trial_demeaning,False,3,98,4800,14,15,False,9600,30,6/10,0.5357142857142857
4.685063844790892,post_hoc_label_independent_run_shift,64,LedoitWolf_assume_centered_after_trial_demeaning,False,3,99,4800,6,15,False,9600,30,10/14,0.5267857142857143
3.8635416922456125,post_hoc_label_independent_run_shift,64,LedoitWolf_assume_centered_after_trial_demeaning,False,3,99,4800,10,15,False,9600,30,6/14,0.7410714285714286
5.163808252939404,post_hoc_label_independent_run_shift,64,LedoitWolf_assume_centered_after_trial_demeaning,False,3,99,4800,14,15,False,9600,30,6/10,0.6607142857142857
4.704087444413238,post_hoc_label_independent_run_shift,64,LedoitWolf_assume_centered_after_trial_demeaning,False,3,101,4800,6,15,False,9600,30,10/14,0.4107142857142857
2.799219405378439,post_hoc_label_independent_run_shift,64,LedoitWolf_assume_centered_after_trial_demeaning,False,3,101,4800,10,15,False,9600,30,6/14,0.4732142857142857
4.5277418138582,post_hoc_label_independent_run_shift,64,LedoitWolf_assume_centered_after_trial_demeaning,False,3,101,4800,14,15,False,9600,30,6/10,0.4375
5.103737605283575,post_hoc_label_independent_run_shift,64,LedoitWolf_assume_centered_after_trial_demeaning,False,3,102,4480,6,14,False,8960,28,10/14,0.5714285714285714
5.360900995862476,post_hoc_label_independent_run_shift,64,LedoitWolf_assume_centered_after_trial_demeaning,False,3,102,4480,10,14,False,8960,28,6/14,0.5
4.780466311347952,post_hoc_label_independent_run_shift,64,LedoitWolf_assume_centered_after_trial_demeaning,False,3,102,4480,14,14,False,8960,28,6/10,0.5
7.26788665136904,post_hoc_label_independent_run_shift,64,LedoitWolf_assume_centered_after_trial_demeaning,False,3,103,4800,6,15,False,9600,30,10/14,0.5178571428571428
8.15913251773541,post_hoc_label_independent_run_shift,64,LedoitWolf_assume_centered_after_trial_demeaning,False,3,103,4800,10,15,False,9600,30,6/14,0.625
7.896568084307387,post_hoc_label_independent_run_shift,64,LedoitWolf_assume_centered_after_trial_demeaning,False,3,103,4800,14,15,False,9600,30,6/10,0.9375
3.297408910239152,post_hoc_label_independent_run_shift,64,LedoitWolf_assume_centered_after_trial_demeaning,False,3,104,4800,6,15,False,9600,30,10/14,0.8660714285714286
2.6936866103538692,post_hoc_label_independent_run_shift,64,LedoitWolf_assume_centered_after_trial_demeaning,False,3,104,4800,10,15,False,9600,30,6/14,0.875
3.4256110743454595,post_hoc_label_independent_run_shift,64,LedoitWolf_assume_centered_after_trial_demeaning,False,3,104,4800,14,15,False,9600,30,6/10,0.5982142857142857
2.9997613918115356,post_hoc_label_independent_run_shift,64,LedoitWolf_assume_centered_after_trial_demeaning,False,3,105,4800,6,15,False,9600,30,10/14,0.7232142857142857
2.8442415545432316,post_hoc_label_independent_run_shift,64,LedoitWolf_assume_centered_after_trial_demeaning,False,3,105,4800,10,15,False,9600,30,6/14,0.6696428571428572
2.902773588995856,post_hoc_label_independent_run_shift,64,LedoitWolf_assume_centered_after_trial_demeaning,False,3,105,4800,14,15,False,9600,30,6/10,0.5446428571428572
4.353603884297677,post_hoc_label_independent_run_shift,64,LedoitWolf_assume_centered_after_trial_demeaning,False,3,106,4800,6,15,False,9600,30,10/14,0.6696428571428572
3.99009263260851,post_hoc_label_independent_run_shift,64,LedoitWolf_assume_centered_after_trial_demeaning,False,3,106,4800,10,15,False,9600,30,6/14,0.6517857142857143
4.015349875150893,post_hoc_label_independent_run_shift,64,LedoitWolf_assume_centered_after_trial_demeaning,False,3,106,4800,14,15,False,9600,30,6/10,0.6071428571428572
3.954100463511519,post_hoc_label_independent_run_shift,64,LedoitWolf_assume_centered_after_trial_demeaning,False,3,107,4800,6,15,False,9600,30,10/14,0.5892857142857143
4.264730119975242,post_hoc_label_independent_run_shift,64,LedoitWolf_assume_centered_after_trial_demeaning,False,3,107,4800,10,15,False,9600,30,6/14,0.5982142857142857
5.154645989666473,post_hoc_label_independent_run_shift,64,LedoitWolf_assume_centered_after_trial_demeaning,False,3,107,4800,14,15,False,9600,30,6/10,0.7857142857142857
5.209799214997392,post_hoc_label_independent_run_shift,64,LedoitWolf_assume_centered_after_trial_demeaning,False,3,108,4800,6,15,False,9600,30,10/14,0.5446428571428572
3.7125366377238214,post_hoc_label_independent_run_shift,64,LedoitWolf_assume_centered_after_trial_demeaning,False,3,108,4800,10,15,False,9600,30,6/14,0.5267857142857143
3.335578663535216,post_hoc_label_independent_run_shift,64,LedoitWolf_assume_centered_after_trial_demeaning,False,3,108,4800,14,15,False,9600,30,6/10,0.625
3.396458946930742,post_hoc_label_independent_run_shift,64,LedoitWolf_assume_centered_after_trial_demeaning,False,3,109,4800,6,15,False,9600,30,10/14,0.41964285714285715
3.2039918492056327,post_hoc_label_independent_run_shift,64,LedoitWolf_assume_centered_after_trial_demeaning,False,3,109,4800,10,15,False,9600,30,6/14,0.6517857142857143
3.311601063871449,post_hoc_label_independent_run_shift,64,LedoitWolf_assume_centered_after_trial_demeaning,False,3,109,4800,14,15,False,9600,30,6/10,0.6875
