development_fold,subject,model,test_run,balanced_accuracy,accuracy,fists_recall,feet_recall,true_fists_predicted_fists,true_fists_predicted_feet,true_feet_predicted_fists,true_feet_predicted_feet,trial_count,qc_sensitivity,training_subjects,target_adaptation_used
1,1,shrinkage_lda,6,0.35714285714285715,0.3333333333333333,0.7142857142857143,0.0,5,2,8,0,15,False,2/3/4/5/6/7/8/9/10/11/12/13/14/15/16/17/18/19/20,False
1,1,shrinkage_lda,10,0.5535714285714286,0.5333333333333333,0.8571428571428571,0.25,6,1,6,2,15,False,2/3/4/5/6/7/8/9/10/11/12/13/14/15/16/17/18/19/20,False
1,1,shrinkage_lda,14,0.6785714285714286,0.6666666666666666,0.8571428571428571,0.5,6,1,4,4,15,False,2/3/4/5/6/7/8/9/10/11/12/13/14/15/16/17/18/19/20,False
1,1,shrinkage_lda,6,0.5,0.45454545454545453,1.0,0.0,5,0,6,0,11,True,2/3/4/5/6/7/8/9/10/11/12/13/14/15/16/17/18/19/20,False
1,1,shrinkage_lda,10,0.5714285714285714,0.5714285714285714,0.8571428571428571,0.2857142857142857,6,1,5,2,14,True,2/3/4/5/6/7/8/9/10/11/12/13/14/15/16/17/18/19/20,False
1,1,shrinkage_lda,14,0.6428571428571428,0.6428571428571429,0.8571428571428571,0.42857142857142855,6,1,4,3,14,True,2/3/4/5/6/7/8/9/10/11/12/13/14/15/16/17/18/19/20,False
1,1,l2_logistic_regression,6,0.42857142857142855,0.4,0.8571428571428571,0.0,6,1,8,0,15,False,2/3/4/5/6/7/8/9/10/11/12/13/14/15/16/17/18/19/20,False
1,1,l2_logistic_regression,10,0.6160714285714286,0.6,0.8571428571428571,0.375,6,1,5,3,15,False,2/3/4/5/6/7/8/9/10/11/12/13/14/15/16/17/18/19/20,False
1,1,l2_logistic_regression,14,0.75,0.7333333333333333,1.0,0.5,7,0,4,4,15,False,2/3/4/5/6/7/8/9/10/11/12/13/14/15/16/17/18/19/20,False
1,1,l2_logistic_regression,6,0.5,0.45454545454545453,1.0,0.0,5,0,6,0,11,True,2/3/4/5/6/7/8/9/10/11/12/13/14/15/16/17/18/19/20,False
1,1,l2_logistic_regression,10,0.6428571428571428,0.6428571428571429,0.8571428571428571,0.42857142857142855,6,1,4,3,14,True,2/3/4/5/6/7/8/9/10/11/12/13/14/15/16/17/18/19/20,False
1,1,l2_logistic_regression,14,0.7142857142857143,0.7142857142857143,1.0,0.42857142857142855,7,0,4,3,14,True,2/3/4/5/6/7/8/9/10/11/12/13/14/15/16/17/18/19/20,False
2,2,shrinkage_lda,6,0.45535714285714285,0.4666666666666667,0.625,0.2857142857142857,5,3,5,2,15,False,1/3/4/5/6/7/8/9/10/11/12/13/14/15/16/17/18/19/20,False
2,2,shrinkage_lda,10,0.5982142857142857,0.6,0.625,0.5714285714285714,5,3,3,4,15,False,1/3/4/5/6/7/8/9/10/11/12/13/14/15/16/17/18/19/20,False
2,2,shrinkage_lda,14,0.8035714285714286,0.8,0.75,0.8571428571428571,6,2,1,6,15,False,1/3/4/5/6/7/8/9/10/11/12/13/14/15/16/17/18/19/20,False
2,2,shrinkage_lda,6,0.45238095238095233,0.46153846153846156,0.5714285714285714,0.3333333333333333,4,3,4,2,13,True,1/3/4/5/6/7/8/9/10/11/12/13/14/15/16/17/18/19/20,False
2,2,shrinkage_lda,10,0.5,0.5,0.5,0.5,2,2,3,3,10,True,1/3/4/5/6/7/8/9/10/11/12/13/14/15/16/17/18/19/20,False
2,2,shrinkage_lda,14,0.7571428571428571,0.75,0.7142857142857143,0.8,5,2,1,4,12,True,1/3/4/5/6/7/8/9/10/11/12/13/14/15/16/17/18/19/20,False
2,2,l2_logistic_regression,6,0.4464285714285714,0.4666666666666667,0.75,0.14285714285714285,6,2,6,1,15,False,1/3/4/5/6/7/8/9/10/11/12/13/14/15/16/17/18/19/20,False
2,2,l2_logistic_regression,10,0.6607142857142857,0.6666666666666666,0.75,0.5714285714285714,6,2,3,4,15,False,1/3/4/5/6/7/8/9/10/11/12/13/14/15/16/17/18/19/20,False
2,2,l2_logistic_regression,14,0.7321428571428572,0.7333333333333333,0.75,0.7142857142857143,6,2,2,5,15,False,1/3/4/5/6/7/8/9/10/11/12/13/14/15/16/17/18/19/20,False
2,2,l2_logistic_regression,6,0.44047619047619047,0.46153846153846156,0.7142857142857143,0.16666666666666666,5,2,5,1,13,True,1/3/4/5/6/7/8/9/10/11/12/13/14/15/16/17/18/19/20,False
2,2,l2_logistic_regression,10,0.625,0.6,0.75,0.5,3,1,3,3,10,True,1/3/4/5/6/7/8/9/10/11/12/13/14/15/16/17/18/19/20,False
2,2,l2_logistic_regression,14,0.6571428571428571,0.6666666666666666,0.7142857142857143,0.6,5,2,2,3,12,True,1/3/4/5/6/7/8/9/10/11/12/13/14/15/16/17/18/19/20,False
3,3,shrinkage_lda,6,0.3482142857142857,0.3333333333333333,0.5714285714285714,0.125,4,3,7,1,15,False,1/2/4/5/6/7/8/9/10/11/12/13/14/15/16/17/18/19/20,False
3,3,shrinkage_lda,10,0.41964285714285715,0.4,0.7142857142857143,0.125,5,2,7,1,15,False,1/2/4/5/6/7/8/9/10/11/12/13/14/15/16/17/18/19/20,False
3,3,shrinkage_lda,14,0.625,0.6,1.0,0.25,7,0,6,2,15,False,1/2/4/5/6/7/8/9/10/11/12/13/14/15/16/17/18/19/20,False
3,3,shrinkage_lda,6,0.3482142857142857,0.3333333333333333,0.5714285714285714,0.125,4,3,7,1,15,True,1/2/4/5/6/7/8/9/10/11/12/13/14/15/16/17/18/19/20,False
3,3,shrinkage_lda,10,0.41964285714285715,0.4,0.7142857142857143,0.125,5,2,7,1,15,True,1/2/4/5/6/7/8/9/10/11/12/13/14/15/16/17/18/19/20,False
3,3,shrinkage_lda,14,0.625,0.6,1.0,0.25,7,0,6,2,15,True,1/2/4/5/6/7/8/9/10/11/12/13/14/15/16/17/18/19/20,False
3,3,l2_logistic_regression,6,0.41964285714285715,0.4,0.7142857142857143,0.125,5,2,7,1,15,False,1/2/4/5/6/7/8/9/10/11/12/13/14/15/16/17/18/19/20,False
3,3,l2_logistic_regression,10,0.49107142857142855,0.4666666666666667,0.8571428571428571,0.125,6,1,7,1,15,False,1/2/4/5/6/7/8/9/10/11/12/13/14/15/16/17/18/19/20,False
3,3,l2_logistic_regression,14,0.5625,0.5333333333333333,1.0,0.125,7,0,7,1,15,False,1/2/4/5/6/7/8/9/10/11/12/13/14/15/16/17/18/19/20,False
3,3,l2_logistic_regression,6,0.41964285714285715,0.4,0.7142857142857143,0.125,5,2,7,1,15,True,1/2/4/5/6/7/8/9/10/11/12/13/14/15/16/17/18/19/20,False
3,3,l2_logistic_regression,10,0.49107142857142855,0.4666666666666667,0.8571428571428571,0.125,6,1,7,1,15,True,1/2/4/5/6/7/8/9/10/11/12/13/14/15/16/17/18/19/20,False
3,3,l2_logistic_regression,14,0.5625,0.5333333333333333,1.0,0.125,7,0,7,1,15,True,1/2/4/5/6/7/8/9/10/11/12/13/14/15/16/17/18/19/20,False
4,4,shrinkage_lda,6,0.7410714285714286,0.7333333333333333,0.625,0.8571428571428571,5,3,1,6,15,False,1/2/3/5/6/7/8/9/10/11/12/13/14/15/16/17/18/19/20,False
4,4,shrinkage_lda,10,0.4642857142857143,0.4666666666666667,0.42857142857142855,0.5,3,4,4,4,15,False,1/2/3/5/6/7/8/9/10/11/12/13/14/15/16/17/18/19/20,False
4,4,shrinkage_lda,14,0.5178571428571428,0.5333333333333333,0.2857142857142857,0.75,2,5,2,6,15,False,1/2/3/5/6/7/8/9/10/11/12/13/14/15/16/17/18/19/20,False
4,4,shrinkage_lda,6,0.8452380952380952,0.8461538461538461,0.8333333333333334,0.8571428571428571,5,1,1,6,13,True,1/2/3/5/6/7/8/9/10/11/12/13/14/15/16/17/18/19/20,False
4,4,shrinkage_lda,10,0.55,0.5714285714285714,0.5,0.6,1,1,2,3,7,True,1/2/3/5/6/7/8/9/10/11/12/13/14/15/16/17/18/19/20,False
4,4,shrinkage_lda,14,0.5238095238095238,0.5384615384615384,0.3333333333333333,0.7142857142857143,2,4,2,5,13,True,1/2/3/5/6/7/8/9/10/11/12/13/14/15/16/17/18/19/20,False
4,4,l2_logistic_regression,6,0.7410714285714286,0.7333333333333333,0.625,0.8571428571428571,5,3,1,6,15,False,1/2/3/5/6/7/8/9/10/11/12/13/14/15/16/17/18/19/20,False
4,4,l2_logistic_regression,10,0.5357142857142857,0.5333333333333333,0.5714285714285714,0.5,4,3,4,4,15,False,1/2/3/5/6/7/8/9/10/11/12/13/14/15/16/17/18/19/20,False
4,4,l2_logistic_regression,14,0.5178571428571428,0.5333333333333333,0.2857142857142857,0.75,2,5,2,6,15,False,1/2/3/5/6/7/8/9/10/11/12/13/14/15/16/17/18/19/20,False
4,4,l2_logistic_regression,6,0.8452380952380952,0.8461538461538461,0.8333333333333334,0.8571428571428571,5,1,1,6,13,True,1/2/3/5/6/7/8/9/10/11/12/13/14/15/16/17/18/19/20,False
4,4,l2_logistic_regression,10,0.55,0.5714285714285714,0.5,0.6,1,1,2,3,7,True,1/2/3/5/6/7/8/9/10/11/12/13/14/15/16/17/18/19/20,False
4,4,l2_logistic_regression,14,0.5238095238095238,0.5384615384615384,0.3333333333333333,0.7142857142857143,2,4,2,5,13,True,1/2/3/5/6/7/8/9/10/11/12/13/14/15/16/17/18/19/20,False
5,5,shrinkage_lda,6,0.4732142857142857,0.4666666666666667,0.5714285714285714,0.375,4,3,5,3,15,False,1/2/3/4/6/7/8/9/10/11/12/13/14/15/16/17/18/19/20,False
5,5,shrinkage_lda,10,0.6607142857142857,0.6666666666666666,0.75,0.5714285714285714,6,2,3,4,15,False,1/2/3/4/6/7/8/9/10/11/12/13/14/15/16/17/18/19/20,False
5,5,shrinkage_lda,14,0.4642857142857143,0.4666666666666667,0.5,0.42857142857142855,4,4,4,3,15,False,1/2/3/4/6/7/8/9/10/11/12/13/14/15/16/17/18/19/20,False
5,5,shrinkage_lda,6,0.5178571428571428,0.45454545454545453,0.75,0.2857142857142857,3,1,5,2,11,True,1/2/3/4/6/7/8/9/10/11/12/13/14/15/16/17/18/19/20,False
5,5,shrinkage_lda,10,0.625,0.6428571428571429,0.75,0.5,6,2,3,3,14,True,1/2/3/4/6/7/8/9/10/11/12/13/14/15/16/17/18/19/20,False
5,5,shrinkage_lda,14,0.625,0.6,0.5,0.75,3,3,1,3,10,True,1/2/3/4/6/7/8/9/10/11/12/13/14/15/16/17/18/19/20,False
5,5,l2_logistic_regression,6,0.33035714285714285,0.3333333333333333,0.2857142857142857,0.375,2,5,5,3,15,False,1/2/3/4/6/7/8/9/10/11/12/13/14/15/16/17/18/19/20,False
5,5,l2_logistic_regression,10,0.6607142857142857,0.6666666666666666,0.75,0.5714285714285714,6,2,3,4,15,False,1/2/3/4/6/7/8/9/10/11/12/13/14/15/16/17/18/19/20,False
5,5,l2_logistic_regression,14,0.5267857142857143,0.5333333333333333,0.625,0.42857142857142855,5,3,4,3,15,False,1/2/3/4/6/7/8/9/10/11/12/13/14/15/16/17/18/19/20,False
5,5,l2_logistic_regression,6,0.39285714285714285,0.36363636363636365,0.5,0.2857142857142857,2,2,5,2,11,True,1/2/3/4/6/7/8/9/10/11/12/13/14/15/16/17/18/19/20,False
5,5,l2_logistic_regression,10,0.625,0.6428571428571429,0.75,0.5,6,2,3,3,14,True,1/2/3/4/6/7/8/9/10/11/12/13/14/15/16/17/18/19/20,False
5,5,l2_logistic_regression,14,0.7083333333333333,0.7,0.6666666666666666,0.75,4,2,1,3,10,True,1/2/3/4/6/7/8/9/10/11/12/13/14/15/16/17/18/19/20,False
6,6,shrinkage_lda,6,0.75,0.7333333333333333,1.0,0.5,7,0,4,4,15,False,1/2/3/4/5/7/8/9/10/11/12/13/14/15/16/17/18/19/20,False
6,6,shrinkage_lda,10,0.6875,0.6666666666666666,1.0,0.375,7,0,5,3,15,False,1/2/3/4/5/7/8/9/10/11/12/13/14/15/16/17/18/19/20,False
6,6,shrinkage_lda,14,0.3214285714285714,0.3333333333333333,0.5,0.14285714285714285,4,4,6,1,15,False,1/2/3/4/5/7/8/9/10/11/12/13/14/15/16/17/18/19/20,False
6,6,shrinkage_lda,6,0.75,0.7333333333333333,1.0,0.5,7,0,4,4,15,True,1/2/3/4/5/7/8/9/10/11/12/13/14/15/16/17/18/19/20,False
6,6,shrinkage_lda,10,0.6875,0.6428571428571429,1.0,0.375,6,0,5,3,14,True,1/2/3/4/5/7/8/9/10/11/12/13/14/15/16/17/18/19/20,False
6,6,shrinkage_lda,14,0.3214285714285714,0.3333333333333333,0.5,0.14285714285714285,4,4,6,1,15,True,1/2/3/4/5/7/8/9/10/11/12/13/14/15/16/17/18/19/20,False
6,6,l2_logistic_regression,6,0.6875,0.6666666666666666,1.0,0.375,7,0,5,3,15,False,1/2/3/4/5/7/8/9/10/11/12/13/14/15/16/17/18/19/20,False
6,6,l2_logistic_regression,10,0.6875,0.6666666666666666,1.0,0.375,7,0,5,3,15,False,1/2/3/4/5/7/8/9/10/11/12/13/14/15/16/17/18/19/20,False
6,6,l2_logistic_regression,14,0.33035714285714285,0.3333333333333333,0.375,0.2857142857142857,3,5,5,2,15,False,1/2/3/4/5/7/8/9/10/11/12/13/14/15/16/17/18/19/20,False
6,6,l2_logistic_regression,6,0.6875,0.6666666666666666,1.0,0.375,7,0,5,3,15,True,1/2/3/4/5/7/8/9/10/11/12/13/14/15/16/17/18/19/20,False
6,6,l2_logistic_regression,10,0.6875,0.6428571428571429,1.0,0.375,6,0,5,3,14,True,1/2/3/4/5/7/8/9/10/11/12/13/14/15/16/17/18/19/20,False
6,6,l2_logistic_regression,14,0.33035714285714285,0.3333333333333333,0.375,0.2857142857142857,3,5,5,2,15,True,1/2/3/4/5/7/8/9/10/11/12/13/14/15/16/17/18/19/20,False
7,7,shrinkage_lda,6,0.7410714285714286,0.7333333333333333,0.8571428571428571,0.625,6,1,3,5,15,False,1/2/3/4/5/6/8/9/10/11/12/13/14/15/16/17/18/19/20,False
7,7,shrinkage_lda,10,0.7142857142857143,0.7333333333333333,1.0,0.42857142857142855,8,0,4,3,15,False,1/2/3/4/5/6/8/9/10/11/12/13/14/15/16/17/18/19/20,False
7,7,shrinkage_lda,14,0.5625,0.5333333333333333,1.0,0.125,7,0,7,1,15,False,1/2/3/4/5/6/8/9/10/11/12/13/14/15/16/17/18/19/20,False
7,7,shrinkage_lda,6,0.6857142857142857,0.6666666666666666,0.8,0.5714285714285714,4,1,3,4,12,True,1/2/3/4/5/6/8/9/10/11/12/13/14/15/16/17/18/19/20,False
7,7,shrinkage_lda,10,0.6666666666666666,0.6923076923076923,1.0,0.3333333333333333,7,0,4,2,13,True,1/2/3/4/5/6/8/9/10/11/12/13/14/15/16/17/18/19/20,False
7,7,shrinkage_lda,14,0.5833333333333334,0.5833333333333334,1.0,0.16666666666666666,6,0,5,1,12,True,1/2/3/4/5/6/8/9/10/11/12/13/14/15/16/17/18/19/20,False
7,7,l2_logistic_regression,6,0.6696428571428572,0.6666666666666666,0.7142857142857143,0.625,5,2,3,5,15,False,1/2/3/4/5/6/8/9/10/11/12/13/14/15/16/17/18/19/20,False
7,7,l2_logistic_regression,10,0.7142857142857143,0.7333333333333333,1.0,0.42857142857142855,8,0,4,3,15,False,1/2/3/4/5/6/8/9/10/11/12/13/14/15/16/17/18/19/20,False
7,7,l2_logistic_regression,14,0.5625,0.5333333333333333,1.0,0.125,7,0,7,1,15,False,1/2/3/4/5/6/8/9/10/11/12/13/14/15/16/17/18/19/20,False
7,7,l2_logistic_regression,6,0.6857142857142857,0.6666666666666666,0.8,0.5714285714285714,4,1,3,4,12,True,1/2/3/4/5/6/8/9/10/11/12/13/14/15/16/17/18/19/20,False
7,7,l2_logistic_regression,10,0.6666666666666666,0.6923076923076923,1.0,0.3333333333333333,7,0,4,2,13,True,1/2/3/4/5/6/8/9/10/11/12/13/14/15/16/17/18/19/20,False
7,7,l2_logistic_regression,14,0.5833333333333334,0.5833333333333334,1.0,0.16666666666666666,6,0,5,1,12,True,1/2/3/4/5/6/8/9/10/11/12/13/14/15/16/17/18/19/20,False
8,8,shrinkage_lda,6,0.9285714285714286,0.9333333333333333,0.8571428571428571,1.0,6,1,0,8,15,False,1/2/3/4/5/6/7/9/10/11/12/13/14/15/16/17/18/19/20,False
8,8,shrinkage_lda,10,0.5267857142857143,0.5333333333333333,0.625,0.42857142857142855,5,3,4,3,15,False,1/2/3/4/5/6/7/9/10/11/12/13/14/15/16/17/18/19/20,False
8,8,shrinkage_lda,14,0.6071428571428572,0.6,0.5,0.7142857142857143,4,4,2,5,15,False,1/2/3/4/5/6/7/9/10/11/12/13/14/15/16/17/18/19/20,False
8,8,shrinkage_lda,6,0.9,0.9,0.8,1.0,4,1,0,5,10,True,1/2/3/4/5/6/7/9/10/11/12/13/14/15/16/17/18/19/20,False
8,8,shrinkage_lda,10,0.65,0.7142857142857143,0.8,0.5,4,1,1,1,7,True,1/2/3/4/5/6/7/9/10/11/12/13/14/15/16/17/18/19/20,False
8,8,shrinkage_lda,14,0.5,0.5,0.5,0.5,2,2,2,2,8,True,1/2/3/4/5/6/7/9/10/11/12/13/14/15/16/17/18/19/20,False
8,8,l2_logistic_regression,6,0.9285714285714286,0.9333333333333333,0.8571428571428571,1.0,6,1,0,8,15,False,1/2/3/4/5/6/7/9/10/11/12/13/14/15/16/17/18/19/20,False
8,8,l2_logistic_regression,10,0.5267857142857143,0.5333333333333333,0.625,0.42857142857142855,5,3,4,3,15,False,1/2/3/4/5/6/7/9/10/11/12/13/14/15/16/17/18/19/20,False
8,8,l2_logistic_regression,14,0.75,0.7333333333333333,0.5,1.0,4,4,0,7,15,False,1/2/3/4/5/6/7/9/10/11/12/13/14/15/16/17/18/19/20,False
8,8,l2_logistic_regression,6,0.9,0.9,0.8,1.0,4,1,0,5,10,True,1/2/3/4/5/6/7/9/10/11/12/13/14/15/16/17/18/19/20,False
8,8,l2_logistic_regression,10,0.65,0.7142857142857143,0.8,0.5,4,1,1,1,7,True,1/2/3/4/5/6/7/9/10/11/12/13/14/15/16/17/18/19/20,False
8,8,l2_logistic_regression,14,0.75,0.75,0.5,1.0,2,2,0,4,8,True,1/2/3/4/5/6/7/9/10/11/12/13/14/15/16/17/18/19/20,False
9,9,shrinkage_lda,6,0.4107142857142857,0.4,0.25,0.5714285714285714,2,6,3,4,15,False,1/2/3/4/5/6/7/8/10/11/12/13/14/15/16/17/18/19/20,False
9,9,shrinkage_lda,10,0.7410714285714286,0.7333333333333333,0.625,0.8571428571428571,5,3,1,6,15,False,1/2/3/4/5/6/7/8/10/11/12/13/14/15/16/17/18/19/20,False
9,9,shrinkage_lda,14,0.4642857142857143,0.4666666666666667,0.42857142857142855,0.5,3,4,4,4,15,False,1/2/3/4/5/6/7/8/10/11/12/13/14/15/16/17/18/19/20,False
9,9,shrinkage_lda,6,0.369047619047619,0.38461538461538464,0.16666666666666666,0.5714285714285714,1,5,3,4,13,True,1/2/3/4/5/6/7/8/10/11/12/13/14/15/16/17/18/19/20,False
9,9,shrinkage_lda,10,0.7410714285714286,0.7333333333333333,0.625,0.8571428571428571,5,3,1,6,15,True,1/2/3/4/5/6/7/8/10/11/12/13/14/15/16/17/18/19/20,False
9,9,shrinkage_lda,14,0.4642857142857143,0.4666666666666667,0.42857142857142855,0.5,3,4,4,4,15,True,1/2/3/4/5/6/7/8/10/11/12/13/14/15/16/17/18/19/20,False
9,9,l2_logistic_regression,6,0.3482142857142857,0.3333333333333333,0.125,0.5714285714285714,1,7,3,4,15,False,1/2/3/4/5/6/7/8/10/11/12/13/14/15/16/17/18/19/20,False
9,9,l2_logistic_regression,10,0.6696428571428572,0.6666666666666666,0.625,0.7142857142857143,5,3,2,5,15,False,1/2/3/4/5/6/7/8/10/11/12/13/14/15/16/17/18/19/20,False
9,9,l2_logistic_regression,14,0.4642857142857143,0.4666666666666667,0.42857142857142855,0.5,3,4,4,4,15,False,1/2/3/4/5/6/7/8/10/11/12/13/14/15/16/17/18/19/20,False
9,9,l2_logistic_regression,6,0.369047619047619,0.38461538461538464,0.16666666666666666,0.5714285714285714,1,5,3,4,13,True,1/2/3/4/5/6/7/8/10/11/12/13/14/15/16/17/18/19/20,False
9,9,l2_logistic_regression,10,0.6696428571428572,0.6666666666666666,0.625,0.7142857142857143,5,3,2,5,15,True,1/2/3/4/5/6/7/8/10/11/12/13/14/15/16/17/18/19/20,False
9,9,l2_logistic_regression,14,0.4642857142857143,0.4666666666666667,0.42857142857142855,0.5,3,4,4,4,15,True,1/2/3/4/5/6/7/8/10/11/12/13/14/15/16/17/18/19/20,False
10,10,shrinkage_lda,6,0.4464285714285714,0.4666666666666667,0.14285714285714285,0.75,1,6,2,6,15,False,1/2/3/4/5/6/7/8/9/11/12/13/14/15/16/17/18/19/20,False
10,10,shrinkage_lda,10,0.6696428571428572,0.6666666666666666,0.625,0.7142857142857143,5,3,2,5,15,False,1/2/3/4/5/6/7/8/9/11/12/13/14/15/16/17/18/19/20,False
10,10,shrinkage_lda,14,0.8035714285714286,0.8,0.75,0.8571428571428571,6,2,1,6,15,False,1/2/3/4/5/6/7/8/9/11/12/13/14/15/16/17/18/19/20,False
10,10,shrinkage_lda,6,0.3333333333333333,0.4444444444444444,0.0,0.6666666666666666,0,3,2,4,9,True,1/2/3/4/5/6/7/8/9/11/12/13/14/15/16/17/18/19/20,False
10,10,shrinkage_lda,10,0.8571428571428572,0.8333333333333334,0.7142857142857143,1.0,5,2,0,5,12,True,1/2/3/4/5/6/7/8/9/11/12/13/14/15/16/17/18/19/20,False
10,10,shrinkage_lda,14,0.7916666666666667,0.7857142857142857,0.75,0.8333333333333334,6,2,1,5,14,True,1/2/3/4/5/6/7/8/9/11/12/13/14/15/16/17/18/19/20,False
10,10,l2_logistic_regression,6,0.5178571428571428,0.5333333333333333,0.2857142857142857,0.75,2,5,2,6,15,False,1/2/3/4/5/6/7/8/9/11/12/13/14/15/16/17/18/19/20,False
10,10,l2_logistic_regression,10,0.7321428571428572,0.7333333333333333,0.75,0.7142857142857143,6,2,2,5,15,False,1/2/3/4/5/6/7/8/9/11/12/13/14/15/16/17/18/19/20,False
10,10,l2_logistic_regression,14,0.8660714285714286,0.8666666666666667,0.875,0.8571428571428571,7,1,1,6,15,False,1/2/3/4/5/6/7/8/9/11/12/13/14/15/16/17/18/19/20,False
10,10,l2_logistic_regression,6,0.5,0.5555555555555556,0.3333333333333333,0.6666666666666666,1,2,2,4,9,True,1/2/3/4/5/6/7/8/9/11/12/13/14/15/16/17/18/19/20,False
10,10,l2_logistic_regression,10,0.8285714285714285,0.8333333333333334,0.8571428571428571,0.8,6,1,1,4,12,True,1/2/3/4/5/6/7/8/9/11/12/13/14/15/16/17/18/19/20,False
10,10,l2_logistic_regression,14,0.8541666666666667,0.8571428571428571,0.875,0.8333333333333334,7,1,1,5,14,True,1/2/3/4/5/6/7/8/9/11/12/13/14/15/16/17/18/19/20,False
11,11,shrinkage_lda,6,0.6428571428571428,0.6666666666666666,1.0,0.2857142857142857,8,0,5,2,15,False,1/2/3/4/5/6/7/8/9/10/12/13/14/15/16/17/18/19/20,False
11,11,shrinkage_lda,10,0.6160714285714286,0.6,0.8571428571428571,0.375,6,1,5,3,15,False,1/2/3/4/5/6/7/8/9/10/12/13/14/15/16/17/18/19/20,False
11,11,shrinkage_lda,14,0.7321428571428572,0.7333333333333333,0.7142857142857143,0.75,5,2,2,6,15,False,1/2/3/4/5/6/7/8/9/10/12/13/14/15/16/17/18/19/20,False
11,11,shrinkage_lda,6,0.6428571428571428,0.6666666666666666,1.0,0.2857142857142857,8,0,5,2,15,True,1/2/3/4/5/6/7/8/9/10/12/13/14/15/16/17/18/19/20,False
11,11,shrinkage_lda,10,0.5714285714285714,0.5714285714285714,0.8571428571428571,0.2857142857142857,6,1,5,2,14,True,1/2/3/4/5/6/7/8/9/10/12/13/14/15/16/17/18/19/20,False
11,11,shrinkage_lda,14,0.7321428571428572,0.7333333333333333,0.7142857142857143,0.75,5,2,2,6,15,True,1/2/3/4/5/6/7/8/9/10/12/13/14/15/16/17/18/19/20,False
11,11,l2_logistic_regression,6,0.6428571428571428,0.6666666666666666,1.0,0.2857142857142857,8,0,5,2,15,False,1/2/3/4/5/6/7/8/9/10/12/13/14/15/16/17/18/19/20,False
11,11,l2_logistic_regression,10,0.5535714285714286,0.5333333333333333,0.8571428571428571,0.25,6,1,6,2,15,False,1/2/3/4/5/6/7/8/9/10/12/13/14/15/16/17/18/19/20,False
11,11,l2_logistic_regression,14,0.6696428571428572,0.6666666666666666,0.7142857142857143,0.625,5,2,3,5,15,False,1/2/3/4/5/6/7/8/9/10/12/13/14/15/16/17/18/19/20,False
11,11,l2_logistic_regression,6,0.6428571428571428,0.6666666666666666,1.0,0.2857142857142857,8,0,5,2,15,True,1/2/3/4/5/6/7/8/9/10/12/13/14/15/16/17/18/19/20,False
11,11,l2_logistic_regression,10,0.5,0.5,0.8571428571428571,0.14285714285714285,6,1,6,1,14,True,1/2/3/4/5/6/7/8/9/10/12/13/14/15/16/17/18/19/20,False
11,11,l2_logistic_regression,14,0.6696428571428572,0.6666666666666666,0.7142857142857143,0.625,5,2,3,5,15,True,1/2/3/4/5/6/7/8/9/10/12/13/14/15/16/17/18/19/20,False
12,12,shrinkage_lda,6,0.6428571428571428,0.6666666666666666,0.2857142857142857,1.0,2,5,0,8,15,False,1/2/3/4/5/6/7/8/9/10/11/13/14/15/16/17/18/19/20,False
12,12,shrinkage_lda,10,0.5,0.5333333333333333,0.0,1.0,0,7,0,8,15,False,1/2/3/4/5/6/7/8/9/10/11/13/14/15/16/17/18/19/20,False
12,12,shrinkage_lda,14,0.5,0.4666666666666667,0.0,1.0,0,8,0,7,15,False,1/2/3/4/5/6/7/8/9/10/11/13/14/15/16/17/18/19/20,False
12,12,shrinkage_lda,6,0.6666666666666666,0.7142857142857143,0.3333333333333333,1.0,2,4,0,8,14,True,1/2/3/4/5/6/7/8/9/10/11/13/14/15/16/17/18/19/20,False
12,12,shrinkage_lda,10,0.5,0.46153846153846156,0.0,1.0,0,7,0,6,13,True,1/2/3/4/5/6/7/8/9/10/11/13/14/15/16/17/18/19/20,False
12,12,shrinkage_lda,14,0.5,0.42857142857142855,0.0,1.0,0,8,0,6,14,True,1/2/3/4/5/6/7/8/9/10/11/13/14/15/16/17/18/19/20,False
12,12,l2_logistic_regression,6,0.7142857142857143,0.7333333333333333,0.42857142857142855,1.0,3,4,0,8,15,False,1/2/3/4/5/6/7/8/9/10/11/13/14/15/16/17/18/19/20,False
12,12,l2_logistic_regression,10,0.5,0.5333333333333333,0.0,1.0,0,7,0,8,15,False,1/2/3/4/5/6/7/8/9/10/11/13/14/15/16/17/18/19/20,False
12,12,l2_logistic_regression,14,0.5,0.4666666666666667,0.0,1.0,0,8,0,7,15,False,1/2/3/4/5/6/7/8/9/10/11/13/14/15/16/17/18/19/20,False
12,12,l2_logistic_regression,6,0.75,0.7857142857142857,0.5,1.0,3,3,0,8,14,True,1/2/3/4/5/6/7/8/9/10/11/13/14/15/16/17/18/19/20,False
12,12,l2_logistic_regression,10,0.5,0.46153846153846156,0.0,1.0,0,7,0,6,13,True,1/2/3/4/5/6/7/8/9/10/11/13/14/15/16/17/18/19/20,False
12,12,l2_logistic_regression,14,0.5,0.42857142857142855,0.0,1.0,0,8,0,6,14,True,1/2/3/4/5/6/7/8/9/10/11/13/14/15/16/17/18/19/20,False
13,13,shrinkage_lda,6,0.7232142857142857,0.7333333333333333,0.875,0.5714285714285714,7,1,3,4,15,False,1/2/3/4/5/6/7/8/9/10/11/12/14/15/16/17/18/19/20,False
13,13,shrinkage_lda,10,0.7232142857142857,0.7333333333333333,0.5714285714285714,0.875,4,3,1,7,15,False,1/2/3/4/5/6/7/8/9/10/11/12/14/15/16/17/18/19/20,False
13,13,shrinkage_lda,14,0.4107142857142857,0.4,0.5714285714285714,0.25,4,3,6,2,15,False,1/2/3/4/5/6/7/8/9/10/11/12/14/15/16/17/18/19/20,False
13,13,shrinkage_lda,6,0.8,0.7777777777777778,1.0,0.6,4,0,2,3,9,True,1/2/3/4/5/6/7/8/9/10/11/12/14/15/16/17/18/19/20,False
13,13,shrinkage_lda,10,0.6875,0.7142857142857143,0.5,0.875,3,3,1,7,14,True,1/2/3/4/5/6/7/8/9/10/11/12/14/15/16/17/18/19/20,False
13,13,shrinkage_lda,14,0.4107142857142857,0.4,0.5714285714285714,0.25,4,3,6,2,15,True,1/2/3/4/5/6/7/8/9/10/11/12/14/15/16/17/18/19/20,False
13,13,l2_logistic_regression,6,0.7946428571428572,0.8,0.875,0.7142857142857143,7,1,2,5,15,False,1/2/3/4/5/6/7/8/9/10/11/12/14/15/16/17/18/19/20,False
13,13,l2_logistic_regression,10,0.7232142857142857,0.7333333333333333,0.5714285714285714,0.875,4,3,1,7,15,False,1/2/3/4/5/6/7/8/9/10/11/12/14/15/16/17/18/19/20,False
13,13,l2_logistic_regression,14,0.4732142857142857,0.4666666666666667,0.5714285714285714,0.375,4,3,5,3,15,False,1/2/3/4/5/6/7/8/9/10/11/12/14/15/16/17/18/19/20,False
13,13,l2_logistic_regression,6,0.9,0.8888888888888888,1.0,0.8,4,0,1,4,9,True,1/2/3/4/5/6/7/8/9/10/11/12/14/15/16/17/18/19/20,False
13,13,l2_logistic_regression,10,0.6875,0.7142857142857143,0.5,0.875,3,3,1,7,14,True,1/2/3/4/5/6/7/8/9/10/11/12/14/15/16/17/18/19/20,False
13,13,l2_logistic_regression,14,0.4732142857142857,0.4666666666666667,0.5714285714285714,0.375,4,3,5,3,15,True,1/2/3/4/5/6/7/8/9/10/11/12/14/15/16/17/18/19/20,False
14,14,shrinkage_lda,6,0.5803571428571428,0.6,0.875,0.2857142857142857,7,1,5,2,15,False,1/2/3/4/5/6/7/8/9/10/11/12/13/15/16/17/18/19/20,False
14,14,shrinkage_lda,10,0.4375,0.4666666666666667,0.875,0.0,7,1,7,0,15,False,1/2/3/4/5/6/7/8/9/10/11/12/13/15/16/17/18/19/20,False
14,14,shrinkage_lda,14,0.4375,0.4666666666666667,0.875,0.0,7,1,7,0,15,False,1/2/3/4/5/6/7/8/9/10/11/12/13/15/16/17/18/19/20,False
14,14,shrinkage_lda,6,0.5285714285714286,0.5833333333333334,0.8571428571428571,0.2,6,1,4,1,12,True,1/2/3/4/5/6/7/8/9/10/11/12/13/15/16/17/18/19/20,False
14,14,shrinkage_lda,10,0.4375,0.5833333333333334,0.875,0.0,7,1,4,0,12,True,1/2/3/4/5/6/7/8/9/10/11/12/13/15/16/17/18/19/20,False
14,14,shrinkage_lda,14,0.4,0.36363636363636365,0.8,0.0,4,1,6,0,11,True,1/2/3/4/5/6/7/8/9/10/11/12/13/15/16/17/18/19/20,False
14,14,l2_logistic_regression,6,0.5714285714285714,0.6,1.0,0.14285714285714285,8,0,6,1,15,False,1/2/3/4/5/6/7/8/9/10/11/12/13/15/16/17/18/19/20,False
14,14,l2_logistic_regression,10,0.5089285714285714,0.5333333333333333,0.875,0.14285714285714285,7,1,6,1,15,False,1/2/3/4/5/6/7/8/9/10/11/12/13/15/16/17/18/19/20,False
14,14,l2_logistic_regression,14,0.5,0.5333333333333333,1.0,0.0,8,0,7,0,15,False,1/2/3/4/5/6/7/8/9/10/11/12/13/15/16/17/18/19/20,False
14,14,l2_logistic_regression,6,0.6,0.6666666666666666,1.0,0.2,7,0,4,1,12,True,1/2/3/4/5/6/7/8/9/10/11/12/13/15/16/17/18/19/20,False
14,14,l2_logistic_regression,10,0.5625,0.6666666666666666,0.875,0.25,7,1,3,1,12,True,1/2/3/4/5/6/7/8/9/10/11/12/13/15/16/17/18/19/20,False
14,14,l2_logistic_regression,14,0.5,0.45454545454545453,1.0,0.0,5,0,6,0,11,True,1/2/3/4/5/6/7/8/9/10/11/12/13/15/16/17/18/19/20,False
15,15,shrinkage_lda,6,0.6875,0.6666666666666666,0.375,1.0,3,5,0,7,15,False,1/2/3/4/5/6/7/8/9/10/11/12/13/14/16/17/18/19/20,False
15,15,shrinkage_lda,10,0.7410714285714286,0.7333333333333333,0.8571428571428571,0.625,6,1,3,5,15,False,1/2/3/4/5/6/7/8/9/10/11/12/13/14/16/17/18/19/20,False
15,15,shrinkage_lda,14,0.7857142857142857,0.8,0.5714285714285714,1.0,4,3,0,8,15,False,1/2/3/4/5/6/7/8/9/10/11/12/13/14/16/17/18/19/20,False
15,15,shrinkage_lda,6,0.75,0.7777777777777778,0.5,1.0,2,2,0,5,9,True,1/2/3/4/5/6/7/8/9/10/11/12/13/14/16/17/18/19/20,False
15,15,shrinkage_lda,10,0.65,0.6666666666666666,0.8,0.5,4,1,2,2,9,True,1/2/3/4/5/6/7/8/9/10/11/12/13/14/16/17/18/19/20,False
15,15,shrinkage_lda,14,0.8,0.8333333333333334,0.6,1.0,3,2,0,7,12,True,1/2/3/4/5/6/7/8/9/10/11/12/13/14/16/17/18/19/20,False
15,15,l2_logistic_regression,6,0.6875,0.6666666666666666,0.375,1.0,3,5,0,7,15,False,1/2/3/4/5/6/7/8/9/10/11/12/13/14/16/17/18/19/20,False
15,15,l2_logistic_regression,10,0.8035714285714286,0.8,0.8571428571428571,0.75,6,1,2,6,15,False,1/2/3/4/5/6/7/8/9/10/11/12/13/14/16/17/18/19/20,False
15,15,l2_logistic_regression,14,0.7142857142857143,0.7333333333333333,0.42857142857142855,1.0,3,4,0,8,15,False,1/2/3/4/5/6/7/8/9/10/11/12/13/14/16/17/18/19/20,False
15,15,l2_logistic_regression,6,0.75,0.7777777777777778,0.5,1.0,2,2,0,5,9,True,1/2/3/4/5/6/7/8/9/10/11/12/13/14/16/17/18/19/20,False
15,15,l2_logistic_regression,10,0.65,0.6666666666666666,0.8,0.5,4,1,2,2,9,True,1/2/3/4/5/6/7/8/9/10/11/12/13/14/16/17/18/19/20,False
15,15,l2_logistic_regression,14,0.7,0.75,0.4,1.0,2,3,0,7,12,True,1/2/3/4/5/6/7/8/9/10/11/12/13/14/16/17/18/19/20,False
16,16,shrinkage_lda,6,0.5982142857142857,0.6,0.625,0.5714285714285714,5,3,3,4,15,False,1/2/3/4/5/6/7/8/9/10/11/12/13/14/15/17/18/19/20,False
16,16,shrinkage_lda,10,0.5267857142857143,0.5333333333333333,0.625,0.42857142857142855,5,3,4,3,15,False,1/2/3/4/5/6/7/8/9/10/11/12/13/14/15/17/18/19/20,False
16,16,shrinkage_lda,14,0.6696428571428572,0.6666666666666666,0.625,0.7142857142857143,5,3,2,5,15,False,1/2/3/4/5/6/7/8/9/10/11/12/13/14/15/17/18/19/20,False
16,16,shrinkage_lda,6,0.5982142857142857,0.6,0.625,0.5714285714285714,5,3,3,4,15,True,1/2/3/4/5/6/7/8/9/10/11/12/13/14/15/17/18/19/20,False
16,16,shrinkage_lda,10,0.5357142857142857,0.5384615384615384,0.5714285714285714,0.5,4,3,3,3,13,True,1/2/3/4/5/6/7/8/9/10/11/12/13/14/15/17/18/19/20,False
16,16,shrinkage_lda,14,0.6666666666666667,0.6666666666666666,0.5,0.8333333333333334,3,3,1,5,12,True,1/2/3/4/5/6/7/8/9/10/11/12/13/14/15/17/18/19/20,False
16,16,l2_logistic_regression,6,0.5357142857142857,0.5333333333333333,0.5,0.5714285714285714,4,4,3,4,15,False,1/2/3/4/5/6/7/8/9/10/11/12/13/14/15/17/18/19/20,False
16,16,l2_logistic_regression,10,0.45535714285714285,0.4666666666666667,0.625,0.2857142857142857,5,3,5,2,15,False,1/2/3/4/5/6/7/8/9/10/11/12/13/14/15/17/18/19/20,False
16,16,l2_logistic_regression,14,0.6696428571428572,0.6666666666666666,0.625,0.7142857142857143,5,3,2,5,15,False,1/2/3/4/5/6/7/8/9/10/11/12/13/14/15/17/18/19/20,False
16,16,l2_logistic_regression,6,0.5357142857142857,0.5333333333333333,0.5,0.5714285714285714,4,4,3,4,15,True,1/2/3/4/5/6/7/8/9/10/11/12/13/14/15/17/18/19/20,False
16,16,l2_logistic_regression,10,0.45238095238095233,0.46153846153846156,0.5714285714285714,0.3333333333333333,4,3,4,2,13,True,1/2/3/4/5/6/7/8/9/10/11/12/13/14/15/17/18/19/20,False
16,16,l2_logistic_regression,14,0.6666666666666667,0.6666666666666666,0.5,0.8333333333333334,3,3,1,5,12,True,1/2/3/4/5/6/7/8/9/10/11/12/13/14/15/17/18/19/20,False
17,17,shrinkage_lda,6,0.4642857142857143,0.4666666666666667,0.5,0.42857142857142855,4,4,4,3,15,False,1/2/3/4/5/6/7/8/9/10/11/12/13/14/15/16/18/19/20,False
17,17,shrinkage_lda,10,0.6071428571428572,0.6,0.5,0.7142857142857143,4,4,2,5,15,False,1/2/3/4/5/6/7/8/9/10/11/12/13/14/15/16/18/19/20,False
17,17,shrinkage_lda,14,0.7321428571428572,0.7333333333333333,0.75,0.7142857142857143,6,2,2,5,15,False,1/2/3/4/5/6/7/8/9/10/11/12/13/14/15/16/18/19/20,False
17,17,shrinkage_lda,6,0.43333333333333335,0.45454545454545453,0.6666666666666666,0.2,4,2,4,1,11,True,1/2/3/4/5/6/7/8/9/10/11/12/13/14/15/16/18/19/20,False
17,17,shrinkage_lda,10,0.6071428571428572,0.6,0.5,0.7142857142857143,4,4,2,5,15,True,1/2/3/4/5/6/7/8/9/10/11/12/13/14/15/16/18/19/20,False
17,17,shrinkage_lda,14,0.7321428571428572,0.7333333333333333,0.75,0.7142857142857143,6,2,2,5,15,True,1/2/3/4/5/6/7/8/9/10/11/12/13/14/15/16/18/19/20,False
17,17,l2_logistic_regression,6,0.4642857142857143,0.4666666666666667,0.5,0.42857142857142855,4,4,4,3,15,False,1/2/3/4/5/6/7/8/9/10/11/12/13/14/15/16/18/19/20,False
17,17,l2_logistic_regression,10,0.6071428571428572,0.6,0.5,0.7142857142857143,4,4,2,5,15,False,1/2/3/4/5/6/7/8/9/10/11/12/13/14/15/16/18/19/20,False
17,17,l2_logistic_regression,14,0.7321428571428572,0.7333333333333333,0.75,0.7142857142857143,6,2,2,5,15,False,1/2/3/4/5/6/7/8/9/10/11/12/13/14/15/16/18/19/20,False
17,17,l2_logistic_regression,6,0.43333333333333335,0.45454545454545453,0.6666666666666666,0.2,4,2,4,1,11,True,1/2/3/4/5/6/7/8/9/10/11/12/13/14/15/16/18/19/20,False
17,17,l2_logistic_regression,10,0.6071428571428572,0.6,0.5,0.7142857142857143,4,4,2,5,15,True,1/2/3/4/5/6/7/8/9/10/11/12/13/14/15/16/18/19/20,False
17,17,l2_logistic_regression,14,0.7321428571428572,0.7333333333333333,0.75,0.7142857142857143,6,2,2,5,15,True,1/2/3/4/5/6/7/8/9/10/11/12/13/14/15/16/18/19/20,False
18,18,shrinkage_lda,6,0.5,0.4666666666666667,1.0,0.0,7,0,8,0,15,False,1/2/3/4/5/6/7/8/9/10/11/12/13/14/15/16/17/19/20,False
18,18,shrinkage_lda,10,0.5,0.4666666666666667,1.0,0.0,7,0,8,0,15,False,1/2/3/4/5/6/7/8/9/10/11/12/13/14/15/16/17/19/20,False
18,18,shrinkage_lda,14,0.5089285714285714,0.5333333333333333,0.875,0.14285714285714285,7,1,6,1,15,False,1/2/3/4/5/6/7/8/9/10/11/12/13/14/15/16/17/19/20,False
18,18,shrinkage_lda,6,0.5,0.4666666666666667,1.0,0.0,7,0,8,0,15,True,1/2/3/4/5/6/7/8/9/10/11/12/13/14/15/16/17/19/20,False
18,18,shrinkage_lda,10,0.5,0.4666666666666667,1.0,0.0,7,0,8,0,15,True,1/2/3/4/5/6/7/8/9/10/11/12/13/14/15/16/17/19/20,False
18,18,shrinkage_lda,14,0.5089285714285714,0.5333333333333333,0.875,0.14285714285714285,7,1,6,1,15,True,1/2/3/4/5/6/7/8/9/10/11/12/13/14/15/16/17/19/20,False
18,18,l2_logistic_regression,6,0.5,0.4666666666666667,1.0,0.0,7,0,8,0,15,False,1/2/3/4/5/6/7/8/9/10/11/12/13/14/15/16/17/19/20,False
18,18,l2_logistic_regression,10,0.5,0.4666666666666667,1.0,0.0,7,0,8,0,15,False,1/2/3/4/5/6/7/8/9/10/11/12/13/14/15/16/17/19/20,False
18,18,l2_logistic_regression,14,0.4375,0.4666666666666667,0.875,0.0,7,1,7,0,15,False,1/2/3/4/5/6/7/8/9/10/11/12/13/14/15/16/17/19/20,False
18,18,l2_logistic_regression,6,0.5,0.4666666666666667,1.0,0.0,7,0,8,0,15,True,1/2/3/4/5/6/7/8/9/10/11/12/13/14/15/16/17/19/20,False
18,18,l2_logistic_regression,10,0.5,0.4666666666666667,1.0,0.0,7,0,8,0,15,True,1/2/3/4/5/6/7/8/9/10/11/12/13/14/15/16/17/19/20,False
18,18,l2_logistic_regression,14,0.4375,0.4666666666666667,0.875,0.0,7,1,7,0,15,True,1/2/3/4/5/6/7/8/9/10/11/12/13/14/15/16/17/19/20,False
19,19,shrinkage_lda,6,0.5714285714285714,0.6,0.14285714285714285,1.0,1,6,0,8,15,False,1/2/3/4/5/6/7/8/9/10/11/12/13/14/15/16/17/18/20,False
19,19,shrinkage_lda,10,0.3125,0.3333333333333333,0.0,0.625,0,7,3,5,15,False,1/2/3/4/5/6/7/8/9/10/11/12/13/14/15/16/17/18/20,False
19,19,shrinkage_lda,14,0.49107142857142855,0.4666666666666667,0.125,0.8571428571428571,1,7,1,6,15,False,1/2/3/4/5/6/7/8/9/10/11/12/13/14/15/16/17/18/20,False
19,19,shrinkage_lda,6,0.5714285714285714,0.6,0.14285714285714285,1.0,1,6,0,8,15,True,1/2/3/4/5/6/7/8/9/10/11/12/13/14/15/16/17/18/20,False
19,19,shrinkage_lda,10,0.3333333333333333,0.36363636363636365,0.0,0.6666666666666666,0,5,2,4,11,True,1/2/3/4/5/6/7/8/9/10/11/12/13/14/15/16/17/18/20,False
19,19,shrinkage_lda,14,0.49107142857142855,0.4666666666666667,0.125,0.8571428571428571,1,7,1,6,15,True,1/2/3/4/5/6/7/8/9/10/11/12/13/14/15/16/17/18/20,False
19,19,l2_logistic_regression,6,0.5714285714285714,0.6,0.14285714285714285,1.0,1,6,0,8,15,False,1/2/3/4/5/6/7/8/9/10/11/12/13/14/15/16/17/18/20,False
19,19,l2_logistic_regression,10,0.375,0.4,0.0,0.75,0,7,2,6,15,False,1/2/3/4/5/6/7/8/9/10/11/12/13/14/15/16/17/18/20,False
19,19,l2_logistic_regression,14,0.5535714285714286,0.5333333333333333,0.25,0.8571428571428571,2,6,1,6,15,False,1/2/3/4/5/6/7/8/9/10/11/12/13/14/15/16/17/18/20,False
19,19,l2_logistic_regression,6,0.5714285714285714,0.6,0.14285714285714285,1.0,1,6,0,8,15,True,1/2/3/4/5/6/7/8/9/10/11/12/13/14/15/16/17/18/20,False
19,19,l2_logistic_regression,10,0.3333333333333333,0.36363636363636365,0.0,0.6666666666666666,0,5,2,4,11,True,1/2/3/4/5/6/7/8/9/10/11/12/13/14/15/16/17/18/20,False
19,19,l2_logistic_regression,14,0.5535714285714286,0.5333333333333333,0.25,0.8571428571428571,2,6,1,6,15,True,1/2/3/4/5/6/7/8/9/10/11/12/13/14/15/16/17/18/20,False
20,20,shrinkage_lda,6,0.5357142857142857,0.5333333333333333,0.5,0.5714285714285714,4,4,3,4,15,False,1/2/3/4/5/6/7/8/9/10/11/12/13/14/15/16/17/18/19,False
20,20,shrinkage_lda,10,0.49107142857142855,0.4666666666666667,0.8571428571428571,0.125,6,1,7,1,15,False,1/2/3/4/5/6/7/8/9/10/11/12/13/14/15/16/17/18/19,False
20,20,shrinkage_lda,14,0.6160714285714286,0.6,0.375,0.8571428571428571,3,5,1,6,15,False,1/2/3/4/5/6/7/8/9/10/11/12/13/14/15/16/17/18/19,False
20,20,shrinkage_lda,6,0.5,0.5,0.5,0.5,3,3,2,2,10,True,1/2/3/4/5/6/7/8/9/10/11/12/13/14/15/16/17/18/19,False
20,20,shrinkage_lda,10,0.48809523809523814,0.46153846153846156,0.8333333333333334,0.14285714285714285,5,1,6,1,13,True,1/2/3/4/5/6/7/8/9/10/11/12/13/14/15/16/17/18/19,False
20,20,shrinkage_lda,14,0.75,0.625,0.5,1.0,3,3,0,2,8,True,1/2/3/4/5/6/7/8/9/10/11/12/13/14/15/16/17/18/19,False
20,20,l2_logistic_regression,6,0.5446428571428572,0.5333333333333333,0.375,0.7142857142857143,3,5,2,5,15,False,1/2/3/4/5/6/7/8/9/10/11/12/13/14/15/16/17/18/19,False
20,20,l2_logistic_regression,10,0.6160714285714286,0.6,0.8571428571428571,0.375,6,1,5,3,15,False,1/2/3/4/5/6/7/8/9/10/11/12/13/14/15/16/17/18/19,False
20,20,l2_logistic_regression,14,0.6160714285714286,0.6,0.375,0.8571428571428571,3,5,1,6,15,False,1/2/3/4/5/6/7/8/9/10/11/12/13/14/15/16/17/18/19,False
20,20,l2_logistic_regression,6,0.625,0.6,0.5,0.75,3,3,1,3,10,True,1/2/3/4/5/6/7/8/9/10/11/12/13/14/15/16/17/18/19,False
20,20,l2_logistic_regression,10,0.6309523809523809,0.6153846153846154,0.8333333333333334,0.42857142857142855,5,1,4,3,13,True,1/2/3/4/5/6/7/8/9/10/11/12/13/14/15/16/17/18/19,False
20,20,l2_logistic_regression,14,0.75,0.625,0.5,1.0,3,3,0,2,8,True,1/2/3/4/5/6/7/8/9/10/11/12/13/14/15/16/17/18/19,False
