subject,method,qc_sensitivity,primary_mean_scenario_test_run_balanced_accuracy,scenario_test_run_balanced_accuracy_range,pooled_accuracy,fists_recall,feet_recall,trial_prediction_appearances,group_observational_unit
1,source_zero_shot,False,0.5208333333333334,0.0625,0.4888888888888889,1.0,0.041666666666666664,90,participant
1,source_zero_shot,True,0.5277777777777778,0.08333333333333337,0.5128205128205128,1.0,0.05,78,participant
1,source_csp_target_lda_source_scaler,False,0.7127976190476192,0.3482142857142857,0.7111111111111111,0.7380952380952381,0.6875,90,participant
1,source_csp_target_lda_source_scaler,True,0.7658730158730158,0.3571428571428572,0.7564102564102564,0.7631578947368421,0.75,78,participant
1,source_csp_target_lda_target_scaler,False,0.7127976190476192,0.3482142857142857,0.7111111111111111,0.7380952380952381,0.6875,90,participant
1,source_csp_target_lda_target_scaler,True,0.7658730158730158,0.3571428571428572,0.7564102564102564,0.7631578947368421,0.75,78,participant
1,target_csp_empirical,False,0.9568452380952381,0.1964285714285714,0.9555555555555556,0.9761904761904762,0.9375,90,participant
1,target_csp_empirical,True,0.9761904761904762,0.1428571428571429,0.9743589743589743,0.9736842105263158,0.975,78,participant
1,target_csp_ledoit_wolf,False,0.9672619047619048,0.1339285714285714,0.9666666666666667,0.9761904761904762,0.9583333333333334,90,participant
1,target_csp_ledoit_wolf,True,0.9880952380952381,0.0714285714285714,0.9871794871794872,0.9736842105263158,1.0,78,participant
2,source_zero_shot,False,0.6636904761904762,0.1339285714285715,0.6666666666666666,0.7083333333333334,0.6190476190476191,90,participant
2,source_zero_shot,True,0.6753968253968253,0.13095238095238093,0.6571428571428571,0.7222222222222222,0.5882352941176471,70,participant
2,source_csp_target_lda_source_scaler,False,0.6339285714285714,0.1875,0.6333333333333333,0.625,0.6428571428571429,90,participant
2,source_csp_target_lda_source_scaler,True,0.5996031746031746,0.26904761904761904,0.6,0.5833333333333334,0.6176470588235294,70,participant
2,source_csp_target_lda_target_scaler,False,0.6339285714285714,0.1875,0.6333333333333333,0.625,0.6428571428571429,90,participant
2,source_csp_target_lda_target_scaler,True,0.5996031746031746,0.26904761904761904,0.6,0.5833333333333334,0.6176470588235294,70,participant
2,target_csp_empirical,False,0.7261904761904763,0.375,0.7111111111111111,0.5,0.9523809523809523,90,participant
2,target_csp_empirical,True,0.689484126984127,0.4285714285714286,0.6857142857142857,0.4444444444444444,0.9411764705882353,70,participant
2,target_csp_ledoit_wolf,False,0.7261904761904763,0.375,0.7111111111111111,0.5,0.9523809523809523,90,participant
2,target_csp_ledoit_wolf,True,0.689484126984127,0.4285714285714286,0.6857142857142857,0.4444444444444444,0.9411764705882353,70,participant
3,source_zero_shot,False,0.5178571428571429,0.07142857142857145,0.4888888888888889,0.9523809523809523,0.08333333333333333,90,participant
3,source_zero_shot,True,0.5178571428571429,0.07142857142857145,0.4888888888888889,0.9523809523809523,0.08333333333333333,90,participant
3,source_csp_target_lda_source_scaler,False,0.49702380952380953,0.1696428571428572,0.4888888888888889,0.6190476190476191,0.375,90,participant
3,source_csp_target_lda_source_scaler,True,0.49702380952380953,0.1696428571428572,0.4888888888888889,0.6190476190476191,0.375,90,participant
3,source_csp_target_lda_target_scaler,False,0.49702380952380953,0.1696428571428572,0.4888888888888889,0.6190476190476191,0.375,90,participant
3,source_csp_target_lda_target_scaler,True,0.49702380952380953,0.1696428571428572,0.4888888888888889,0.6190476190476191,0.375,90,participant
3,target_csp_empirical,False,0.5133928571428571,0.3392857142857143,0.5222222222222223,0.38095238095238093,0.6458333333333334,90,participant
3,target_csp_empirical,True,0.5133928571428571,0.3392857142857143,0.5222222222222223,0.38095238095238093,0.6458333333333334,90,participant
3,target_csp_ledoit_wolf,False,0.44196428571428575,0.3482142857142858,0.4444444444444444,0.40476190476190477,0.4791666666666667,90,participant
3,target_csp_ledoit_wolf,True,0.44196428571428575,0.3482142857142858,0.4444444444444444,0.40476190476190477,0.4791666666666667,90,participant
4,source_zero_shot,False,0.4791666666666667,0.0625,0.4888888888888889,0.0,0.9565217391304348,90,participant
4,source_zero_shot,True,0.4761904761904762,0.07142857142857145,0.5454545454545454,0.0,0.9473684210526315,66,participant
4,source_csp_target_lda_source_scaler,False,0.5401785714285713,0.25000000000000006,0.5333333333333333,0.6818181818181818,0.391304347826087,90,participant
4,source_csp_target_lda_source_scaler,True,0.5468253968253968,0.23333333333333334,0.5151515151515151,0.7142857142857143,0.3684210526315789,66,participant
4,source_csp_target_lda_target_scaler,False,0.5401785714285713,0.25000000000000006,0.5333333333333333,0.6818181818181818,0.391304347826087,90,participant
4,source_csp_target_lda_target_scaler,True,0.5468253968253968,0.23333333333333334,0.5151515151515151,0.7142857142857143,0.3684210526315789,66,participant
4,target_csp_empirical,False,0.5208333333333334,0.25892857142857145,0.5111111111111111,0.8181818181818182,0.21739130434782608,90,participant
4,target_csp_empirical,True,0.4682539682539682,0.45238095238095233,0.4393939393939394,0.7142857142857143,0.23684210526315788,66,participant
4,target_csp_ledoit_wolf,False,0.625,0.2857142857142857,0.6111111111111112,0.9318181818181818,0.30434782608695654,90,participant
4,target_csp_ledoit_wolf,True,0.613095238095238,0.2857142857142857,0.5757575757575758,0.8928571428571429,0.34210526315789475,66,participant
5,source_zero_shot,False,0.5029761904761905,0.008928571428571397,0.5111111111111111,0.9565217391304348,0.045454545454545456,90,participant
5,source_zero_shot,True,0.5069444444444445,0.02083333333333337,0.5142857142857142,0.9444444444444444,0.058823529411764705,70,participant
5,source_csp_target_lda_source_scaler,False,0.519345238095238,0.20535714285714285,0.5111111111111111,0.6521739130434783,0.36363636363636365,90,participant
5,source_csp_target_lda_source_scaler,True,0.5411706349206349,0.31249999999999994,0.5,0.6388888888888888,0.35294117647058826,70,participant
5,source_csp_target_lda_target_scaler,False,0.519345238095238,0.20535714285714285,0.5111111111111111,0.6521739130434783,0.36363636363636365,90,participant
5,source_csp_target_lda_target_scaler,True,0.5411706349206349,0.31249999999999994,0.5,0.6388888888888888,0.35294117647058826,70,participant
5,target_csp_empirical,False,0.6294642857142857,0.3035714285714286,0.6333333333333333,0.5217391304347826,0.75,90,participant
5,target_csp_empirical,True,0.6483134920634921,0.375,0.6714285714285714,0.5277777777777778,0.8235294117647058,70,participant
5,target_csp_ledoit_wolf,False,0.5357142857142857,0.35714285714285715,0.5444444444444444,0.5217391304347826,0.5681818181818182,90,participant
5,target_csp_ledoit_wolf,True,0.5307539682539683,0.39285714285714285,0.5714285714285714,0.5277777777777778,0.6176470588235294,70,participant
6,source_zero_shot,False,0.5684523809523809,0.29464285714285715,0.5777777777777777,0.22727272727272727,0.9130434782608695,90,participant
6,source_zero_shot,True,0.572420634920635,0.29464285714285715,0.5909090909090909,0.23809523809523808,0.9130434782608695,88,participant
6,source_csp_target_lda_source_scaler,False,0.5491071428571429,0.4642857142857143,0.5555555555555556,0.5681818181818182,0.5434782608695652,90,participant
6,source_csp_target_lda_source_scaler,True,0.5471230158730158,0.4642857142857143,0.5568181818181818,0.5714285714285714,0.5434782608695652,88,participant
6,source_csp_target_lda_target_scaler,False,0.5491071428571429,0.4642857142857143,0.5555555555555556,0.5681818181818182,0.5434782608695652,90,participant
6,source_csp_target_lda_target_scaler,True,0.5471230158730158,0.4642857142857143,0.5568181818181818,0.5714285714285714,0.5434782608695652,88,participant
6,target_csp_empirical,False,0.4583333333333333,0.1160714285714286,0.45555555555555555,0.6590909090909091,0.2608695652173913,90,participant
6,target_csp_empirical,True,0.44642857142857145,0.1875,0.4431818181818182,0.6428571428571429,0.2608695652173913,88,participant
6,target_csp_ledoit_wolf,False,0.5029761904761905,0.375,0.5,0.7954545454545454,0.21739130434782608,90,participant
6,target_csp_ledoit_wolf,True,0.5089285714285715,0.3392857142857143,0.5,0.8095238095238095,0.21739130434782608,88,participant
7,source_zero_shot,False,0.8869047619047619,0.2053571428571428,0.8888888888888888,0.8636363636363636,0.9130434782608695,90,participant
7,source_zero_shot,True,0.9206349206349206,0.15476190476190477,0.918918918918919,0.8888888888888888,0.9473684210526315,74,participant
7,source_csp_target_lda_source_scaler,False,0.8958333333333334,0.1428571428571428,0.9,0.9090909090909091,0.8913043478260869,90,participant
7,source_csp_target_lda_source_scaler,True,0.9138888888888891,0.16666666666666674,0.918918918918919,0.9722222222222222,0.868421052631579,74,participant
7,source_csp_target_lda_target_scaler,False,0.8958333333333334,0.1428571428571428,0.9,0.9090909090909091,0.8913043478260869,90,participant
7,source_csp_target_lda_target_scaler,True,0.9138888888888891,0.16666666666666674,0.918918918918919,0.9722222222222222,0.868421052631579,74,participant
7,target_csp_empirical,False,0.8973214285714287,0.2142857142857143,0.9,0.8636363636363636,0.9347826086956522,90,participant
7,target_csp_empirical,True,0.8992063492063492,0.19999999999999996,0.9054054054054054,0.8888888888888888,0.9210526315789473,74,participant
7,target_csp_ledoit_wolf,False,0.8883928571428572,0.2142857142857143,0.8888888888888888,0.8636363636363636,0.9130434782608695,90,participant
7,target_csp_ledoit_wolf,True,0.8873015873015873,0.22619047619047616,0.8918918918918919,0.8888888888888888,0.8947368421052632,74,participant
8,source_zero_shot,False,0.6428571428571428,0.3125,0.6444444444444445,0.5217391304347826,0.7727272727272727,90,participant
8,source_zero_shot,True,0.5750000000000001,0.42500000000000004,0.6,0.5,0.7272727272727273,50,participant
8,source_csp_target_lda_source_scaler,False,0.8854166666666669,0.1964285714285714,0.8888888888888888,0.9565217391304348,0.8181818181818182,90,participant
8,source_csp_target_lda_source_scaler,True,0.9291666666666667,0.19999999999999996,0.92,0.9285714285714286,0.9090909090909091,50,participant
8,source_csp_target_lda_target_scaler,False,0.8854166666666669,0.1964285714285714,0.8888888888888888,0.9565217391304348,0.8181818181818182,90,participant
8,source_csp_target_lda_target_scaler,True,0.9291666666666667,0.19999999999999996,0.92,0.9285714285714286,0.9090909090909091,50,participant
8,target_csp_empirical,False,0.8199404761904763,0.3303571428571428,0.8222222222222222,0.782608695652174,0.8636363636363636,90,participant
8,target_csp_empirical,True,0.7416666666666667,0.4,0.76,0.6785714285714286,0.8636363636363636,50,participant
8,target_csp_ledoit_wolf,False,0.8318452380952381,0.2857142857142857,0.8333333333333334,0.8043478260869565,0.8636363636363636,90,participant
8,target_csp_ledoit_wolf,True,0.8000000000000002,0.4,0.8,0.7142857142857143,0.9090909090909091,50,participant
9,source_zero_shot,False,0.5357142857142857,0.17857142857142855,0.5333333333333333,0.6956521739130435,0.36363636363636365,90,participant
9,source_zero_shot,True,0.5218253968253969,0.17857142857142855,0.5116279069767442,0.6666666666666666,0.36363636363636365,86,participant
9,source_csp_target_lda_source_scaler,False,0.5208333333333334,0.0625,0.5222222222222223,0.8478260869565217,0.18181818181818182,90,participant
9,source_csp_target_lda_source_scaler,True,0.5243055555555556,0.08333333333333337,0.5232558139534884,0.8809523809523809,0.18181818181818182,86,participant
9,source_csp_target_lda_target_scaler,False,0.5208333333333334,0.0625,0.5222222222222223,0.8478260869565217,0.18181818181818182,90,participant
9,source_csp_target_lda_target_scaler,True,0.5243055555555556,0.08333333333333337,0.5232558139534884,0.8809523809523809,0.18181818181818182,86,participant
9,target_csp_empirical,False,0.4672619047619048,0.3035714285714286,0.4777777777777778,0.6304347826086957,0.3181818181818182,90,participant
9,target_csp_empirical,True,0.4603174603174603,0.3035714285714286,0.45348837209302323,0.5952380952380952,0.3181818181818182,86,participant
9,target_csp_ledoit_wolf,False,0.4925595238095238,0.2053571428571428,0.5,0.6086956521739131,0.38636363636363635,90,participant
9,target_csp_ledoit_wolf,True,0.48561507936507936,0.2053571428571428,0.47674418604651164,0.5714285714285714,0.38636363636363635,86,participant
10,source_zero_shot,False,0.7529761904761906,0.2857142857142857,0.7555555555555555,0.6956521739130435,0.8181818181818182,90,participant
10,source_zero_shot,True,0.6734126984126984,0.4583333333333333,0.7428571428571429,0.6666666666666666,0.8235294117647058,70,participant
10,source_csp_target_lda_source_scaler,False,0.6592261904761905,0.3571428571428572,0.6777777777777778,0.717391304347826,0.6363636363636364,90,participant
10,source_csp_target_lda_source_scaler,True,0.6408730158730158,0.4166666666666666,0.7285714285714285,0.8055555555555556,0.6470588235294118,70,participant
10,source_csp_target_lda_target_scaler,False,0.6592261904761905,0.3571428571428572,0.6777777777777778,0.717391304347826,0.6363636363636364,90,participant
10,source_csp_target_lda_target_scaler,True,0.6408730158730158,0.4166666666666666,0.7285714285714285,0.8055555555555556,0.6470588235294118,70,participant
10,target_csp_empirical,False,0.5505952380952381,0.2321428571428572,0.5666666666666667,0.5,0.6363636363636364,90,participant
10,target_csp_empirical,True,0.5486111111111112,0.29166666666666674,0.6142857142857143,0.5833333333333334,0.6470588235294118,70,participant
10,target_csp_ledoit_wolf,False,0.6026785714285715,0.2321428571428572,0.6,0.30434782608695654,0.9090909090909091,90,participant
10,target_csp_ledoit_wolf,True,0.5868055555555556,0.29166666666666674,0.6142857142857143,0.3055555555555556,0.9411764705882353,70,participant
11,source_zero_shot,False,0.7023809523809524,0.1875,0.7111111111111111,0.7272727272727273,0.6956521739130435,90,participant
11,source_zero_shot,True,0.6934523809523809,0.2142857142857143,0.7045454545454546,0.7272727272727273,0.6818181818181818,88,participant
11,source_csp_target_lda_source_scaler,False,0.6160714285714286,0.2857142857142857,0.6333333333333333,0.6818181818181818,0.5869565217391305,90,participant
11,source_csp_target_lda_source_scaler,True,0.6086309523809523,0.2857142857142857,0.625,0.6818181818181818,0.5681818181818182,88,participant
11,source_csp_target_lda_target_scaler,False,0.6160714285714286,0.2857142857142857,0.6333333333333333,0.6818181818181818,0.5869565217391305,90,participant
11,source_csp_target_lda_target_scaler,True,0.6086309523809523,0.2857142857142857,0.625,0.6818181818181818,0.5681818181818182,88,participant
11,target_csp_empirical,False,0.5059523809523809,0.13392857142857145,0.5111111111111111,0.7727272727272727,0.2608695652173913,90,participant
11,target_csp_empirical,True,0.5029761904761905,0.13392857142857145,0.5113636363636364,0.7727272727272727,0.25,88,participant
11,target_csp_ledoit_wolf,False,0.5386904761904762,0.1517857142857143,0.5444444444444444,0.7954545454545454,0.30434782608695654,90,participant
11,target_csp_ledoit_wolf,True,0.5357142857142857,0.1517857142857143,0.5454545454545454,0.7954545454545454,0.29545454545454547,88,participant
12,source_zero_shot,False,0.5476190476190476,0.1428571428571428,0.5333333333333333,1.0,0.08695652173913043,90,participant
12,source_zero_shot,True,0.5555555555555555,0.16666666666666663,0.5609756097560976,1.0,0.1,82,participant
12,source_csp_target_lda_source_scaler,False,0.6071428571428572,0.2678571428571429,0.6,0.75,0.45652173913043476,90,participant
12,source_csp_target_lda_source_scaler,True,0.6125992063492064,0.36011904761904767,0.5975609756097561,0.7380952380952381,0.45,82,participant
12,source_csp_target_lda_target_scaler,False,0.6071428571428572,0.2678571428571429,0.6,0.75,0.45652173913043476,90,participant
12,source_csp_target_lda_target_scaler,True,0.6125992063492064,0.36011904761904767,0.5975609756097561,0.7380952380952381,0.45,82,participant
12,target_csp_empirical,False,0.7619047619047619,0.5,0.7555555555555555,0.7954545454545454,0.717391304347826,90,participant
12,target_csp_empirical,True,0.7604166666666666,0.5,0.7560975609756098,0.8095238095238095,0.7,82,participant
12,target_csp_ledoit_wolf,False,0.78125,0.4285714285714286,0.7777777777777778,0.75,0.8043478260869565,90,participant
12,target_csp_ledoit_wolf,True,0.7743055555555557,0.41666666666666663,0.7682926829268293,0.7619047619047619,0.775,82,participant
13,source_zero_shot,False,0.7321428571428571,0.017857142857142905,0.7333333333333333,0.8181818181818182,0.6521739130434783,90,participant
13,source_zero_shot,True,0.7831349206349207,0.19166666666666676,0.7631578947368421,0.8235294117647058,0.7142857142857143,76,participant
13,source_csp_target_lda_source_scaler,False,0.5967261904761905,0.25,0.6,0.6590909090909091,0.5434782608695652,90,participant
13,source_csp_target_lda_source_scaler,True,0.5967261904761905,0.3125,0.5921052631578947,0.6176470588235294,0.5714285714285714,76,participant
13,source_csp_target_lda_target_scaler,False,0.5967261904761905,0.25,0.6,0.6590909090909091,0.5434782608695652,90,participant
13,source_csp_target_lda_target_scaler,True,0.5967261904761905,0.3125,0.5921052631578947,0.6176470588235294,0.5714285714285714,76,participant
13,target_csp_empirical,False,0.5654761904761906,0.1071428571428572,0.5555555555555556,0.7272727272727273,0.391304347826087,90,participant
13,target_csp_empirical,True,0.5513888888888889,0.2,0.5394736842105263,0.7352941176470589,0.38095238095238093,76,participant
13,target_csp_ledoit_wolf,False,0.6502976190476191,0.1696428571428572,0.6444444444444445,0.7045454545454546,0.5869565217391305,90,participant
13,target_csp_ledoit_wolf,True,0.64375,0.10416666666666663,0.6447368421052632,0.7058823529411765,0.5952380952380952,76,participant
14,source_zero_shot,False,0.6577380952380952,0.2410714285714286,0.6666666666666666,0.7916666666666666,0.5238095238095238,90,participant
14,source_zero_shot,True,0.6646825396825397,0.20238095238095233,0.6571428571428571,0.75,0.5333333333333333,70,participant
14,source_csp_target_lda_source_scaler,False,0.6264880952380952,0.2321428571428572,0.6222222222222222,0.5625,0.6904761904761905,90,participant
14,source_csp_target_lda_source_scaler,True,0.6958333333333334,0.21904761904761905,0.6571428571428571,0.575,0.7666666666666667,70,participant
14,source_csp_target_lda_target_scaler,False,0.6264880952380952,0.2321428571428572,0.6222222222222222,0.5625,0.6904761904761905,90,participant
14,source_csp_target_lda_target_scaler,True,0.6958333333333334,0.21904761904761905,0.6571428571428571,0.575,0.7666666666666667,70,participant
14,target_csp_empirical,False,0.5074404761904762,0.3660714285714286,0.5222222222222223,0.7291666666666666,0.2857142857142857,90,participant
14,target_csp_empirical,True,0.4978174603174603,0.45,0.5285714285714286,0.7,0.3,70,participant
14,target_csp_ledoit_wolf,False,0.625,0.4107142857142858,0.6333333333333333,0.75,0.5,90,participant
14,target_csp_ledoit_wolf,True,0.6125992063492064,0.3125,0.6285714285714286,0.725,0.5,70,participant
15,source_zero_shot,False,0.8273809523809524,0.0803571428571428,0.8222222222222222,0.9545454545454546,0.6956521739130435,90,participant
15,source_zero_shot,True,0.7785714285714286,0.050000000000000044,0.7666666666666667,1.0,0.5625,60,participant
15,source_csp_target_lda_source_scaler,False,0.7827380952380952,0.2321428571428572,0.7888888888888889,0.7045454545454546,0.8695652173913043,90,participant
15,source_csp_target_lda_source_scaler,True,0.8220238095238096,0.32499999999999996,0.8166666666666667,0.8214285714285714,0.8125,60,participant
15,source_csp_target_lda_target_scaler,False,0.7827380952380952,0.2321428571428572,0.7888888888888889,0.7045454545454546,0.8695652173913043,90,participant
15,source_csp_target_lda_target_scaler,True,0.8220238095238096,0.32499999999999996,0.8166666666666667,0.8214285714285714,0.8125,60,participant
15,target_csp_empirical,False,0.71875,0.3035714285714286,0.7111111111111111,0.75,0.6739130434782609,90,participant
15,target_csp_empirical,True,0.7244047619047619,0.3285714285714286,0.7166666666666667,0.7142857142857143,0.71875,60,participant
15,target_csp_ledoit_wolf,False,0.6845238095238094,0.2321428571428572,0.6777777777777778,0.7954545454545454,0.5652173913043478,90,participant
15,target_csp_ledoit_wolf,True,0.6660714285714285,0.25,0.6666666666666666,0.75,0.59375,60,participant
16,source_zero_shot,False,0.5684523809523809,0.3928571428571429,0.5555555555555556,0.375,0.7619047619047619,90,participant
16,source_zero_shot,True,0.560515873015873,0.3571428571428572,0.55,0.3333333333333333,0.7894736842105263,80,participant
16,source_csp_target_lda_source_scaler,False,0.5654761904761905,0.14285714285714285,0.5666666666666667,0.5833333333333334,0.5476190476190477,90,participant
16,source_csp_target_lda_source_scaler,True,0.5773809523809524,0.16666666666666663,0.5875,0.5952380952380952,0.5789473684210527,80,participant
16,source_csp_target_lda_target_scaler,False,0.5654761904761905,0.14285714285714285,0.5666666666666667,0.5833333333333334,0.5476190476190477,90,participant
16,source_csp_target_lda_target_scaler,True,0.5773809523809524,0.16666666666666663,0.5875,0.5952380952380952,0.5789473684210527,80,participant
16,target_csp_empirical,False,0.5267857142857142,0.20535714285714285,0.5333333333333333,0.625,0.42857142857142855,90,participant
16,target_csp_empirical,True,0.5208333333333333,0.2976190476190476,0.525,0.6428571428571429,0.39473684210526316,80,participant
16,target_csp_ledoit_wolf,False,0.519345238095238,0.27678571428571436,0.5222222222222223,0.5625,0.47619047619047616,90,participant
16,target_csp_ledoit_wolf,True,0.5124007936507936,0.369047619047619,0.5125,0.5714285714285714,0.4473684210526316,80,participant
17,source_zero_shot,False,0.5,0.0,0.4666666666666667,0.0,1.0,90,participant
17,source_zero_shot,True,0.5,0.0,0.4634146341463415,0.0,1.0,82,participant
17,source_csp_target_lda_source_scaler,False,0.47470238095238093,0.125,0.4888888888888889,0.6875,0.2619047619047619,90,participant
17,source_csp_target_lda_source_scaler,True,0.4875,0.17500000000000004,0.5,0.7045454545454546,0.2631578947368421,82,participant
17,source_csp_target_lda_target_scaler,False,0.47470238095238093,0.125,0.4888888888888889,0.6875,0.2619047619047619,90,participant
17,source_csp_target_lda_target_scaler,True,0.4875,0.17500000000000004,0.5,0.7045454545454546,0.2631578947368421,82,participant
17,target_csp_empirical,False,0.5476190476190476,0.1875,0.5555555555555556,0.6666666666666666,0.42857142857142855,90,participant
17,target_csp_empirical,True,0.5368055555555555,0.20416666666666666,0.5487804878048781,0.7045454545454546,0.3684210526315789,82,participant
17,target_csp_ledoit_wolf,False,0.4985119047619047,0.09821428571428575,0.5111111111111111,0.6875,0.30952380952380953,90,participant
17,target_csp_ledoit_wolf,True,0.5160714285714285,0.18809523809523815,0.524390243902439,0.7045454545454546,0.3157894736842105,82,participant
18,source_zero_shot,False,0.5654761904761905,0.1160714285714286,0.5555555555555556,0.9545454545454546,0.17391304347826086,90,participant
18,source_zero_shot,True,0.5654761904761905,0.1160714285714286,0.5555555555555556,0.9545454545454546,0.17391304347826086,90,participant
18,source_csp_target_lda_source_scaler,False,0.49107142857142855,0.062499999999999944,0.5,0.5,0.5,90,participant
18,source_csp_target_lda_source_scaler,True,0.49107142857142855,0.062499999999999944,0.5,0.5,0.5,90,participant
18,source_csp_target_lda_target_scaler,False,0.49107142857142855,0.062499999999999944,0.5,0.5,0.5,90,participant
18,source_csp_target_lda_target_scaler,True,0.49107142857142855,0.062499999999999944,0.5,0.5,0.5,90,participant
18,target_csp_empirical,False,0.4642857142857142,0.28571428571428575,0.4666666666666667,0.45454545454545453,0.4782608695652174,90,participant
18,target_csp_empirical,True,0.4642857142857142,0.28571428571428575,0.4666666666666667,0.45454545454545453,0.4782608695652174,90,participant
18,target_csp_ledoit_wolf,False,0.4285714285714286,0.3214285714285714,0.43333333333333335,0.6590909090909091,0.21739130434782608,90,participant
18,target_csp_ledoit_wolf,True,0.4285714285714286,0.3214285714285714,0.43333333333333335,0.6590909090909091,0.21739130434782608,90,participant
19,source_zero_shot,False,0.5238095238095238,0.0625,0.5333333333333333,0.09090909090909091,0.9565217391304348,90,participant
19,source_zero_shot,True,0.4930555555555556,0.14583333333333331,0.5121951219512195,0.05,0.9523809523809523,82,participant
19,source_csp_target_lda_source_scaler,False,0.7261904761904762,0.1964285714285715,0.7333333333333333,0.75,0.717391304347826,90,participant
19,source_csp_target_lda_source_scaler,True,0.7023809523809524,0.2523809523809524,0.7195121951219512,0.725,0.7142857142857143,82,participant
19,source_csp_target_lda_target_scaler,False,0.7261904761904762,0.1964285714285715,0.7333333333333333,0.75,0.717391304347826,90,participant
19,source_csp_target_lda_target_scaler,True,0.7023809523809524,0.2523809523809524,0.7195121951219512,0.725,0.7142857142857143,82,participant
19,target_csp_empirical,False,0.5877976190476191,0.2857142857142857,0.6,0.5227272727272727,0.6739130434782609,90,participant
19,target_csp_empirical,True,0.5739087301587301,0.20238095238095233,0.5853658536585366,0.525,0.6428571428571429,82,participant
19,target_csp_ledoit_wolf,False,0.6011904761904762,0.2678571428571429,0.6,0.7272727272727273,0.4782608695652174,90,participant
19,target_csp_ledoit_wolf,True,0.5827380952380953,0.2678571428571429,0.5853658536585366,0.725,0.4523809523809524,82,participant
20,source_zero_shot,False,0.5803571428571429,0.0625,0.5777777777777777,0.43478260869565216,0.7272727272727273,90,participant
20,source_zero_shot,True,0.5773809523809524,0.125,0.5806451612903226,0.5,0.6923076923076923,62,participant
20,source_csp_target_lda_source_scaler,False,0.4866071428571428,0.2232142857142858,0.4888888888888889,0.45652173913043476,0.5227272727272727,90,participant
20,source_csp_target_lda_source_scaler,True,0.47321428571428575,0.36904761904761907,0.5161290322580645,0.4166666666666667,0.6538461538461539,62,participant
20,source_csp_target_lda_target_scaler,False,0.4866071428571428,0.2232142857142858,0.4888888888888889,0.45652173913043476,0.5227272727272727,90,participant
20,source_csp_target_lda_target_scaler,True,0.47321428571428575,0.36904761904761907,0.5161290322580645,0.4166666666666667,0.6538461538461539,62,participant
20,target_csp_empirical,False,0.5550595238095238,0.26785714285714285,0.5555555555555556,0.5869565217391305,0.5227272727272727,90,participant
20,target_csp_empirical,True,0.5555555555555555,0.34523809523809523,0.5483870967741935,0.5277777777777778,0.5769230769230769,62,participant
20,target_csp_ledoit_wolf,False,0.519345238095238,0.3392857142857143,0.5222222222222223,0.5652173913043478,0.4772727272727273,90,participant
20,target_csp_ledoit_wolf,True,0.5089285714285715,0.5416666666666666,0.5,0.5,0.5,62,participant
