subject,run,channel,mean_uV,std_uV,variance_uV2,minimum_uV,maximum_uV,peak_to_peak_uV,median_uV,mad_uV,iqr_uV,max_abs_step_uV,identical_step_fraction,longest_identical_run_samples,longest_identical_run_seconds,median_peer_correlation,mean_robust_z,std_robust_z,peak_to_peak_robust_z,max_abs_step_robust_z,median_peer_correlation_robust_z,candidate_status,candidate_evidence
1,6,FC5,10.0506,68.66276603545768,4714.575439640001,-549.0,426.0,975.0,5.0,35.0,70.25,343.99999999999994,0.03125156257812891,80,0.5,0.7884701258644241,0.6666799118443064,0.4525990001091773,0.5665713901647087,1.5219255901860242,0.4354849506508297,not flagged by heuristic,
1,6,FC3,11.98935,70.64561583408768,4990.8030365775,-543.0,425.0,968.0,6.0,37.0,74.99999999999999,355.0,0.0272013600680034,80,0.5,0.8314545367154849,1.1942521802939279,0.7145028726899109,0.4721428251372572,1.9024069877325327,1.169903909558918,not flagged by heuristic,
1,6,FC1,11.51045,70.1707067856488,4923.9280907975,-536.0,388.99999999999994,925.0,7.0,39.0,78.0,357.0,0.02830141507075354,80,0.5,0.8207013999178835,1.0639340065425296,0.6517747129494657,-0.10791836003137308,1.9715854236500792,0.986178987534175,not flagged by heuristic,
1,6,FCz,11.232,70.48905642722137,4968.707075999999,-536.0,367.0,903.0,8.0,40.99999999999999,81.0,344.0,0.028701435071753587,80,0.5,0.7850299405224122,0.9881622473421183,0.6938237900001585,-0.40469385011764897,1.521925590186026,0.37670695911139374,not flagged by heuristic,
1,6,FC2,9.66255,67.05883966709757,4496.887977497499,-560.0,357.0,917.0,7.0,37.99999999999999,75.0,363.0,0.029101455072753638,80,0.5,0.8081501083086603,0.561083822213423,0.24074506770436066,-0.21583672006274615,2.179120731402719,0.7717313230416409,not flagged by heuristic,
1,6,FC4,9.3385,60.27605841252395,3633.2032177499996,-535.0,330.99999999999994,866.0,6.0,33.0,67.0,332.0,0.030851542577128858,80,0.5,0.8055503057438702,0.47290339998719494,-0.6551557103920049,-0.9038162652627494,1.1068549746807463,0.7273118636330773,not flagged by heuristic,
1,6,FC6,9.0366,57.82252208646731,3343.4440604399997,-549.0,334.0,883.0,5.0,29.0,59.0,324.0,0.03470173508675434,80,0.5,0.7827928114741342,0.3907504314017969,-0.9792300128206217,-0.6744897501960817,0.8301412310105597,0.33848403237936836,not flagged by heuristic,
1,6,C5,6.70825,64.6473984931915,4179.2861319375,-531.0,357.0,888.0,2.0,35.99999999999999,71.0,337.0,0.029151457572878643,80,0.5,0.7990747004264142,-0.24283971237366453,-0.07776911445053314,-0.6070407751764736,1.2798010644746127,0.6166715821593021,not flagged by heuristic,
1,6,C3,10.27845,65.02631863789846,4228.4221155975,-523.0,359.99999999999994,883.0,6.0,36.99999999999999,72.99999999999999,313.99999999999994,0.029801490074503726,80,0.5,0.836209506847442,0.7286824090029119,-0.0277196082468001,-0.6744897501960817,0.4842490514228245,1.2511459260204474,not flagged by heuristic,
1,6,C1,7.993,66.17756078158216,4379.469551,-536.0,345.0,881.0,5.0,37.99999999999999,75.99999999999999,335.0,0.02830141507075354,80,0.5,0.8522458588308537,0.10676620478463396,0.12434172081465039,-0.7014693402039249,1.2106226285570663,1.525138303609362,not flagged by heuristic,
1,6,Cz,8.0542,64.86065881842397,4206.905062359999,-531.0,278.0,809.0,7.0,41.0,82.0,338.0,0.0272013600680034,80,0.5,0.7827869955624125,0.1234199367403356,-0.049600715066575284,-1.6727345804862828,1.3143902824333862,0.3383846634279938,not flagged by heuristic,
1,6,C2,5.48405,57.91761343147264,3354.4499455975,-533.0,262.0,795.0,5.0,36.0,72.0,333.0,0.0288014400720036,80,0.5,0.7492145081810345,-0.5759687754483396,-0.9666699129466858,-1.8615917105411857,1.1414441926395196,-0.2352249485780781,not flagged by heuristic,
1,6,C4,1.75405,50.91877510896643,2592.7216585974993,-542.0,222.0,764.0,2.0,31.0,62.0,325.0,0.03135156757837892,80,0.5,0.7653705642175174,-1.590975641375915,-1.891108496997431,-2.279775355662756,0.864730448969333,0.0408126571364053,not flagged by heuristic,
1,6,C6,4.4656,50.22819344392151,2522.87141664,-545.0,301.0,846.0,2.0,26.0,52.0,320.0,0.03605180259012951,80,0.5,0.8035369920783163,-0.8531091890150792,-1.9823236826022508,-1.1736121653411822,0.6917843591754663,0.6929129804813489,not flagged by heuristic,
1,6,CP5,4.31015,56.65375589471098,3209.6480569774994,-543.0,269.0,812.0,2.0,33.0,67.0,321.0,0.03000150007500375,80,0.5,0.8033837709787659,-0.8954102124221681,-1.1336059983208413,-1.6322651954745178,0.7263735771342398,0.6902950899906668,not flagged by heuristic,
1,6,CP3,4.70545,58.18039609952393,3384.9584902974993,-539.0,262.0,801.0,4.0,35.0,71.0,307.0,0.031451572578628934,80,0.5,0.8043793964576319,-0.787841254218101,-0.9319603759674938,-1.7806529405176557,0.24212452571141324,0.7073060531090107,not flagged by heuristic,
1,6,CP1,3.9008,59.52124292519436,3542.7783593599997,-542.0,262.0,804.0,3.0,37.0,74.0,312.0,0.029701485074253714,80,0.5,0.7924161186025755,-1.0068024538611637,-0.7548551931022549,-1.7401835555058909,0.41507061550527985,0.5029050180946653,not flagged by heuristic,
1,6,CPz,1.70375,56.46265479002471,3188.0313859375,-551.0,222.0,773.0,3.0,36.0,72.0,310.0,0.030601530076503826,80,0.5,0.6943092214403466,-1.6046632674767614,-1.1588475064806487,-2.1583672006274615,0.34589217958773316,-1.1733204750322004,not flagged by heuristic,
1,6,CP2,0.43395,52.86863377653616,2795.0924373975,-548.0,215.0,763.0,2.0,33.0,67.0,304.0,0.030401520076003802,80,0.5,0.6690955486080403,-1.9502009935772535,-1.6335622439355704,-2.2932651506666777,0.1383568718350933,-1.6041138483766333,not flagged by heuristic,
1,6,CP4,-0.69305,50.449490896316284,2545.1511316974997,-552.0,198.0,750.0,1.0,31.0,63.0,300.0,0.030601530076503826,80,0.5,0.6615925308114118,-2.256880011781108,-1.953093702694299,-2.468632485717659,0.0,-1.732308196275502,not flagged by heuristic,
1,6,CP6,0.6114,45.54536299163725,2074.3800900399997,-527.9999999999999,166.0,693.9999999999999,2.0,27.0,55.0,280.9999999999999,0.03480174008700435,80,0.5,0.6000017035321151,-1.9019133344998143,-2.6008533518387322,-3.2240610059372723,-0.657195141216697,-2.7846308954391845,not flagged by heuristic,
1,6,Fp1,-0.70215,106.45450453305158,11332.5615353775,-554.9999999999999,580.0,1135.0,-5.0,53.0,107.0,300.9999999999999,0.02665133256662833,80,0.5,0.5732668485117123,-2.2593563019902074,5.444304711210885,2.72493859079217,0.03458921795876939,-3.241414738741725,statistically unusual,high standard deviation (rz=5.44)
1,6,Fpz,-0.5694,92.718592437763,8596.73738364,-551.0,516.0,1067.0,-4.0,44.0,89.0,301.0,0.030301515075753786,80,0.5,0.602873183174521,-2.2232323981157074,3.630002602362189,1.8076325305254988,0.03458921795877332,-2.7355696416556063,statistically unusual,high standard deviation (rz=3.63)
1,6,Fp2,-0.4686,97.80401686045415,9565.62571404,-552.0,539.0,1091.0,-5.0,49.0,98.0,291.0,0.028901445072253614,80,0.5,0.5871571664545654,-2.195802721953375,4.301708725004304,2.131387610619618,-0.3113029616289599,-3.0040888654654885,statistically unusual,high standard deviation (rz=4.30)
1,6,AF7,-2.5588,92.98650516370641,8646.49014256,-563.9999999999999,544.0,1108.0,-6.0,43.99999999999999,87.0,291.9999999999999,0.028351417570878543,80,0.5,0.5866894800015973,-2.764587534597294,3.665389740856856,2.360714125686286,-0.27671374367019047,-3.0120796181845244,statistically unusual,high standard deviation (rz=3.67)
1,6,AF3,-0.6463,91.73707645390712,8415.69119631,-551.0,536.9999999999999,1088.0,-4.0,44.0,87.0,288.0,0.029701485074253714,80,0.5,0.6058695617580646,-2.2441584109816137,3.5003594809571523,2.090918225607853,-0.41507061550527985,-2.684374401421988,statistically unusual,high standard deviation (rz=3.50)
1,6,AFz,3.36945,72.30225761826182,5227.616456697499,-549.9999999999999,423.0,972.9999999999999,0.0,40.0,80.0,281.9999999999999,0.030401520076003802,80,0.5,0.724982938532897,-1.1513933112902834,0.9333196983788979,0.5395918001568638,-0.6226059232579236,-0.6492383967408752,not flagged by heuristic,
1,6,AF4,0.50375,70.80622490951978,5013.5214859375,-551.0,412.0,963.0,-1.0,39.0,79.0,275.0,0.031001550077503874,80,0.5,0.6997320506512832,-1.9312070313140512,0.735716854130332,0.40469385011764897,-0.864730448969333,-1.0806676154354482,not flagged by heuristic,
1,6,AF8,1.65385,84.18101644775679,7086.443530177499,-554.0,488.0,1042.0,-1.0,41.99999999999999,84.0,287.0,0.027101355067753387,80,0.5,0.5906605694330755,-1.6182420456563287,2.502320507742697,1.470387655427458,-0.44965983346405314,-2.9442307560446537,not flagged by heuristic,
1,6,F7,6.3969,72.62864221772288,5274.91967039,-545.0,475.99999999999994,1021.0,1.0,35.0,70.0,261.00000000000006,0.02985149257462873,80,0.5,0.7313394741375725,-0.32756421309928135,0.9764300694259765,1.1871019603451038,-1.3489795003921574,-0.5406325052416598,not flagged by heuristic,
1,6,F5,2.5271,82.20431111316486,6757.548765590001,-552.0,459.99999999999994,1012.0,-3.0,44.0,87.99999999999999,230.00000000000006,0.02905145257262863,80,0.5,0.7317157489453289,-1.380613427513901,2.241228224081919,1.065693805309809,-2.4212452571141303,-0.5342035849167242,not flagged by heuristic,
1,6,F3,2.6739,73.74706949289579,5438.63025879,-563.9999999999999,428.0,991.9999999999999,-3.0,38.0,77.0,274.0,0.02985149257462873,80,0.5,0.770966390199997,-1.3406662404044727,1.1241570605324576,0.7958979052313749,-0.8993196669281063,0.1364212885196157,not flagged by heuristic,
1,6,F1,7.17455,70.49340594904959,4969.320282297499,-570.0,407.0,977.0,3.0,39.0,78.0,286.0,0.028101405070253514,80,0.5,0.8020917317144501,-0.11595024814255761,0.6943982947415018,0.5935509801725519,-0.4842490514228265,0.6682196884071707,not flagged by heuristic,
1,6,Fz,5.0109,68.04981396881259,4630.77718119,-567.0,383.0,950.0,2.0,38.0,77.0,294.99999999999994,0.028351417570878543,80,0.5,0.7869990786787697,-0.7047222603313508,0.3716374870023191,0.2293265150666678,-0.17294608979386858,0.4103510725493853,not flagged by heuristic,
1,6,F2,5.0933,64.55790342870499,4167.72289511,-567.0,363.0,930.0,3.0,37.0,74.0,281.0,0.029551477573878694,80,0.5,0.7798804061841315,-0.6822995885478569,-0.08959003199157685,-0.040469385011764905,-0.6571951412166931,0.2887235350582935,not flagged by heuristic,
1,6,F4,4.5645,63.16808798554853,3990.2073397500003,-553.0,361.99999999999994,915.0,3.0,35.99999999999999,72.0,278.0,0.029001450072503626,80,0.5,0.7879344172121803,-0.8261965404788227,-0.2731632138769018,-0.2428163100705894,-0.760962795093013,0.42633199070862626,not flagged by heuristic,
1,6,F6,7.99395,65.95744926388149,4350.3851133974995,-543.0,401.0,944.0,3.0,34.0,68.0,256.0,0.032351617580879045,80,0.5,0.7537646619906158,0.10702471859767171,0.09526838458653096,0.14838774504313798,-1.521925590186026,-0.15748236335844473,not flagged by heuristic,
1,6,F8,9.65675,65.59969763221093,4303.3203294375,-532.0,370.0,902.0,2.0,31.0,62.0,232.99999999999994,0.035551777588879445,80,0.5,0.6591726826149042,0.5595055273548764,0.04801491242674798,-0.4181836451215707,-2.3174776032378146,-1.773653008452934,not flagged by heuristic,
1,6,FT7,7.54745,65.8223689067592,4332.584248497499,-542.0,421.99999999999994,964.0,2.0,31.999999999999996,63.0,256.0,0.030901545077253862,80,0.5,0.7756159189774748,-0.014476773530119702,0.07742635304971959,0.4181836451215707,-1.521925590186026,0.21586176511472974,not flagged by heuristic,
1,6,FT8,9.05225,56.17979013789122,3156.1688199374994,-535.0,347.0,882.0,2.0,24.0,48.0,245.99999999999994,0.04190209510475524,80,0.5,0.7400940268279496,0.3950091063218417,-1.1962095637888468,-0.6879795452000033,-1.8678177697737612,-0.39105480148178484,not flagged by heuristic,
1,6,T7,13.0529,66.17323931613141,4378.89760159,-534.0,470.99999999999994,1005.0,5.0,31.0,61.99999999999999,259.0,0.03325166258312916,80,0.5,0.7978483418099848,1.4836651969848855,0.12377092188799664,0.9712652402823576,-1.418157936309706,0.5957183807429376,not flagged by heuristic,
1,6,T8,11.58305,57.55474961024068,3312.5492026974994,-530.0,404.0,934.0,4.0,23.0,47.0,262.0,0.025301265063253163,80,0.5,0.7548190348466924,1.0836899042546855,-1.0145986264910785,0.013489795003921634,-1.3143902824333862,-0.13946765988969465,not flagged by heuristic,
1,6,T9,8.7871,61.14085600962748,3738.20427359,-534.0,455.0,989.0,1.0,27.0,54.99999999999999,283.0,0.03530176508825441,80,0.5,0.7450611748734569,0.3228565405039605,-0.540929287474638,0.7554285202196115,-0.5880167052991465,-0.30618757580399397,not flagged by heuristic,
1,6,T10,8.9625,52.80952559671409,2788.84599375,-554.0,378.0,932.0,2.0,16.0,32.0,299.0,0.037001850092504625,80,0.5,0.6546931919387722,0.3705863539848443,-1.6413695227356562,-0.013489795003921634,-0.03458921795877332,-1.8501882642274639,not flagged by heuristic,
1,6,TP7,9.925,64.64509010744744,4178.987675,-549.9999999999999,419.99999999999994,969.9999999999998,4.0,31.0,63.0,286.99999999999994,0.03230161508075404,80,0.5,0.7879671648516077,0.6325016645626705,-0.07807401660005386,0.49912241514509736,-0.44965983346405514,0.42689150721190694,not flagged by heuristic,
1,6,TP8,7.18005,54.12141380264839,2929.1274319974996,-549.9999999999999,339.0,888.9999999999999,2.0,23.0,46.0,297.0,0.038901945097254864,80,0.5,0.7456836535870256,-0.11445358922497013,-1.46808932684559,-0.5935509801725535,-0.10376765387631996,-0.2955520882002298,not flagged by heuristic,
1,6,P7,9.262,64.8575767046534,4206.5052559999995,-552.0,414.0,966.0,3.0,31.0,62.0,300.0,0.029451472573628682,80,0.5,0.7788026026048994,0.45208623504256784,-0.05000781475350343,0.4451632351294139,0.0,0.27030850116822286,not flagged by heuristic,
1,6,P5,9.8792,63.601230391872136,4045.1165073599996,-549.9999999999999,370.0,919.9999999999999,5.0,33.0,67.0,287.99999999999994,0.0288014400720036,80,0.5,0.8028256858389373,0.6200385775762141,-0.21595178330184292,-0.17536733505098276,-0.4150706155052818,0.6807598119849927,not flagged by heuristic,
1,6,P3,7.63885,63.741146998445984,4062.9338206774996,-548.0,341.99999999999994,890.0,3.0,35.99999999999999,71.0,288.99999999999994,0.03095154757737887,80,0.5,0.810565203813378,0.010394976482153666,-0.19747095781250704,-0.5800611851686303,-0.3804813975465085,0.8129949321296933,not flagged by heuristic,
1,6,P1,8.0729,65.21656603647573,4253.2004855899995,-560.0,361.0,921.0,4.0,36.0,72.0,300.0,0.029801490074503726,80,0.5,0.8055503057438701,0.12850857706013358,-0.002590861495420445,-0.16187754004705962,0.0,0.7273118636330753,not flagged by heuristic,
1,6,Pz,7.56245,64.0679365985631,4104.7004999975,-540.9999999999999,341.0,881.9999999999999,4.0,36.99999999999999,73.0,293.0,0.030101505075253762,80,0.5,0.8276620207547547,-0.010394976482153666,-0.15430709242597354,-0.6879795452000049,-0.24212452571141324,1.1051061010424146,not flagged by heuristic,
1,6,P2,9.51395,64.50725622282737,4161.1861053975,-554.9999999999999,357.0,911.9999999999999,5.0,35.0,70.0,313.99999999999994,0.028701435071753587,80,0.5,0.8015700443076126,0.5206468194582387,-0.09627974664566125,-0.28328569508235585,0.4842490514228245,0.6593062913262464,not flagged by heuristic,
1,6,P4,6.92555,61.657511360721486,3801.6487071974993,-554.0,350.99999999999994,905.0,2.0,32.0,65.0,319.0,0.029901495074753738,80,0.5,0.8097709424592451,-0.18370807913879514,-0.47268708509775015,-0.37771426010980574,0.6571951412166931,0.7994244170230784,not flagged by heuristic,
1,6,P6,6.8809,58.985622953309566,3479.3037151900003,-558.0,350.0,908.0,2.0,29.0,58.0,330.0,0.030551527576378818,80,0.5,0.7960820526205428,-0.1958582283515745,-0.8256023293528848,-0.33724487509804085,1.0376765387631994,0.5655400848920223,not flagged by heuristic,
1,6,P8,8.96435,58.55981197952653,3429.251579077499,-553.0,388.0,941.0,2.0,26.0,52.0,340.99999999999994,0.029651482574128706,80,0.5,0.7605893265350845,0.3710897756207599,-0.8818453907780133,0.10791836003137308,1.418157936309704,-0.04087815894088019,not flagged by heuristic,
1,6,PO7,11.23955,66.97349002252682,4485.4483657975,-549.0,461.0,1010.0,4.0,33.0,68.0,320.0,0.02680134006700335,80,0.5,0.7454467868515082,0.9902167518562612,0.22947169619033347,1.038714215301966,0.6917843591754663,-0.2995991233428397,not flagged by heuristic,
1,6,PO3,7.9447,67.25189099133198,4522.816841909999,-540.9999999999999,435.0,975.9999999999999,2.0,34.99999999999999,69.0,310.99999999999994,0.029301465073253662,80,0.5,0.7605931602548446,0.093622818290183,0.2662441697839851,0.5800611851686288,0.38048139754650456,-0.04081265713640719,not flagged by heuristic,
1,6,POz,10.39445,68.95449484404551,4754.7223591975,-545.0,432.99999999999994,978.0,5.0,37.0,73.0,314.0,0.02830141507075354,80,0.5,0.7518360467295102,0.7602483061738502,0.4911318757537709,0.6070407751764736,0.4842490514228265,-0.19043411456664897,not flagged by heuristic,
1,6,PO4,10.65945,66.69546443123025,4448.284975697499,-552.0,403.0,955.0,4.0,34.0,68.0,330.0,0.02745137256862843,80,0.5,0.7508444605965299,0.8323600540212515,0.19274880417530038,0.29677549008627596,1.0376765387631994,-0.20737606261321956,not flagged by heuristic,
1,6,PO8,11.66625,65.25579637808048,4258.3189609375,-552.0,419.99999999999994,972.0,5.0,32.0,65.0,362.0,0.022351117555877795,80,0.5,0.6856916590679916,1.1063302718807375,0.002590861495422322,0.5261020051529437,2.1445315134439458,-1.32055760264481,not flagged by heuristic,
1,6,O1,8.94265,67.39636237199674,4542.269660977499,-642.0,474.0,1116.0,2.0,34.0,68.0,278.0,0.031451572578628934,81,0.50625,0.7177071205452354,0.36518477589136916,0.28532661067251386,2.468632485717659,-0.760962795093013,-0.77355087575142,not flagged by heuristic,
1,6,Oz,9.3865,67.63923504704943,4575.06611775,-654.0,455.99999999999994,1110.0,2.0,34.99999999999999,71.0,279.0,0.029901495074753738,80,0.5,0.7098290692561992,0.48596515054068656,0.31740634469184725,2.3876937156941294,-0.7263735771342398,-0.9081529352274958,not flagged by heuristic,
1,6,O2,8.95835,71.63210952692584,5131.1591152775,-655.0,406.0,1061.0,3.0,39.0,78.0,287.0,0.027701385069253463,80,0.5,0.6727313798768432,0.3694570568015734,0.8448034726694437,1.7266937605019692,-0.44965983346405314,-1.5419931082680418,not flagged by heuristic,
1,6,Iz,7.2952,67.51494469345286,4558.267756959999,-645.0,457.99999999999994,1103.0,1.0,33.0,66.0,284.9999999999999,0.027651382569128455,80,0.5,0.6458837431656956,-0.08311899388675001,0.3009895061830203,2.2932651506666777,-0.5188382693816038,-2.0007039062562613,not flagged by heuristic,
1,10,FC5,-3.27615,57.78455322296349,3339.0545911775002,-281.0,312.99999999999994,594.0,-3.0,35.99999999999999,71.0,181.0,0.029701485074253714,80,0.5,0.7154274310140689,-0.8134001557969986,0.8512019358407512,1.7188609763061438,0.6744897501960817,0.16843714587715378,not flagged by heuristic,
1,10,FC3,0.29585,56.23397214120215,3162.2596227774998,-265.0,297.0,562.0,0.0,35.0,69.0,217.0,0.02735136756837842,80,0.5,0.7744523440596438,1.242911360185081,0.6430190512366629,1.254695986923894,1.5264768030753428,0.8280337886629776,not flagged by heuristic,
1,10,FC1,0.8955,56.61173447042583,3204.88847975,-279.0,254.0,533.0,0.0,36.0,72.0,145.0,0.027401370068503426,80,0.5,0.7540181847924075,1.588114943768131,0.6937378767902493,0.8340464652962302,-0.17749730268317937,0.5996843993057595,not flagged by heuristic,
1,10,FCz,1.42395,58.219967505981145,3389.5646163975002,-262.0,250.0,512.0,2.0,38.0,76.0,119.0,0.027301365068253414,80,0.5,0.7087028937665674,1.8923304590594885,0.9096611821856572,0.5294381910141286,-0.7928212853182013,0.09329121234031859,not flagged by heuristic,
1,10,FC2,0.3017,54.85351471975155,3008.90807711,-250.0,226.0,476.0,1.0,35.0,70.0,109.0,0.02840142007100355,80,0.5,0.7011043471470724,1.2462790596163504,0.45767717427769844,0.0072525779590976525,-1.0294843555624404,0.008378324177305567,not flagged by heuristic,
1,10,FC4,0.8395,48.21813393060747,2324.9884397499995,-200.99999999999997,220.99999999999997,421.99999999999994,1.0,30.999999999999996,62.0,127.99999999999997,0.027651382569128455,80,0.5,0.7287829271059334,1.5558771372465752,-0.4331970466056346,-0.7760258416234496,-0.5798245220983866,0.31768328501387944,not flagged by heuristic,
1,10,FC6,-0.5892,42.73150059803657,1825.9811433599998,-171.99999999999997,227.0,399.0,-1.0,27.0,53.0,266.0,0.03230161508075404,80,0.5,0.6785983612169303,0.733410098365389,-1.1698390496423792,-1.1096444277419408,2.686125847272115,-0.24312349083840715,not flagged by heuristic,
1,10,C5,-5.76295,56.747359914779295,3220.2628572975,-281.0,271.0,552.0,-6.0,36.99999999999999,72.99999999999999,257.0,0.02695134756737837,80,0.5,0.7241339243379438,-2.244989035400648,0.7119471123880055,1.1096444277419408,2.4731290840523,0.26573121156143314,not flagged by heuristic,
1,10,C3,0.685,52.578640862996835,2764.513475,-218.0,247.0,465.0,0.0,34.0,68.0,166.0,0.026351317565878295,80,0.5,0.7956854438660025,1.4669353317540692,0.15224986887573635,-0.1523041371410507,0.31949514482972297,1.0653112470371495,not flagged by heuristic,
1,10,C1,-1.3186,53.409649821357185,2852.5906940399996,-224.0,227.99999999999997,452.0,-2.0,34.99999999999999,70.0,129.0,0.0272013600680034,80,0.5,0.7808508419761102,0.3135126684221278,0.2638221330534858,-0.34087116407758966,-0.5561582150739621,0.8995362700188521,not flagged by heuristic,
1,10,Cz,0.81725,57.670197263729726,3325.8516524375,-223.0,227.99999999999997,451.0,1.0,38.0,77.0,120.99999999999999,0.025951297564878243,80,0.5,0.7655633224234413,1.5430683659054216,0.8358483669464956,-0.355376319995785,-0.7454886712693538,0.7286999899945643,not flagged by heuristic,
1,10,C2,1.50605,53.662045836862205,2879.6151633975,-208.0,225.0,433.0,1.0,35.0,69.0,115.0,0.02695134756737837,80,0.5,0.714516581049563,1.939593386120555,0.29770912625136936,-0.6164691265233004,-0.887486513415897,0.15825850184923573,not flagged by heuristic,
1,10,C4,-2.77805,44.36774152689654,1968.4964881974995,-174.0,204.0,378.0,-3.0,29.0,57.999999999999986,109.0,0.029701485074253714,80,0.5,0.7628958348160446,-0.5266563802900911,-0.9501553707402707,-1.4142527020240423,-1.0294843555624404,0.6988911215062179,not flagged by heuristic,
1,10,C6,-3.335,39.35116611995126,1548.514275,-139.0,183.0,322.0,-4.0,25.0,51.0,124.0,0.027901395069753487,80,0.5,0.7234597661395642,-0.8472786364004549,-1.6236868302273686,-2.2265414334429794,-0.6744897501960817,0.2581975709101651,not flagged by heuristic,
1,10,CP5,-2.9814,49.63707338310751,2463.83905404,-250.99999999999997,227.99999999999997,478.99999999999994,-4.0,31.0,61.0,243.0,0.02750137506875344,80,0.5,0.7519506005774126,-0.6437199152214897,-0.2426885257842309,0.05076804571368275,2.1418007857103647,0.5765793825167542,not flagged by heuristic,
1,10,CP3,-0.99875,50.28039825257453,2528.1184484374994,-240.99999999999997,235.0,476.0,-2.0,33.0,65.0,144.0,0.026301315065753287,80,0.5,0.7939059653312165,0.49764235442069116,-0.15631495355474195,0.0072525779590976525,-0.20116360970760333,1.0454257782259035,not flagged by heuristic,
1,10,CP1,-2.3496,52.17513277261496,2722.2444798399997,-235.0,234.0,469.0,-3.0,34.0,68.25,137.0,0.030401520076003802,80,0.5,0.7814601761120227,-0.2800083766443684,0.0980743864034718,-0.09428351346826948,-0.3668277588785708,0.9063455091967622,not flagged by heuristic,
1,10,CPz,-2.03205,52.789168612486215,2786.6963227974998,-224.0,226.0,450.0,-3.0,34.99999999999999,70.0,135.0,0.02825141257062853,80,0.5,0.7648043143412201,-0.09720274341365455,0.18051557822395084,-0.3698814759139803,-0.4141603729274186,0.7202181616097627,not flagged by heuristic,
1,10,CP2,-1.93895,48.928055580591995,2393.9546228974996,-215.0,218.99999999999997,434.0,-3.0,32.0,65.0,131.0,0.029251462573128658,80,0.5,0.7678115514440061,-0.04360739007156845,-0.3378821103697364,-0.6019639706051052,-0.5088256010251143,0.7538236917954164,not flagged by heuristic,
1,10,CP4,-2.99665,46.56430863630963,2168.2348387774996,-218.99999999999997,208.0,427.0,-4.0,31.0,62.0,127.0,0.030701535076753838,80,0.5,0.7651140029203579,-0.652498960747449,-0.6552416236019141,-0.7035000620324723,-0.6034908291228099,0.7236788960110264,not flagged by heuristic,
1,10,CP6,-1.4105,41.46730868708506,1719.53768975,-176.0,188.0,364.0,-2.0,27.999999999999996,56.0,116.0,0.030251512575628782,80,0.5,0.7309650718478555,0.26060812521978927,-1.339570979053052,-1.6173248848787767,-0.8638202063914731,0.3420685025699514,not flagged by heuristic,
1,10,Fp1,-16.46715,100.74980854015305,10150.523920877498,-457.99999999999994,597.0,1055.0,-16.0,47.0,95.0,199.0,0.02360118005900295,80,0.5,0.5277715187882908,-8.407130616972704,6.619768891090379,8.405737854594179,1.1004832766357122,-1.9285961798214786,statistically unusual,unusual mean offset (rz=-8.41); high standard deviation (rz=6.62); high peak-to-peak amplitude (rz=8.41)
1,10,Fpz,-12.92475,87.34761752582322,7629.6062874375,-392.99999999999994,585.9999999999999,978.9999999999998,-16.0,40.0,81.0,152.99999999999997,0.029901495074753738,80,0.5,0.5512702537531321,-6.367859084437731,4.820374574858405,7.303346004811334,0.011833153512211288,-1.666000508048859,statistically unusual,unusual mean offset (rz=-6.37); high standard deviation (rz=4.82); high peak-to-peak amplitude (rz=7.30)
1,10,Fp2,-16.0971,93.4338860991557,8729.89107159,-385.0,593.0,978.0,-18.999999999999996,43.99999999999999,87.0,150.0,0.0280014000700035,80,0.5,0.5139872053598196,-8.194102040128032,5.637524327925356,7.288840848893141,-0.0591657675610598,-2.082634303579609,statistically unusual,unusual mean offset (rz=-8.19); high standard deviation (rz=5.64); high peak-to-peak amplitude (rz=7.29)
1,10,AF7,-13.18285,88.72119485149814,7871.4504158775,-474.0,563.9999999999999,1038.0,-14.0,42.99999999999999,86.0,207.0,0.026901345067253363,80,0.5,0.572462509786526,-6.516440831995114,5.004792721867493,8.15915020398486,1.2898137328311037,-1.4291794741594712,statistically unusual,unusual mean offset (rz=-6.52); high standard deviation (rz=5.00); high peak-to-peak amplitude (rz=8.16)
1,10,AF3,-11.4848,86.07707748849283,7409.263268959999,-455.99999999999994,560.0,1016.0,-12.0,42.0,84.99999999999999,185.0,0.02840142007100355,80,0.5,0.5849239359706966,-5.5389157004964105,4.649790338350132,7.840036773784563,0.7691549782937773,-1.2899244638377156,statistically unusual,unusual mean offset (rz=-5.54); high standard deviation (rz=4.65); high peak-to-peak amplitude (rz=7.84)
1,10,AFz,-3.82685,64.07891516776404,4106.107369077499,-278.0,390.0,668.0,-5.0,37.0,74.0,143.0,0.029901495074753738,80,0.5,0.7016066481783354,-1.1304244424295102,1.6962905557291688,2.7922425142525964,-0.22482991673202724,0.01399148066994001,not flagged by heuristic,
1,10,AF4,-5.5426,64.10672106136765,4109.6716852399995,-244.0,374.0,618.0,-8.0,34.0,67.99999999999999,127.0,0.03180159007950398,80,0.5,0.657311193534725,-2.118139023489492,1.700023808512583,2.066984718342831,-0.6034908291228099,-0.48100515153242734,not flagged by heuristic,
1,10,AF8,-9.2641,78.3661875504353,6141.2593511899995,-274.0,562.0,836.0,-14.0,36.0,72.0,208.0,0.028351417570878543,80,0.5,0.5074503905927198,-4.260513969381795,3.614516963064274,5.229108708509408,1.3134800398555275,-2.1556824598990034,statistically unusual,unusual mean offset (rz=-4.26); high standard deviation (rz=3.61); high peak-to-peak amplitude (rz=5.23)
1,10,F7,-3.5314,62.64206904341522,3924.0288140399994,-390.0,410.99999999999994,801.0,-4.0,35.0,70.0,222.0,0.02905145257262863,80,0.5,0.6327363916460139,-0.960341229272482,1.503377863566462,4.721428251372572,1.6448083381974623,-0.7556257479305067,statistically unusual,high peak-to-peak amplitude (rz=4.72)
1,10,F5,-6.23675,71.43096527023486,5102.382799437499,-359.99999999999994,412.99999999999994,772.9999999999999,-7.0,42.0,84.0,249.99999999999997,0.026601330066503327,80,0.5,0.638085685036138,-2.5177439055776665,2.683385662260169,4.315283885663102,2.3074649348813314,-0.6958480069844436,statistically unusual,high peak-to-peak amplitude (rz=4.32)
1,10,F3,-2.846,59.32502831014917,3519.4589840000003,-274.99999999999994,325.0,600.0,-3.0,35.0,71.0,134.0,0.030601530076503826,80,0.5,0.7554032837882743,-0.5657735044533001,1.0580279774346288,1.8058919118153156,-0.4378266799518425,0.6151627219403788,not flagged by heuristic,
1,10,F1,-1.23365,61.40919847773215,3771.0896576775,-321.99999999999994,320.0,642.0,-2.0,38.0,75.0,153.0,0.026751337566878343,80,0.5,0.7548130199689533,0.36241626956509476,1.337851175716106,2.4151084603795185,0.01183315351221196,0.6085665913661346,not flagged by heuristic,
1,10,Fz,-1.87175,59.2535914686823,3510.9881019375,-301.0,303.99999999999994,605.0,-2.0,37.0,74.0,148.0,0.02680134006700335,80,0.5,0.7425034618394859,-0.004922022245701819,1.0484367810125208,1.878417691406292,-0.10649838160990764,0.47100868916127275,not flagged by heuristic,
1,10,F2,-1.72455,55.86925878600413,3121.3740772974998,-270.0,283.99999999999994,554.0,-2.0,34.0,68.0,134.0,0.029301465073253662,80,0.5,0.7551697485582529,0.0798173548966728,0.5940521966607563,1.1386547395783315,-0.4378266799518425,0.6125529924931645,not flagged by heuristic,
1,10,F4,-1.6231,54.94995310634942,3019.49734639,-267.0,281.99999999999994,549.0,-3.0,33.0,66.0,139.0,0.029951497574878742,80,0.5,0.7602995893085547,0.13821959546116946,0.4706251082778363,1.066128959987355,-0.31949514482972297,0.6698783753245185,not flagged by heuristic,
1,10,F6,-2.2301,51.42007248137637,2644.0238539899997,-206.0,272.99999999999994,478.99999999999994,-4.0,28.999999999999996,57.999999999999986,127.99999999999997,0.030751537576878842,80,0.5,0.6381222926903607,-0.2112152002278347,-0.003300918202654138,0.05076804571368275,-0.5798245220983866,-0.695438920641413,not flagged by heuristic,
1,10,F8,-0.8677,45.77635084527818,2095.47429671,-198.99999999999997,250.0,449.0,-3.0,26.999999999999996,54.0,195.0,0.03385169258462923,80,0.5,0.4364019281208523,0.5730845784322957,-0.7610337861741915,-0.3843866318321756,1.0058180485380166,-2.9496408903901044,not flagged by heuristic,
1,10,FT7,-2.61165,53.85191950411331,2900.0292342774997,-332.99999999999994,294.99999999999994,627.9999999999999,-3.0,32.0,64.0,378.99999999999994,0.02985149257462873,80,0.5,0.6716014591037862,-0.4308640409117546,0.32320179362855095,2.2120362775247826,5.360418541032016,-0.32131307055311825,statistically unusual,large sample step (rz=5.36)
1,10,FT8,-2.7954,34.85503319235258,1214.8733388399999,-124.0,160.0,284.0,-3.0,21.999999999999996,45.0,125.0,0.03185159257962898,80,0.5,0.5466536617010209,-0.5366443435606087,-2.2273430552650666,-2.7777373583344014,-0.6508234431716579,-1.7175903954635687,not flagged by heuristic,
1,10,T7,1.30015,49.317015927339924,2432.1680599775,-248.0,272.99999999999994,521.0,0.0,29.999999999999996,59.99999999999999,223.0,0.02585129256462823,80,0.5,0.6734396379704386,1.8210618796421925,-0.28565982548889074,0.6599845942778864,1.6684746452218862,-0.3007716322565876,not flagged by heuristic,
1,10,T8,-0.4701,36.462406749829334,1329.50710599,-136.0,164.0,300.0,-2.0,24.0,48.0,207.0,0.018200910045502276,80,0.5,0.5434250024469096,0.8019730047353403,-2.0115351444322216,-2.545654863643276,1.2898137328311037,-1.753670292829396,not flagged by heuristic,
1,10,T9,-1.7277,45.84726439723531,2101.97165271,-235.0,224.0,459.0,-3.0,28.0,56.0,273.0,0.029251462573128658,80,0.5,0.5623792406063296,0.07800397827983531,-0.7515128472322647,-0.23933507265022252,2.8517899964430824,-1.541858852347254,not flagged by heuristic,
1,10,T10,-1.1264,25.61536107572954,656.14672304,-99.99999999999999,108.0,208.0,0.0,17.0,34.0,87.0,0.030051502575128758,80,0.5,0.25416453914696796,0.42415742580503807,-3.467872568142624,-3.880129208117244,-1.550143110099767,-4.986122839366734,statistically unusual,low median peer correlation (rz=-4.99)
1,10,TP7,-0.51095,48.120074606109036,2315.5415800974997,-228.99999999999997,244.0,473.0,-2.0,30.0,59.0,254.0,0.031951597579879,80,0.5,0.6816230665940498,0.7784566762280983,-0.446362609681655,-0.036262889795488265,2.4021301629790277,-0.20932275468782952,not flagged by heuristic,
1,10,TP8,-2.7993,38.85293965081664,1509.5509195099999,-195.0,291.0,486.0,-3.0,23.0,46.0,219.99999999999997,0.02895144757237862,80,0.5,0.5032688909738534,-0.5388894765147887,-1.6905793163737464,0.1523041371410507,1.5974757241486137,-2.2024102392061047,not flagged by heuristic,
1,10,P7,-1.93275,46.87559095560823,2197.3210274375,-228.99999999999997,240.99999999999997,469.99999999999994,-3.0,29.999999999999993,58.99999999999999,192.0,0.029551477573878694,80,0.5,0.7012694209982209,-0.04003820434953909,-0.6134484842942802,-0.07977835755007501,0.9348191274647448,0.010223005556932618,not flagged by heuristic,
1,10,P5,-0.1163,48.981915788482596,2399.2280743100005,-245.99999999999997,227.0,473.0,-1.0,31.999999999999993,62.999999999999986,174.0,0.027951397569878494,80,0.5,0.7449276548673249,1.0056468609375966,-0.3306507739527434,-0.036262889795488265,0.5088256010251143,0.4980987685891374,not flagged by heuristic,
1,10,P3,-1.19045,51.11576448413444,2612.8213787974996,-244.0,225.0,469.0,-2.0,33.0,66.0,156.0,0.029801490074503726,80,0.5,0.7342647593006364,0.387285434596009,-0.044157676626377755,-0.09428351346826948,0.08283207458548372,0.37894213192059956,not flagged by heuristic,
1,10,P1,-1.85465,51.177729759901425,2619.1600233775,-254.0,218.0,472.0,-3.0,33.5,67.0,152.0,0.027401370068503426,80,0.5,0.7202779706336289,0.004922022245701819,-0.03583814402908485,-0.05076804571368357,-0.01183315351221196,0.2226413705626017,not flagged by heuristic,
1,10,Pz,-1.95035,51.46924406747684,2649.0830848775,-250.0,210.99999999999997,461.0,-3.0,34.0,68.0,139.0,0.02650132506625331,80,0.5,0.7387723639200706,-0.05017008639917088,0.003300918202654138,-0.21032476081383192,-0.31949514482972297,0.42931409725816794,not flagged by heuristic,
1,10,P2,-0.7893,48.61453800572417,2363.3733055099997,-254.0,205.0,459.0,-2.0,32.0,63.99999999999999,136.0,0.028101405070253514,80,0.5,0.7011043471470724,0.6182175075624735,-0.3799753577837454,-0.23933507265022252,-0.3904940659029947,0.008378324177305567,not flagged by heuristic,
1,10,P4,-3.011,45.53609863613702,2073.536279,-238.99999999999997,198.99999999999997,437.99999999999994,-4.0,30.0,60.0,133.0,0.02735136756837842,80,0.5,0.6996048554154454,-0.6607598986685977,-0.7932903372954635,-0.5439433469323247,-0.46149298697626645,-0.00837832417730681,not flagged by heuristic,
1,10,P6,-3.20325,41.32185909948269,1707.4960394375,-210.99999999999997,194.0,405.0,-4.0,28.0,55.0,137.0,0.02975148757437872,80,0.5,0.6642902070154781,-0.771433439807331,-1.3590992159622377,-1.022613492232769,-0.3668277588785708,-0.4030154752357862,not flagged by heuristic,
1,10,P8,-2.0098,36.68472439531201,1345.76900396,-193.0,184.0,377.0,-3.0,24.0,48.0,185.0,0.027701385069253463,80,0.5,0.6271613080808455,-0.08439397207250071,-1.9816865094402358,-1.4287578579422375,0.7691549782937773,-0.8179266682215061,not flagged by heuristic,
1,10,PO7,-0.0897,48.47145504222047,2349.48195391,-240.99999999999997,223.0,464.0,-2.0,31.0,62.0,215.0,0.02655132756637832,80,0.5,0.6556842099908645,1.0209598190353353,-0.3991858488894836,-0.16680929305924602,1.479144189026495,-0.4991865062863013,not flagged by heuristic,
1,10,PO3,-3.6422,50.59325132030951,2559.67707916,-252.99999999999997,222.0,475.0,-5.0,32.99999999999999,65.0,187.0,0.02650132506625331,80,0.5,0.6625359030138853,-1.0241260321758454,-0.11431092366916898,-0.0072525779590976525,0.8164875923426252,-0.42261962152199767,not flagged by heuristic,
1,10,POz,-1.4679,51.90290810340014,2693.9118695899997,-274.99999999999994,219.99999999999997,494.9999999999999,-3.0,34.0,68.0,163.0,0.0280014000700035,80,0.5,0.6519995781100544,0.22756437353519487,0.06152517426349142,0.28285054040480684,0.24849622375645117,-0.5403618455300444,not flagged by heuristic,
1,10,PO4,-0.6677,47.324438472210105,2239.60247671,-256.0,209.99999999999997,466.0,-1.0,31.0,62.0,172.0,0.02750137506875344,80,0.5,0.6395843028046407,0.6882196017235656,-0.5531856758203008,-0.13779898122285542,0.46149298697626645,-0.679101125067645,not flagged by heuristic,
1,10,PO8,0.02825,47.040726524337394,2212.8299519374996,-248.99999999999997,223.0,472.0,-1.0,30.999999999999996,62.0,214.0,0.023901195059752987,80,0.5,0.5744524898165291,1.0888606990213618,-0.5912771838359239,-0.05076804571368357,1.455477882002071,-1.4069416752492492,not flagged by heuristic,
1,10,O1,-1.76705,50.2578937511064,2525.8558842975,-268.0,240.99999999999997,509.0,-3.0,32.0,65.0,111.0,0.03170158507925396,80,0.5,0.6320508108202894,0.05535116244727796,-0.15933643504146935,0.4859227232595427,-0.9821517415135927,-0.7632870351340489,not flagged by heuristic,
1,10,Oz,-1.74935,49.479435370439504,2448.2145245775,-267.0,238.99999999999997,506.0,-3.0,32.0,65.0,142.0,0.027701385069253463,80,0.5,0.61134619699662,0.06554061200855538,-0.26385319533069784,0.44240725550495685,-0.24849622375645117,-0.9946587231825269,not flagged by heuristic,
1,10,O2,-2.04365,62.496652267761505,3905.8315446774996,-261.0,252.0,513.0,-4.0,40.99999999999999,81.0,159.0,0.02670133506675334,80,0.5,0.41851307450251707,-0.10388057476454823,1.483854032029044,0.543943346932324,0.15383099565875546,-3.149546780650888,not flagged by heuristic,
1,10,Iz,0.85015,53.46370539887317,2858.3677949774997,-265.0,258.0,523.0,-1.0,34.0,69.0,188.0,0.02440122006100305,80,0.5,0.42964078716899046,1.5620080772368354,0.2710797000318175,0.6889949061142769,0.8401538993670491,-3.0251958661307112,not flagged by heuristic,
1,14,FC5,-1.2,50.14394280468978,2514.415,-296.0,243.0,539.0,-2.0,32.0,64.0,328.0,0.030251512575628782,80,0.5,0.6939902604871889,0.00421132135347044,0.2825837105649965,0.9656364049569803,5.118186927958502,0.45924468028907667,statistically unusual,large sample step (rz=5.12)
1,14,FC3,1.05885,50.97686521038244,2598.6407866775,-242.0,240.99999999999997,483.0,0.0,34.0,67.0,288.0,0.02745137256862843,80,0.5,0.7277728282295377,1.2810896085060175,0.39618209915669056,0.42216264940330295,4.060163790396022,0.9139710800083928,statistically unusual,large sample step (rz=4.06)
1,14,FC1,1.5787,53.876541335817016,2902.6817063099998,-234.0,254.0,488.0,1.0,35.0,70.0,152.0,0.027251362568128407,80,0.5,0.6903021562897643,1.5749493944928035,0.7916553545714552,0.47068709186345264,0.4628851226835855,0.4096013744197525,not flagged by heuristic,
1,14,FCz,2.07085,55.52885403353377,3083.4536302774995,-258.0,250.0,508.0,1.0,36.99999999999999,74.0,118.99999999999999,0.02570128506425321,80,0.5,0.6493763676601819,1.853150978937156,1.0170065501058405,0.6647848617040517,-0.4099839658054618,-0.14127553526745176,not flagged by heuristic,
1,14,FC2,1.40435,52.517142449656376,2758.0502510775,-232.0,270.0,502.0,1.0,35.0,71.0,108.0,0.0272013600680034,80,0.5,0.6826317093259853,1.4763931692609171,0.6062533028728081,0.606555530751872,-0.7009403286351437,0.3063541979860672,not flagged by heuristic,
1,14,FC4,1.79825,46.42700342405807,2155.4666469374997,-196.0,261.0,457.0,0.0,31.0,62.0,134.0,0.027651382569128455,80,0.5,0.686144500477012,1.6990561868625231,-0.224352255194786,0.16983554861052416,-0.013225289219531014,0.3536377225912698,not flagged by heuristic,
1,14,FC6,1.68795,42.79578688139173,1831.4793747975,-205.0,250.99999999999997,456.0,1.0,28.0,56.0,218.99999999999997,0.02895144757237862,80,0.5,0.6712552419486537,1.6367060197098016,-0.7195968842924528,0.16013066011849422,2.235073878100741,0.15322255649946437,not flagged by heuristic,
1,14,C5,-2.47735,52.83874891571052,2791.9333869774996,-341.99999999999994,209.99999999999997,551.9999999999999,-3.0,35.0,70.0,295.99999999999994,0.02655132756637832,80,0.5,0.687617707204122,-0.7178465754056352,0.6501157035655089,1.0917999553533686,4.271768417908516,0.37346765370160406,statistically unusual,large sample step (rz=4.27)
1,14,C3,1.3727,48.05924151201307,2309.6906947099997,-216.0,197.0,413.0,1.0,32.0,63.99999999999999,228.0,0.027051352567628383,80,0.5,0.7528198979753695,1.4585021194840933,-0.0017389417307553297,-0.2571795450387937,2.4731290840522995,1.2511143053518916,not flagged by heuristic,
1,14,C1,-0.44445,50.18136022665687,2518.1689141975003,-198.99999999999997,216.0,415.0,-1.0,33.99999999999999,68.0,136.0,0.027401370068503426,80,0.5,0.7454625638478796,0.43130713995944553,0.28768689762259797,-0.23776976805473385,0.039675867658593045,1.1520817485361567,not flagged by heuristic,
1,14,Cz,1.56205,54.850361437254904,3008.5621497975,-216.0,222.0,438.0,1.0,37.0,74.0,144.0,0.026451322566128307,80,0.5,0.7111653799474955,1.5655375152263227,0.9244701204433712,-0.01455733273804493,0.25128049517108925,0.6904284167208112,not flagged by heuristic,
1,14,C2,1.32665,51.77077408903116,2680.2130497774997,-193.0,227.99999999999997,421.0,0.0,34.0,69.0,108.0,0.02735136756837842,80,0.5,0.7201751163000182,1.4324710660173405,0.5044596153895898,-0.1795404371025541,-0.7009403286351437,0.8117029452069051,not flagged by heuristic,
1,14,C4,-1.9898,42.876607794460604,1838.4034959599999,-183.0,215.0,398.0,-3.0,29.0,57.0,159.0,0.028751437571878594,80,0.5,0.725539495145331,-0.44224526991778784,-0.7085740982245253,-0.40275287241924307,0.6480391717570196,0.88390955477145,not flagged by heuristic,
1,14,C6,-1.9721,38.51349921248393,1483.28962159,-166.0,192.0,358.0,-3.0,26.0,51.0,237.0,0.028751437571878594,80,0.5,0.6930617495038944,-0.43223984871558313,-1.303638057094695,-0.7909484121004411,2.7111842900038576,0.44674656410816643,not flagged by heuristic,
1,14,CP5,-1.57585,44.91811601990337,2017.6371467774998,-259.0,176.0,435.0,-2.0,29.0,58.0,262.0,0.02655132756637832,80,0.5,0.7087756613331342,-0.20824842773402313,-0.43014234621260994,-0.04367199821413478,3.372448750980409,0.6582618818931893,not flagged by heuristic,
1,14,CP3,-0.48845,46.36737933717518,2149.9338665974997,-183.0,186.0,369.0,-1.0,30.999999999999996,61.0,155.0,0.03150157507875394,80,0.5,0.7552397010862286,0.40643490646243946,-0.23248410534655975,-0.6841946386881116,0.5422368580007716,1.2836857891130622,not flagged by heuristic,
1,14,CP1,-1.6536,48.084741935878164,2312.14240704,-180.99999999999997,197.0,378.0,-2.0,32.0,64.0,131.0,0.029701485074253714,80,0.5,0.7483339553290791,-0.2521987948793008,0.0017389417307553297,-0.5968506422598421,-0.0925770245367171,1.1907317860462951,not flagged by heuristic,
1,14,CPz,-1.12975,50.12317742260061,2512.3329149375,-197.0,210.99999999999997,408.0,-1.0,33.0,67.0,125.0,0.02745137256862843,80,0.5,0.7249378879675792,0.043922103243576614,0.27975161728992304,-0.3057039874989435,-0.25128049517108925,0.875811689977074,not flagged by heuristic,
1,14,CP2,-1.203,46.24916421947536,2138.9851909999998,-196.0,203.0,399.0,-2.0,30.999999999999993,62.0,122.0,0.029301465073253662,80,0.5,0.7121631708822794,0.002515487251401783,-0.24860691196827525,-0.3930479839272131,-0.33063223048827534,0.7038590677863928,not flagged by heuristic,
1,14,CP4,-2.24535,44.02415533973934,1938.1262533774998,-178.0,189.0,367.0,-3.0,29.999999999999993,59.0,133.0,0.030751537576878842,80,0.5,0.7045351432871926,-0.5867020715123309,-0.5520654593824588,-0.7036044156721716,-0.039675867658593045,0.601182872426464,not flagged by heuristic,
1,14,CP6,-0.3487,39.9529636987045,1596.2393083099998,-160.0,179.99999999999997,340.0,-1.0,26.0,53.0,191.0,0.030501525076253814,80,0.5,0.6981972914901572,0.48543251171713475,-1.1073162329343245,-0.9656364049569803,1.4944576818070043,0.5158729412335272,not flagged by heuristic,
1,14,Fp1,-11.14115,96.22188642235974,9258.6514266775,-408.99999999999994,601.0,1010.0,-16.0,48.99999999999999,97.0,259.0,0.021351067553377668,80,0.5,0.4905581425731443,-5.615302406572927,6.5669387823118095,5.5366388847030885,3.2930970156632227,-2.2790301386012084,statistically unusual,unusual mean offset (rz=-5.62); high standard deviation (rz=6.57); high peak-to-peak amplitude (rz=5.54)
1,14,Fpz,-8.36275,81.80221612179892,6691.6025624375,-352.99999999999994,585.9999999999999,938.9999999999998,-14.0,43.0,86.0,219.99999999999997,0.030601530076503826,80,0.5,0.5151292516579395,-4.044733916843801,4.6003074382972295,4.847591801768959,2.2615244565398025,-1.9482935274455906,statistically unusual,unusual mean offset (rz=-4.04); high standard deviation (rz=4.60); high peak-to-peak amplitude (rz=4.85)
1,14,Fp2,-10.28275,90.55281388470212,8199.8121024375,-375.0,596.0,971.0,-17.0,46.0,92.25,213.0,0.02760138006900345,80,0.5,0.46725558129104205,-5.130067742167701,5.793760511819998,5.15814823351392,2.0763704074663694,-2.5926916067543795,statistically unusual,unusual mean offset (rz=-5.13); high standard deviation (rz=5.79); high peak-to-peak amplitude (rz=5.16)
1,14,AF7,-11.9644,81.3370501840336,6615.715732639999,-356.0,549.9999999999999,905.9999999999999,-14.999999999999998,41.99999999999999,84.0,208.99999999999997,0.02270113505675284,80,0.5,0.530860184312834,-6.08066754808225,4.536865633158201,4.527330481531972,1.9705680937101202,-1.736549102778307,statistically unusual,unusual mean offset (rz=-6.08); high standard deviation (rz=4.54); high peak-to-peak amplitude (rz=4.53)
1,14,AF3,-10.14855,79.2584215266586,6281.8973828974995,-348.0,538.0,886.0,-13.0,41.0,82.0,203.0,0.025801290064503227,80,0.5,0.5479849032590157,-5.054207430001832,4.253371199169537,4.333232711691374,1.811864623075749,-1.5060437767180634,statistically unusual,unusual mean offset (rz=-5.05); high standard deviation (rz=4.25); high peak-to-peak amplitude (rz=4.33)
1,14,AFz,-2.4963,60.66932739292565,3680.7672863099992,-270.0,378.0,648.0,-5.0,37.0,75.0,127.0,0.027651382569128455,80,0.5,0.6744245313804582,-0.7285585941503687,1.7180916526729093,2.023469250588245,-0.1983793382929652,0.19588241539427373,not flagged by heuristic,
1,14,AF4,-4.42865,63.47096902661484,4028.5639091775,-256.0,472.0,728.0,-8.0,36.99999999999999,72.99999999999999,125.0,0.027651382569128455,80,0.5,0.6042753406863738,-1.8208736031944506,2.100194442588645,2.7998603299506413,-0.25128049517108925,-0.7483527644425021,not flagged by heuristic,
1,14,AF8,-7.1657,79.44522165309881,6311.54324351,-310.99999999999994,565.0,876.0,-12.0,41.0,81.0,180.99999999999997,0.028901445072253614,80,0.5,0.4665696271565608,-3.368067846216731,4.278847994135435,4.236183826771074,1.2299518974163837,-2.6019248141388562,statistically unusual,high standard deviation (rz=4.28); high peak-to-peak amplitude (rz=4.24)
1,14,F7,-3.1493,53.26432116820789,2837.0879095099995,-263.99999999999994,314.0,578.0,-5.0,32.0,63.0,211.0,0.02855142757137857,80,0.5,0.6222244252628353,-1.097685150367299,0.7081575112808818,1.3441270561461485,2.0234692505882452,-0.5067511588463618,not flagged by heuristic,
1,14,F5,-4.8887,59.82470988070063,3578.9959123099998,-327.0,361.0,688.0,-5.0,37.0,74.0,282.99999999999994,0.02585129256462823,80,0.5,0.6678661871543198,-2.080929762746669,1.6028982232377895,2.4116647902694432,3.9279108982007096,0.10760457100965534,statistically unusual,large sample step (rz=3.93)
1,14,F3,-4.4206,54.40199992316459,2959.57759564,-257.0,294.0,551.0,-6.0,35.0,69.0,108.0,0.027851392569628482,80,0.5,0.7243360271758845,-1.8163231150205665,0.8633201919997538,1.0820950668613398,-0.7009403286351437,0.8677104114411488,not flagged by heuristic,
1,14,F1,-0.70135,56.60867652734429,3204.5422581774997,-252.99999999999997,299.0,552.0,-2.0,36.0,72.0,118.99999999999999,0.027301365068253414,80,0.5,0.7012048162502487,0.2860872130189717,1.1642784861512272,1.0917999553533697,-0.4099839658054618,0.5563553852162774,not flagged by heuristic,
1,14,Fz,-1.1571,56.46219283370067,3187.9792195899995,-258.0,299.0,557.0,-3.0,36.0,73.0,111.0,0.02670133506675334,80,0.5,0.6938025897412358,0.028461749013051284,1.144300260761749,1.1403243978135194,-0.6215885933179577,0.45671855961965996,not flagged by heuristic,
1,14,F2,-0.44475,53.652936987992554,2878.6376474374997,-248.0,312.99999999999994,561.0,-3.0,34.0,68.0,118.99999999999999,0.027551377568878443,80,0.5,0.7081641177147318,0.4311375565492387,0.7611590041054931,1.179143951781639,-0.4099839658054618,0.6500302687728265,not flagged by heuristic,
1,14,F4,0.2285,52.866186620088264,2794.8336877499996,-237.0,323.99999999999994,561.0,-2.0,34.0,67.0,117.0,0.029451472573628682,80,0.5,0.7087971467332957,0.811710992955132,0.6538578036490998,1.179143951781639,-0.4628851226835855,0.6585510836713522,not flagged by heuristic,
1,14,F6,-1.47145,50.49149121285189,2549.3906848975,-198.99999999999997,335.0,534.0,-5.0,30.0,61.0,183.0,0.02975148757437872,80,0.5,0.6145081219759678,-0.14923340098203605,0.3299842113259187,0.9171119624968306,1.2828530542945082,-0.6106155790864204,not flagged by heuristic,
1,14,F8,-2.55715,48.18688445912954,2321.9758338774996,-197.0,348.0,545.0,-4.0,28.999999999999993,57.999999999999986,154.0,0.0328016400820041,80,0.5,0.48642082200300585,-0.7629557625206599,0.015669682420095254,1.0238657359091599,0.5157862795617095,-2.3347200702160076,not flagged by heuristic,
1,14,FT7,-1.88685,45.22455911424123,2045.2607470774997,-252.0,276.0,528.0,-4.0,28.999999999999993,58.0,219.0,0.02745137256862843,80,0.5,0.6667502811374836,-0.38404989631513387,-0.38834800681927384,0.8588826315446508,2.2350738781007413,0.09258404535479381,not flagged by heuristic,
1,14,FT8,-1.27195,36.28065866543081,1316.2861931974999,-258.0,198.99999999999997,457.0,-3.0,24.0,48.0,215.0,0.032501625081254065,80,0.5,0.5901277706216459,-0.036460433194474624,-1.6081647289597605,0.16983554861052416,2.1292715643444935,-0.9387845175696017,not flagged by heuristic,
1,14,T7,2.72155,42.97524305454828,1846.8715155974999,-260.0,208.0,468.0,1.0,28.0,56.0,240.0,0.02655132756637832,80,0.5,0.6147885585060694,2.220977395675834,-0.6951216967430636,0.27658932202285363,2.790536025321044,-0.6068407951607153,not flagged by heuristic,
1,14,T8,0.5398,38.02139944767946,1445.6268159599997,-146.0,186.0,332.0,0.0,24.999999999999996,49.99999999999999,139.0,0.01775088754437722,80,0.5,0.5057426673661758,0.9876820449464498,-1.3707532408453968,-1.0432755128932198,0.11902760297577912,-2.0746405746330363,not flagged by heuristic,
1,14,T9,-1.2119,39.788577486384206,1583.1308983899999,-266.0,183.0,449.0,-2.0,26.0,51.0,430.0,0.029901495074753738,80,0.5,0.5159346359833523,-0.002515487251401657,-1.1297360990570855,0.09219644067428455,7.816145928742829,-1.9374527435987718,statistically unusual,large sample step (rz=7.82)
1,14,T10,-1.23465,24.3399833479298,592.4347893774999,-102.0,99.0,201.0,-1.0,16.0,32.0,86.0,0.028101405070253514,80,0.5,0.3310227712005476,-0.015375562525421846,-3.2366975496571526,-2.3146159053491435,-1.2828530542945082,-4.426437807711121,statistically unusual,low median peer correlation (rz=-4.43)
1,14,TP7,0.2663,42.785887677013314,1830.6321843099997,-173.0,158.0,331.0,-1.0,28.0,57.0,199.0,0.02750137506875344,80,0.5,0.6246783919260704,0.8330785026411963,-0.7209469904464497,-1.05298040138525,1.7060623093195009,-0.4737198204852664,not flagged by heuristic,
1,14,TP8,-1.94625,38.28463217712167,1465.7130609375,-148.0,321.0,469.0,-3.0,24.0,47.0,113.0,0.02250112505625281,80,0.5,0.5163432670920657,-0.4176274115360921,-1.3348521608830182,0.2862942105148836,-0.5686874364398335,-1.9319524111700557,not flagged by heuristic,
1,14,P7,-1.5067,42.564147531813674,1811.7066551100002,-180.99999999999997,169.99999999999997,350.99999999999994,-3.0,27.999999999999996,56.0,135.99999999999997,0.02680134006700335,80,0.5,0.6471272421159318,-0.16915945168134203,-0.7511890910414263,-0.8588826315446513,0.03967586765859229,-0.17154963311145766,not flagged by heuristic,
1,14,P5,0.3381,44.77058843024067,2004.4055883899998,-202.0,174.0,376.0,0.0,29.999999999999996,59.0,129.0,0.027551377568878443,80,0.5,0.6939902604871889,0.873665465484038,-0.45026294369439185,-0.616260419243902,-0.14547818141484115,0.45924468028907667,not flagged by heuristic,
1,14,P3,-0.82435,46.18334220341248,2132.9010970775003,-174.0,189.0,363.0,-1.0,30.999999999999996,62.0,108.0,0.027651382569128455,80,0.5,0.6825645477831379,0.21655801483415937,-0.2575840686727846,-0.7424239696402913,-0.7009403286351437,0.30545017769928806,not flagged by heuristic,
1,14,P1,-1.42715,47.887522308817566,2293.2147928775,-185.0,197.0,382.0,-2.0,31.999999999999996,64.0,125.0,0.028101405070253514,80,0.5,0.6726207742807795,-0.12419158407482317,-0.02515892015844143,-0.5580310882917223,-0.25128049517108925,0.17160314869789217,not flagged by heuristic,
1,14,Pz,-1.1287,48.5801691671612,2360.0328363099998,-194.0,198.99999999999997,393.0,-1.0,32.0,63.99999999999999,125.0,0.026901345067253363,80,0.5,0.6826317093259852,0.04451564517930062,0.06930794306095144,-0.45127731487939277,-0.25128049517108925,0.3063541979860657,not flagged by heuristic,
1,14,P2,-0.1421,46.823175966501886,2192.4098075899997,-193.0,185.0,378.0,-1.0,30.0,61.0,128.0,0.028051402570128506,80,0.5,0.643595331835601,0.6022189535462585,-0.17032013633436732,-0.5968506422598421,-0.17192875985390316,-0.21909050857585094,not flagged by heuristic,
1,14,P4,-2.3376,43.943525418882814,1931.0334262399997,-170.99999999999997,166.0,337.0,-3.0,29.0,58.0,129.0,0.027651382569128455,80,0.5,0.6529937594752725,-0.63884897015094,-0.5630621969164429,-0.9947510704330701,-0.14547818141484115,-0.09258404535479381,not flagged by heuristic,
1,14,P6,-2.8151,39.89501863629092,1591.61251199,-158.0,154.0,312.0,-3.0,26.5,53.0,112.0,0.029801490074503726,80,0.5,0.6293658130746985,-0.908769231396858,-1.115219088797055,-1.237373282733819,-0.5951380148788956,-0.4106253227804087,not flagged by heuristic,
1,14,P8,-1.73855,35.04020253790637,1227.8157938974998,-134.0,138.0,272.0,-2.0,23.0,47.0,94.99999999999999,0.028201410070503526,80,0.5,0.5813141094544673,-0.30021916386954317,-1.7773447344949524,-1.625568822415017,-1.0447978483429505,-1.0574197983885023,not flagged by heuristic,
1,14,PO7,0.0488,45.835814801964624,2100.9219185599995,-168.0,203.0,371.0,-1.0,30.0,59.0,104.0,0.025351267563378167,80,0.5,0.5922143067857508,0.7101305302412233,-0.3049817044262671,-0.6647848617040517,-0.8067426423913919,-0.9106989355314373,not flagged by heuristic,
1,14,PO3,-3.2392,47.39960847264458,2246.7228833599997,-179.0,192.0,371.0,-4.0,31.0,62.0,118.0,0.0264013200660033,80,0.5,0.6246817822357275,-1.1485036456259543,-0.09170320469446643,-0.6647848617040517,-0.43643454424452344,-0.47367418560884067,not flagged by heuristic,
1,14,POz,-1.0006,50.2242242313408,2522.47269964,-184.0,188.0,372.0,-2.0,33.0,65.0,126.0,0.027101355067753387,80,0.5,0.6114192398477631,0.11692776133762958,0.29353291860534686,-0.6550799732120218,-0.22482991673202726,-0.6521931246427074,not flagged by heuristic,
1,14,PO4,-0.4104,46.10199531300136,2125.3939718399997,-202.0,187.0,389.0,-1.0,30.0,61.0,135.0,0.026301315065753287,80,0.5,0.5613786742519828,0.4505548570179241,-0.2686785903286926,-0.49009686884751263,0.013225289219531014,-1.3257584500150228,not flagged by heuristic,
1,14,PO8,0.2093,44.65534339258853,1994.0996935099997,-227.99999999999997,213.0,441.0,0.0,29.0,59.0,141.99999999999997,0.025001250062503127,80,0.5,0.4852562980103279,0.8008576547018931,-0.4659806749992492,0.01455733273804493,0.19837933829296447,-2.3503950125891238,not flagged by heuristic,
1,14,O1,-1.34955,48.24539319766706,2327.6179647974996,-206.0,220.99999999999997,427.0,-2.0,31.0,62.999999999999986,104.99999999999999,0.02825141257062853,80,0.5,0.5424466925659648,-0.08032600863464896,0.023649415431201425,-0.12131110615037441,-0.7802920639523302,-1.5805902300411219,not flagged by heuristic,
1,14,Oz,-1.3331,47.83937755019394,2288.6060443899996,-209.99999999999997,202.0,412.0,-2.0,31.0,61.99999999999999,97.0,0.028451422571128558,80,0.5,0.5070333227420072,-0.07102718497497279,-0.03172515845555157,-0.2668844335308237,-0.9918966914648261,-2.05726785516404,not flagged by heuristic,
1,14,O2,-0.8598,54.3412066847986,2952.96674396,-243.0,218.99999999999997,462.0,0.0,36.0,72.0,100.0,0.027901395069753487,80,0.5,0.3780947802018466,0.19651890852804885,0.8550288867491717,0.21835999107067394,-0.91254495614764,-3.792830399773227,statistically unusual,low median peer correlation (rz=-3.79)
1,14,Iz,0.3465,45.982571021529445,2114.3968377499996,-183.0,218.99999999999997,402.0,-1.0,29.0,59.0,119.0,0.02600130006500325,80,0.5,0.37538580682985506,0.8784138009698301,-0.2849663105018971,-0.36393331845112326,-0.4099839658054614,-3.8292942268504393,statistically unusual,low median peer correlation (rz=-3.83)
