subject,subject_role,run,semantic_condition,channel,frequency_band,trial_count,median_change_percent,iqr_change_percentage_points,negative_trial_count,negative_trial_fraction,run_direction
1,development,6,both_fists_imagery,C4,central_12_13,7,-51.14653708787458,10.513532381695882,6,0.8571428571428571,negative
1,development,10,both_fists_imagery,C4,central_12_13,7,-54.556749794538355,126.76006193847493,4,0.5714285714285714,negative
1,development,14,both_fists_imagery,C4,central_12_13,7,-52.28373306890746,45.817593239075165,5,0.7142857142857143,negative
1,development,6,both_fists_imagery,C3,central_12_13,7,-55.57490648782269,34.00408687116744,7,1.0,negative
1,development,10,both_fists_imagery,C3,central_12_13,7,-24.30969850701299,54.83214264725923,5,0.7142857142857143,negative
1,development,14,both_fists_imagery,C3,central_12_13,7,-61.36085822247091,16.020200536051973,7,1.0,negative
1,development,6,both_fists_imagery,C3,mu,7,-49.5430189357738,17.047531302538047,7,1.0,negative
1,development,10,both_fists_imagery,C3,mu,7,-0.6749558828620312,52.19841423663256,4,0.5714285714285714,negative
1,development,14,both_fists_imagery,C3,mu,7,-52.33593157631184,18.198312647218806,7,1.0,negative
1,development,6,both_fists_imagery,C4,mu,7,-47.19283683168655,16.818330005948226,6,0.8571428571428571,negative
1,development,10,both_fists_imagery,C4,mu,7,-10.46775515264348,109.36802535016737,4,0.5714285714285714,negative
1,development,14,both_fists_imagery,C4,mu,7,-52.7919888786804,16.174628744698474,7,1.0,negative
1,development,6,both_fists_imagery,Cz,mu,7,-6.253344567451805,45.357034458141015,4,0.5714285714285714,negative
1,development,10,both_fists_imagery,Cz,mu,7,-4.800793756949533,42.14621891160233,4,0.5714285714285714,negative
1,development,14,both_fists_imagery,Cz,mu,7,-2.229223537253242,57.08130683518361,4,0.5714285714285714,negative
1,development,6,both_fists_imagery,Cz,beta,7,8.185504625476815,41.02552794037456,2,0.2857142857142857,positive
1,development,10,both_fists_imagery,Cz,beta,7,-21.574487179028296,34.84102305127616,5,0.7142857142857143,negative
1,development,14,both_fists_imagery,Cz,beta,7,-32.88570020943712,22.89083927054753,7,1.0,negative
1,development,6,both_feet_imagery,C3,central_12_13,8,82.37283023151265,85.75332619310244,2,0.25,positive
1,development,10,both_feet_imagery,C3,central_12_13,8,1.5743480583427345,149.41507717681668,4,0.5,positive
1,development,14,both_feet_imagery,C3,central_12_13,8,21.182833704396778,48.34653910455143,2,0.25,positive
1,development,6,both_feet_imagery,C4,central_12_13,8,43.43213659765155,62.54601748491923,1,0.125,positive
1,development,10,both_feet_imagery,C4,central_12_13,8,-6.922951147241847,125.56188741736572,4,0.5,negative
1,development,14,both_feet_imagery,C4,central_12_13,8,22.313400255138223,137.86296742545622,3,0.375,positive
1,development,6,both_feet_imagery,C3,mu,8,41.37990974583313,68.34117268406692,2,0.25,positive
1,development,10,both_feet_imagery,C3,mu,8,-1.139727702691074,74.86472634532188,4,0.5,negative
1,development,14,both_feet_imagery,C3,mu,8,3.828562667492394,75.38386906886245,3,0.375,positive
1,development,6,both_feet_imagery,Cz,mu,8,10.316115593770792,46.9305434065497,4,0.5,positive
1,development,10,both_feet_imagery,Cz,mu,8,3.7019718019921672,53.3494545631019,4,0.5,positive
1,development,14,both_feet_imagery,Cz,mu,8,0.9450724976899902,59.14842924014408,4,0.5,positive
1,development,6,both_feet_imagery,C4,mu,8,16.420667753894513,33.820782727494105,2,0.25,positive
1,development,10,both_feet_imagery,C4,mu,8,-9.972234047054245,55.76478701254985,5,0.625,negative
1,development,14,both_feet_imagery,C4,mu,8,27.850405600274332,71.41112305736424,3,0.375,positive
1,development,6,both_feet_imagery,Cz,beta,8,14.732167823592764,111.51950343736316,3,0.375,positive
1,development,10,both_feet_imagery,Cz,beta,8,27.567860060968687,68.26260119467084,3,0.375,positive
1,development,14,both_feet_imagery,Cz,beta,8,15.178388352704314,56.76676275831647,3,0.375,positive
2,replication,6,both_fists_imagery,C4,central_12_13,8,-23.768477696348945,105.35146161288358,5,0.625,negative
2,replication,10,both_fists_imagery,C4,central_12_13,8,-23.32162993434153,48.261253204747135,6,0.75,negative
2,replication,14,both_fists_imagery,C4,central_12_13,8,30.837627570426193,57.08214138192839,2,0.25,positive
2,replication,6,both_fists_imagery,C3,central_12_13,8,-36.09617012312438,21.398358554071102,8,1.0,negative
2,replication,10,both_fists_imagery,C3,central_12_13,8,-49.06730907150176,26.95909566735105,8,1.0,negative
2,replication,14,both_fists_imagery,C3,central_12_13,8,46.015476183441955,167.46690213204567,3,0.375,positive
2,replication,6,both_fists_imagery,C3,mu,8,-36.01935875450174,28.184680395660166,8,1.0,negative
2,replication,10,both_fists_imagery,C3,mu,8,-44.3964514458151,27.778791252354672,7,0.875,negative
2,replication,14,both_fists_imagery,C3,mu,8,51.476296429627695,160.3247371994823,3,0.375,positive
2,replication,6,both_fists_imagery,C4,mu,8,-2.953555467326497,62.49144229944463,5,0.625,negative
2,replication,10,both_fists_imagery,C4,mu,8,-26.152558836348526,44.801609722276524,7,0.875,negative
2,replication,14,both_fists_imagery,C4,mu,8,25.485448264117974,77.51374624587129,2,0.25,positive
2,replication,6,both_fists_imagery,Cz,mu,8,-39.85964750933205,13.590090202571957,8,1.0,negative
2,replication,10,both_fists_imagery,Cz,mu,8,-36.773311943956344,71.5998828585471,5,0.625,negative
2,replication,14,both_fists_imagery,Cz,mu,8,-0.3292454136863068,62.173165057254025,4,0.5,negative
2,replication,6,both_fists_imagery,Cz,beta,8,1.698349146688214,62.36043982124149,4,0.5,positive
2,replication,10,both_fists_imagery,Cz,beta,8,3.1391446768919042,66.85659762491956,4,0.5,positive
2,replication,14,both_fists_imagery,Cz,beta,8,-45.05497546720475,37.131203238831446,6,0.75,negative
2,replication,6,both_feet_imagery,C3,central_12_13,7,-13.691264013673202,49.92508200306837,5,0.7142857142857143,negative
2,replication,10,both_feet_imagery,C3,central_12_13,7,59.85303892806666,143.15666571645966,2,0.2857142857142857,positive
2,replication,14,both_feet_imagery,C3,central_12_13,7,32.02543699211332,40.80277753997097,1,0.14285714285714285,positive
2,replication,6,both_feet_imagery,C4,central_12_13,7,-8.492299214315292,39.36566540529434,5,0.7142857142857143,negative
2,replication,10,both_feet_imagery,C4,central_12_13,7,-9.404933055054038,63.44636321583973,4,0.5714285714285714,negative
2,replication,14,both_feet_imagery,C4,central_12_13,7,21.670420059429663,79.914390641948,3,0.42857142857142855,positive
2,replication,6,both_feet_imagery,C3,mu,7,-24.14807015372783,33.0553447135488,6,0.8571428571428571,negative
2,replication,10,both_feet_imagery,C3,mu,7,25.34383280160217,127.74486437573026,3,0.42857142857142855,positive
2,replication,14,both_feet_imagery,C3,mu,7,17.92311538447369,84.33933850125663,3,0.42857142857142855,positive
2,replication,6,both_feet_imagery,Cz,mu,7,-34.71629632122351,24.372285747421664,6,0.8571428571428571,negative
2,replication,10,both_feet_imagery,Cz,mu,7,15.201811809966134,42.45636678178976,3,0.42857142857142855,positive
2,replication,14,both_feet_imagery,Cz,mu,7,38.32749360756213,75.61580063587914,3,0.42857142857142855,positive
2,replication,6,both_feet_imagery,C4,mu,7,-31.999802384198127,85.83152637314426,4,0.5714285714285714,negative
2,replication,10,both_feet_imagery,C4,mu,7,-5.45688401421345,36.26653874729793,5,0.7142857142857143,negative
2,replication,14,both_feet_imagery,C4,mu,7,-21.399114863567604,68.60584350269579,4,0.5714285714285714,negative
2,replication,6,both_feet_imagery,Cz,beta,7,-19.25751119843201,22.75034396692222,6,0.8571428571428571,negative
2,replication,10,both_feet_imagery,Cz,beta,7,-25.312535467031644,19.940726076095615,6,0.8571428571428571,negative
2,replication,14,both_feet_imagery,Cz,beta,7,-60.165942213136496,13.124413849667931,7,1.0,negative
3,replication,6,both_fists_imagery,C4,central_12_13,7,-38.11067334350187,51.25165030301673,5,0.7142857142857143,negative
3,replication,10,both_fists_imagery,C4,central_12_13,7,14.978313190620588,26.820360359778196,2,0.2857142857142857,positive
3,replication,14,both_fists_imagery,C4,central_12_13,7,9.093967415132898,103.26576761189872,3,0.42857142857142855,positive
3,replication,6,both_fists_imagery,C3,central_12_13,7,-17.955707741459424,38.97218010720368,4,0.5714285714285714,negative
3,replication,10,both_fists_imagery,C3,central_12_13,7,4.473211007139475,103.01340058581657,0,0.0,positive
3,replication,14,both_fists_imagery,C3,central_12_13,7,10.207652585176197,44.505001855611866,3,0.42857142857142855,positive
3,replication,6,both_fists_imagery,C3,mu,7,-18.892453689095902,26.750574980132683,5,0.7142857142857143,negative
3,replication,10,both_fists_imagery,C3,mu,7,40.16040627384857,38.752375064610966,1,0.14285714285714285,positive
3,replication,14,both_fists_imagery,C3,mu,7,-11.703661898898288,78.91030116853014,4,0.5714285714285714,negative
3,replication,6,both_fists_imagery,C4,mu,7,-37.111499239344774,40.1228604439852,6,0.8571428571428571,negative
3,replication,10,both_fists_imagery,C4,mu,7,-7.228273684099124,55.790765832451264,4,0.5714285714285714,negative
3,replication,14,both_fists_imagery,C4,mu,7,1.4160355917400402,64.35342114446419,3,0.42857142857142855,positive
3,replication,6,both_fists_imagery,Cz,mu,7,-6.64609147949189,73.71934639889095,4,0.5714285714285714,negative
3,replication,10,both_fists_imagery,Cz,mu,7,9.140387582288536,47.82877973898985,2,0.2857142857142857,positive
3,replication,14,both_fists_imagery,Cz,mu,7,41.064179240108395,108.46161059154123,2,0.2857142857142857,positive
3,replication,6,both_fists_imagery,Cz,beta,7,-5.436665241730018,30.063513851208413,4,0.5714285714285714,negative
3,replication,10,both_fists_imagery,Cz,beta,7,-13.60450147772839,31.407356689956885,4,0.5714285714285714,negative
3,replication,14,both_fists_imagery,Cz,beta,7,2.8047600541897553,39.52561704052229,3,0.42857142857142855,positive
3,replication,6,both_feet_imagery,C3,central_12_13,8,16.34871608773681,51.545430363878474,3,0.375,positive
3,replication,10,both_feet_imagery,C3,central_12_13,8,38.46240971005138,37.61576038065563,1,0.125,positive
3,replication,14,both_feet_imagery,C3,central_12_13,8,18.585387057446773,56.76633291513426,3,0.375,positive
3,replication,6,both_feet_imagery,C4,central_12_13,8,-6.213643447044954,120.60983199842795,5,0.625,negative
3,replication,10,both_feet_imagery,C4,central_12_13,8,19.94659641953904,165.4245619896884,2,0.25,positive
3,replication,14,both_feet_imagery,C4,central_12_13,8,12.622386059528598,93.09004609252952,3,0.375,positive
3,replication,6,both_feet_imagery,C3,mu,8,11.137636442413086,45.873836016447285,3,0.375,positive
3,replication,10,both_feet_imagery,C3,mu,8,-3.113411003889234,25.395449890451957,5,0.625,negative
3,replication,14,both_feet_imagery,C3,mu,8,-12.364530169063766,33.91612872554769,5,0.625,negative
3,replication,6,both_feet_imagery,Cz,mu,8,-1.104362434683369,21.349551512532422,4,0.5,negative
3,replication,10,both_feet_imagery,Cz,mu,8,15.167401979713308,13.911710721822676,0,0.0,positive
3,replication,14,both_feet_imagery,Cz,mu,8,-17.798667422943144,51.5617075630775,5,0.625,negative
3,replication,6,both_feet_imagery,C4,mu,8,-18.221082216790965,42.51650609813946,5,0.625,negative
3,replication,10,both_feet_imagery,C4,mu,8,43.38177635049195,67.80621293548016,3,0.375,positive
3,replication,14,both_feet_imagery,C4,mu,8,-4.693081712540377,74.22009100941786,5,0.625,negative
3,replication,6,both_feet_imagery,Cz,beta,8,-9.185059775316791,15.842531694332967,6,0.75,negative
3,replication,10,both_feet_imagery,Cz,beta,8,29.046644551459984,11.103418166910565,0,0.0,positive
3,replication,14,both_feet_imagery,Cz,beta,8,29.862713186020976,64.8727881383873,1,0.125,positive
4,replication,6,both_fists_imagery,C4,central_12_13,8,-23.355461623855724,60.71192840919063,6,0.75,negative
4,replication,10,both_fists_imagery,C4,central_12_13,7,-58.222776780217444,24.93509363331134,7,1.0,negative
4,replication,14,both_fists_imagery,C4,central_12_13,7,-59.36839296645069,25.10627245951855,7,1.0,negative
4,replication,6,both_fists_imagery,C3,central_12_13,8,-71.40523027867367,12.298683399121956,8,1.0,negative
4,replication,10,both_fists_imagery,C3,central_12_13,7,-52.56635543449432,35.510794875428616,6,0.8571428571428571,negative
4,replication,14,both_fists_imagery,C3,central_12_13,7,-53.82735695157583,41.31006095276571,6,0.8571428571428571,negative
4,replication,6,both_fists_imagery,C3,mu,8,-64.447968753172,22.17620914517738,7,0.875,negative
4,replication,10,both_fists_imagery,C3,mu,7,-54.192955722137604,16.037473371412204,7,1.0,negative
4,replication,14,both_fists_imagery,C3,mu,7,-54.07731922396225,49.78464824372331,5,0.7142857142857143,negative
4,replication,6,both_fists_imagery,C4,mu,8,-32.09028170562683,71.85518519818626,6,0.75,negative
4,replication,10,both_fists_imagery,C4,mu,7,-48.342687593302344,42.9352456301327,7,1.0,negative
4,replication,14,both_fists_imagery,C4,mu,7,-40.22224493825926,14.751430523132747,7,1.0,negative
4,replication,6,both_fists_imagery,Cz,mu,8,-33.36802534450297,49.756084827808294,6,0.75,negative
4,replication,10,both_fists_imagery,Cz,mu,7,-39.11235061271779,38.966314919920976,7,1.0,negative
4,replication,14,both_fists_imagery,Cz,mu,7,-51.57013445809889,18.27322836589167,7,1.0,negative
4,replication,6,both_fists_imagery,Cz,beta,8,-60.76588209517813,28.46516706547017,8,1.0,negative
4,replication,10,both_fists_imagery,Cz,beta,7,-32.402643670612164,33.87250882736901,6,0.8571428571428571,negative
4,replication,14,both_fists_imagery,Cz,beta,7,-40.97174086813177,65.92718664583506,4,0.5714285714285714,negative
4,replication,6,both_feet_imagery,C3,central_12_13,7,-54.55835945133505,52.966424317942234,6,0.8571428571428571,negative
4,replication,10,both_feet_imagery,C3,central_12_13,8,-0.4105224614749994,33.502303006896724,4,0.5,negative
4,replication,14,both_feet_imagery,C3,central_12_13,8,-17.423976401900596,40.5644696129952,6,0.75,negative
4,replication,6,both_feet_imagery,C4,central_12_13,7,-60.97821742523999,15.154682148554876,6,0.8571428571428571,negative
4,replication,10,both_feet_imagery,C4,central_12_13,8,-27.36676851115032,39.61868548673351,6,0.75,negative
4,replication,14,both_feet_imagery,C4,central_12_13,8,-45.52083391060144,34.73112126468,6,0.75,negative
4,replication,6,both_feet_imagery,C3,mu,7,-48.18202920960372,51.15637702333572,5,0.7142857142857143,negative
4,replication,10,both_feet_imagery,C3,mu,8,-13.464644646584299,35.693304752941295,5,0.625,negative
4,replication,14,both_feet_imagery,C3,mu,8,-41.03655824116373,31.736280565529754,6,0.75,negative
4,replication,6,both_feet_imagery,Cz,mu,7,-41.22776391999687,24.159776885804682,7,1.0,negative
4,replication,10,both_feet_imagery,Cz,mu,8,-48.61857922092247,9.18811682814787,8,1.0,negative
4,replication,14,both_feet_imagery,Cz,mu,8,-64.68931742229255,24.335262065567406,8,1.0,negative
4,replication,6,both_feet_imagery,C4,mu,7,-62.859905706848295,20.341178594920933,6,0.8571428571428571,negative
4,replication,10,both_feet_imagery,C4,mu,8,-27.98143677066018,48.07795751992704,5,0.625,negative
4,replication,14,both_feet_imagery,C4,mu,8,-47.220307585662276,21.605039745284984,7,0.875,negative
4,replication,6,both_feet_imagery,Cz,beta,7,-62.56821059485555,25.720831321584512,7,1.0,negative
4,replication,10,both_feet_imagery,Cz,beta,8,-61.07432078468801,18.6519474452068,8,1.0,negative
4,replication,14,both_feet_imagery,Cz,beta,8,-53.27263623863091,27.484256143861465,8,1.0,negative
5,replication,6,both_fists_imagery,C4,central_12_13,7,-24.431410360479397,36.60820339323124,5,0.7142857142857143,negative
5,replication,10,both_fists_imagery,C4,central_12_13,8,-5.6235279323013945,34.34319711124597,5,0.625,negative
5,replication,14,both_fists_imagery,C4,central_12_13,8,-15.421929427404798,100.96478961199317,4,0.5,negative
5,replication,6,both_fists_imagery,C3,central_12_13,7,0.8642439347691191,48.76442732886315,3,0.42857142857142855,positive
5,replication,10,both_fists_imagery,C3,central_12_13,8,-38.70883698949426,43.372322043931675,7,0.875,negative
5,replication,14,both_fists_imagery,C3,central_12_13,8,-28.017695480609454,83.78136442192346,6,0.75,negative
5,replication,6,both_fists_imagery,C3,mu,7,-5.065231991337829,43.858319309698196,4,0.5714285714285714,negative
5,replication,10,both_fists_imagery,C3,mu,8,-34.5506742598158,23.80357641859434,7,0.875,negative
5,replication,14,both_fists_imagery,C3,mu,8,0.5809003932864008,36.32710444651828,4,0.5,positive
5,replication,6,both_fists_imagery,C4,mu,7,9.072772412077008,64.12687947360612,3,0.42857142857142855,positive
5,replication,10,both_fists_imagery,C4,mu,8,5.5824289532479785,50.23957958169227,4,0.5,positive
5,replication,14,both_fists_imagery,C4,mu,8,-45.5411165384285,107.92504516825932,5,0.625,negative
5,replication,6,both_fists_imagery,Cz,mu,7,22.145243751754798,38.24687802062954,2,0.2857142857142857,positive
5,replication,10,both_fists_imagery,Cz,mu,8,-0.0768735569732093,32.85402223117604,4,0.5,negative
5,replication,14,both_fists_imagery,Cz,mu,8,10.212045956816299,62.12263808611897,4,0.5,positive
5,replication,6,both_fists_imagery,Cz,beta,7,-24.052011793689495,30.10310635782645,6,0.8571428571428571,negative
5,replication,10,both_fists_imagery,Cz,beta,8,-14.518386294978168,84.87565927983376,5,0.625,negative
5,replication,14,both_fists_imagery,Cz,beta,8,-23.83777881559748,40.65017639957839,7,0.875,negative
5,replication,6,both_feet_imagery,C3,central_12_13,8,-9.895823095715548,35.10037385180625,6,0.75,negative
5,replication,10,both_feet_imagery,C3,central_12_13,7,-26.9579375552016,73.07522234520155,5,0.7142857142857143,negative
5,replication,14,both_feet_imagery,C3,central_12_13,7,11.63393844543985,75.74704334005736,3,0.42857142857142855,positive
5,replication,6,both_feet_imagery,C4,central_12_13,8,17.516107816709734,93.51581284329866,3,0.375,positive
5,replication,10,both_feet_imagery,C4,central_12_13,7,-29.19010033223968,57.141804498719274,5,0.7142857142857143,negative
5,replication,14,both_feet_imagery,C4,central_12_13,7,-38.420032552145344,127.29965335567502,5,0.7142857142857143,negative
5,replication,6,both_feet_imagery,C3,mu,8,7.788437453186939,48.19191469455383,3,0.375,positive
5,replication,10,both_feet_imagery,C3,mu,7,-19.558595116127787,31.030662106215868,4,0.5714285714285714,negative
5,replication,14,both_feet_imagery,C3,mu,7,11.91323372558398,74.80104443848663,3,0.42857142857142855,positive
5,replication,6,both_feet_imagery,Cz,mu,8,14.924333603712853,56.8168783248597,2,0.25,positive
5,replication,10,both_feet_imagery,Cz,mu,7,-18.691950158846627,16.97374980577707,6,0.8571428571428571,negative
5,replication,14,both_feet_imagery,Cz,mu,7,38.7028436740488,121.35001582707574,2,0.2857142857142857,positive
5,replication,6,both_feet_imagery,C4,mu,8,3.1840832305449203,37.278135667573814,3,0.375,positive
5,replication,10,both_feet_imagery,C4,mu,7,-16.27041495660579,25.960732200962486,6,0.8571428571428571,negative
5,replication,14,both_feet_imagery,C4,mu,7,14.979040493393068,84.65870948117308,3,0.42857142857142855,positive
5,replication,6,both_feet_imagery,Cz,beta,8,-23.23282471978932,48.20169613199147,5,0.625,negative
5,replication,10,both_feet_imagery,Cz,beta,7,-21.50941941647213,48.47983656182926,5,0.7142857142857143,negative
5,replication,14,both_feet_imagery,Cz,beta,7,-59.43911932780094,68.07049911493459,5,0.7142857142857143,negative
6,replication,6,both_fists_imagery,C4,central_12_13,7,-29.592156353128598,47.80603016002228,5,0.7142857142857143,negative
6,replication,10,both_fists_imagery,C4,central_12_13,7,-44.51670315290188,47.85976665017823,5,0.7142857142857143,negative
6,replication,14,both_fists_imagery,C4,central_12_13,8,5.739466458346994,45.080208695145174,3,0.375,positive
6,replication,6,both_fists_imagery,C3,central_12_13,7,-21.748710427029636,38.08506071742331,5,0.7142857142857143,negative
6,replication,10,both_fists_imagery,C3,central_12_13,7,-14.04500511879864,50.21403630726753,5,0.7142857142857143,negative
6,replication,14,both_fists_imagery,C3,central_12_13,8,-25.642471878641356,67.10782916821844,5,0.625,negative
6,replication,6,both_fists_imagery,C3,mu,7,-30.774598595099462,34.82416179316508,5,0.7142857142857143,negative
6,replication,10,both_fists_imagery,C3,mu,7,-13.205248816729595,88.83319184626987,4,0.5714285714285714,negative
6,replication,14,both_fists_imagery,C3,mu,8,-5.5456889262093325,65.40410709098343,4,0.5,negative
6,replication,6,both_fists_imagery,C4,mu,7,-29.03876822094443,12.886443490018419,7,1.0,negative
6,replication,10,both_fists_imagery,C4,mu,7,-49.68016097667568,28.477991243920606,6,0.8571428571428571,negative
6,replication,14,both_fists_imagery,C4,mu,8,18.972057016859218,33.85523151650925,2,0.25,positive
6,replication,6,both_fists_imagery,Cz,mu,7,-14.026995877971064,23.66425538905922,5,0.7142857142857143,negative
6,replication,10,both_fists_imagery,Cz,mu,7,-21.888484587074803,34.10130012037462,5,0.7142857142857143,negative
6,replication,14,both_fists_imagery,Cz,mu,8,17.851415773825313,38.25278196156849,2,0.25,positive
6,replication,6,both_fists_imagery,Cz,beta,7,-9.084678983623512,47.92518890271755,4,0.5714285714285714,negative
6,replication,10,both_fists_imagery,Cz,beta,7,26.806881564242055,81.34631969639477,3,0.42857142857142855,positive
6,replication,14,both_fists_imagery,Cz,beta,8,13.25255851723467,58.22854907967363,3,0.375,positive
6,replication,6,both_feet_imagery,C3,central_12_13,8,-19.307634959654322,18.324039901872148,7,0.875,negative
6,replication,10,both_feet_imagery,C3,central_12_13,8,3.7906652387765543,52.298555568448215,4,0.5,positive
6,replication,14,both_feet_imagery,C3,central_12_13,7,-21.949079542496982,40.164220843311924,5,0.7142857142857143,negative
6,replication,6,both_feet_imagery,C4,central_12_13,8,-17.76223222960362,76.25598785881442,5,0.625,negative
6,replication,10,both_feet_imagery,C4,central_12_13,8,-0.6790112237037516,35.051429768756485,4,0.5,negative
6,replication,14,both_feet_imagery,C4,central_12_13,7,-31.537004193566293,63.13342915209394,4,0.5714285714285714,negative
6,replication,6,both_feet_imagery,C3,mu,8,-14.013559508923393,40.62324513369558,5,0.625,negative
6,replication,10,both_feet_imagery,C3,mu,8,0.762917243396985,31.856652926642774,4,0.5,positive
6,replication,14,both_feet_imagery,C3,mu,7,-27.08517327967965,52.41811215214358,5,0.7142857142857143,negative
6,replication,6,both_feet_imagery,Cz,mu,8,7.733187537489274,25.915920343938097,3,0.375,positive
6,replication,10,both_feet_imagery,Cz,mu,8,-12.399033031677597,45.03093512688261,5,0.625,negative
6,replication,14,both_feet_imagery,Cz,mu,7,-37.40894875149714,53.38061232163444,5,0.7142857142857143,negative
6,replication,6,both_feet_imagery,C4,mu,8,-11.070505743242887,38.69810771801454,5,0.625,negative
6,replication,10,both_feet_imagery,C4,mu,8,5.212705060142833,63.79073150788621,3,0.375,positive
6,replication,14,both_feet_imagery,C4,mu,7,-36.02393831057347,30.205307669556603,5,0.7142857142857143,negative
6,replication,6,both_feet_imagery,Cz,beta,8,11.777383363525782,50.77968221924415,3,0.375,positive
6,replication,10,both_feet_imagery,Cz,beta,8,8.804624037481148,49.075748752385,3,0.375,positive
6,replication,14,both_feet_imagery,Cz,beta,7,-22.158935838364897,37.30188484957625,5,0.7142857142857143,negative
7,replication,6,both_fists_imagery,C4,central_12_13,7,-56.02051066499307,24.025862347893458,6,0.8571428571428571,negative
7,replication,10,both_fists_imagery,C4,central_12_13,8,-41.65257347092802,65.84296518835379,6,0.75,negative
7,replication,14,both_fists_imagery,C4,central_12_13,7,-49.9842376005536,64.58154125735726,5,0.7142857142857143,negative
7,replication,6,both_fists_imagery,C3,central_12_13,7,-47.22102390429989,41.303801581863496,7,1.0,negative
7,replication,10,both_fists_imagery,C3,central_12_13,8,-24.148653479875783,57.48561509052673,6,0.75,negative
7,replication,14,both_fists_imagery,C3,central_12_13,7,-51.87785532911557,35.29361835459406,7,1.0,negative
7,replication,6,both_fists_imagery,C3,mu,7,-42.33049333279632,55.31095606571736,5,0.7142857142857143,negative
7,replication,10,both_fists_imagery,C3,mu,8,5.503365414717527,51.26133992010442,4,0.5,positive
7,replication,14,both_fists_imagery,C3,mu,7,-37.31904983656231,65.53531392311255,4,0.5714285714285714,negative
7,replication,6,both_fists_imagery,C4,mu,7,-36.85115815493459,33.65534885381112,6,0.8571428571428571,negative
7,replication,10,both_fists_imagery,C4,mu,8,-16.678938139820346,93.294150870372,5,0.625,negative
7,replication,14,both_fists_imagery,C4,mu,7,2.6195790210411873,139.9869874459194,3,0.42857142857142855,positive
7,replication,6,both_fists_imagery,Cz,mu,7,-27.409964971512437,36.07097545646852,7,1.0,negative
7,replication,10,both_fists_imagery,Cz,mu,8,-0.859453157148123,41.64979861790626,5,0.625,negative
7,replication,14,both_fists_imagery,Cz,mu,7,-22.163606368104993,138.01488828292764,4,0.5714285714285714,negative
7,replication,6,both_fists_imagery,Cz,beta,7,-45.10352210835433,24.50272720386393,7,1.0,negative
7,replication,10,both_fists_imagery,Cz,beta,8,-30.18634385654733,25.73759311589479,7,0.875,negative
7,replication,14,both_fists_imagery,Cz,beta,7,-32.49368773963075,68.94498733804339,5,0.7142857142857143,negative
7,replication,6,both_feet_imagery,C3,central_12_13,8,29.03604491696061,89.57665914876083,3,0.375,positive
7,replication,10,both_feet_imagery,C3,central_12_13,7,-7.352024929359995,64.88950846551705,4,0.5714285714285714,negative
7,replication,14,both_feet_imagery,C3,central_12_13,8,-39.0005154045666,44.68103651962544,7,0.875,negative
7,replication,6,both_feet_imagery,C4,central_12_13,8,15.71548762440955,86.99989457665392,3,0.375,positive
7,replication,10,both_feet_imagery,C4,central_12_13,7,5.180078808292926,51.57312626766775,3,0.42857142857142855,positive
7,replication,14,both_feet_imagery,C4,central_12_13,8,-26.064400256075917,53.36688542471808,6,0.75,negative
7,replication,6,both_feet_imagery,C3,mu,8,-10.115921428523087,127.3360428209129,5,0.625,negative
7,replication,10,both_feet_imagery,C3,mu,7,17.512455197016777,100.60116444544035,3,0.42857142857142855,positive
7,replication,14,both_feet_imagery,C3,mu,8,-34.89115298327563,51.069729607379315,6,0.75,negative
7,replication,6,both_feet_imagery,Cz,mu,8,-21.92162161531942,42.95782672324765,6,0.75,negative
7,replication,10,both_feet_imagery,Cz,mu,7,-15.098963927732077,105.5399955503607,4,0.5714285714285714,negative
7,replication,14,both_feet_imagery,Cz,mu,8,-29.289391169998492,27.668147574535677,6,0.75,negative
7,replication,6,both_feet_imagery,C4,mu,8,8.878692206086168,75.40350653033748,3,0.375,positive
7,replication,10,both_feet_imagery,C4,mu,7,6.334104728635275,51.78560651617487,3,0.42857142857142855,positive
7,replication,14,both_feet_imagery,C4,mu,8,-24.94890218325344,48.40710254024978,6,0.75,negative
7,replication,6,both_feet_imagery,Cz,beta,8,-26.79154939733923,21.287679840522795,8,1.0,negative
7,replication,10,both_feet_imagery,Cz,beta,7,-8.120909554129025,24.024467948521476,5,0.7142857142857143,negative
7,replication,14,both_feet_imagery,Cz,beta,8,-20.042359012895957,21.94317890750699,7,0.875,negative
8,replication,6,both_fists_imagery,C4,central_12_13,7,-63.329420117526865,22.43683411194938,6,0.8571428571428571,negative
8,replication,10,both_fists_imagery,C4,central_12_13,8,-61.802075484434965,35.972175885901535,6,0.75,negative
8,replication,14,both_fists_imagery,C4,central_12_13,8,-59.00989881794418,15.698334038214064,8,1.0,negative
8,replication,6,both_fists_imagery,C3,central_12_13,7,-46.60496745702588,55.78734598603533,5,0.7142857142857143,negative
8,replication,10,both_fists_imagery,C3,central_12_13,8,-52.01861630003789,53.47927421013119,6,0.75,negative
8,replication,14,both_fists_imagery,C3,central_12_13,8,-60.33344476205248,16.62188106489551,8,1.0,negative
8,replication,6,both_fists_imagery,C3,mu,7,-24.265197072689244,69.24555277111932,5,0.7142857142857143,negative
8,replication,10,both_fists_imagery,C3,mu,8,-37.30310879354792,47.49594624775277,7,0.875,negative
8,replication,14,both_fists_imagery,C3,mu,8,-57.01850608857525,8.093632069077358,8,1.0,negative
8,replication,6,both_fists_imagery,C4,mu,7,-51.72444193016005,28.58419082287761,6,0.8571428571428571,negative
8,replication,10,both_fists_imagery,C4,mu,8,-47.691438322022435,37.706968480853206,6,0.75,negative
8,replication,14,both_fists_imagery,C4,mu,8,-56.587558533850356,20.696260408476974,8,1.0,negative
8,replication,6,both_fists_imagery,Cz,mu,7,9.614296995211316,46.66429375858643,3,0.42857142857142855,positive
8,replication,10,both_fists_imagery,Cz,mu,8,7.5513388606339245,30.746100765757546,3,0.375,positive
8,replication,14,both_fists_imagery,Cz,mu,8,-20.146377952054742,50.167440130026876,7,0.875,negative
8,replication,6,both_fists_imagery,Cz,beta,7,-9.342508860658413,22.66662549867213,5,0.7142857142857143,negative
8,replication,10,both_fists_imagery,Cz,beta,8,-17.02639362100939,27.226281609520406,6,0.75,negative
8,replication,14,both_fists_imagery,Cz,beta,8,-35.72223656659132,15.019255760882245,8,1.0,negative
8,replication,6,both_feet_imagery,C3,central_12_13,8,117.13742797183431,237.29369621784292,2,0.25,positive
8,replication,10,both_feet_imagery,C3,central_12_13,7,-1.8526358821877182,157.1041283360985,4,0.5714285714285714,negative
8,replication,14,both_feet_imagery,C3,central_12_13,7,84.31698940814142,192.3748541334281,0,0.0,positive
8,replication,6,both_feet_imagery,C4,central_12_13,8,12.772906784256227,224.36762395573172,4,0.5,positive
8,replication,10,both_feet_imagery,C4,central_12_13,7,67.39036426480087,124.2411188646899,3,0.42857142857142855,positive
8,replication,14,both_feet_imagery,C4,central_12_13,7,73.67759080011025,161.3074045427292,2,0.2857142857142857,positive
8,replication,6,both_feet_imagery,C3,mu,8,105.48556568071083,183.77219107379415,3,0.375,positive
8,replication,10,both_feet_imagery,C3,mu,7,13.782538096046487,116.65213575964668,2,0.2857142857142857,positive
8,replication,14,both_feet_imagery,C3,mu,7,41.51698009382116,127.60662108476586,0,0.0,positive
8,replication,6,both_feet_imagery,Cz,mu,8,-24.81918640625583,74.1036575438302,5,0.625,negative
8,replication,10,both_feet_imagery,Cz,mu,7,0.706558705937106,141.58266338740944,3,0.42857142857142855,positive
8,replication,14,both_feet_imagery,Cz,mu,7,111.55379812769053,213.99970058857338,3,0.42857142857142855,positive
8,replication,6,both_feet_imagery,C4,mu,8,9.740606511759646,157.361545464475,4,0.5,positive
8,replication,10,both_feet_imagery,C4,mu,7,44.486460156708276,108.80671739715945,2,0.2857142857142857,positive
8,replication,14,both_feet_imagery,C4,mu,7,49.66735408494675,157.9845810355552,2,0.2857142857142857,positive
8,replication,6,both_feet_imagery,Cz,beta,8,-3.3018125265583214,7.65116152380878,6,0.75,negative
8,replication,10,both_feet_imagery,Cz,beta,7,-15.985574794694884,31.291800683213076,5,0.7142857142857143,negative
8,replication,14,both_feet_imagery,Cz,beta,7,12.419139566323796,59.901754385462496,3,0.42857142857142855,positive
9,replication,6,both_fists_imagery,C4,central_12_13,8,-9.691318252183013,38.73752008055291,5,0.625,negative
9,replication,10,both_fists_imagery,C4,central_12_13,8,-3.8400493170448606,81.30281868562277,5,0.625,negative
9,replication,14,both_fists_imagery,C4,central_12_13,7,-26.451986815834797,24.152707525652243,6,0.8571428571428571,negative
9,replication,6,both_fists_imagery,C3,central_12_13,8,2.9861891735328143,34.867731015559116,4,0.5,positive
9,replication,10,both_fists_imagery,C3,central_12_13,8,19.878860507837665,74.19353933242989,4,0.5,positive
9,replication,14,both_fists_imagery,C3,central_12_13,7,34.494109268044014,59.19496962417,2,0.2857142857142857,positive
9,replication,6,both_fists_imagery,C3,mu,8,-27.15672533189983,29.493856994356406,6,0.75,negative
9,replication,10,both_fists_imagery,C3,mu,8,-19.674721257396435,47.34741822528921,5,0.625,negative
9,replication,14,both_fists_imagery,C3,mu,7,38.81187019650431,29.631400371656202,0,0.0,positive
9,replication,6,both_fists_imagery,C4,mu,8,14.246369292410261,45.20633990174956,3,0.375,positive
9,replication,10,both_fists_imagery,C4,mu,8,-12.30204142230926,31.18412930589961,7,0.875,negative
9,replication,14,both_fists_imagery,C4,mu,7,-17.558249262892353,18.107631851545122,6,0.8571428571428571,negative
9,replication,6,both_fists_imagery,Cz,mu,8,-19.448247567586648,34.60294038494163,6,0.75,negative
9,replication,10,both_fists_imagery,Cz,mu,8,-1.1467601967441876,51.056211346303826,4,0.5,negative
9,replication,14,both_fists_imagery,Cz,mu,7,0.9366271018701398,52.77613007029383,3,0.42857142857142855,positive
9,replication,6,both_fists_imagery,Cz,beta,8,20.598117133479583,49.6081654696542,3,0.375,positive
9,replication,10,both_fists_imagery,Cz,beta,8,1.0537403130502483,30.43806171582586,4,0.5,positive
9,replication,14,both_fists_imagery,Cz,beta,7,4.474674863373185,39.50741686472119,3,0.42857142857142855,positive
9,replication,6,both_feet_imagery,C3,central_12_13,7,-15.450787507543726,104.60309239283316,4,0.5714285714285714,negative
9,replication,10,both_feet_imagery,C3,central_12_13,7,33.92158893069025,43.13658127551179,2,0.2857142857142857,positive
9,replication,14,both_feet_imagery,C3,central_12_13,8,1.0158409039384761,29.705248524949596,4,0.5,positive
9,replication,6,both_feet_imagery,C4,central_12_13,7,7.994062133662319,42.683699758664815,3,0.42857142857142855,positive
9,replication,10,both_feet_imagery,C4,central_12_13,7,-16.07279678308485,47.08292101897224,5,0.7142857142857143,negative
9,replication,14,both_feet_imagery,C4,central_12_13,8,-10.256796811314114,26.654436712948872,5,0.625,negative
9,replication,6,both_feet_imagery,C3,mu,7,3.1763648253815786,58.30805600659062,3,0.42857142857142855,positive
9,replication,10,both_feet_imagery,C3,mu,7,-9.133815194549902,48.519666823284304,5,0.7142857142857143,negative
9,replication,14,both_feet_imagery,C3,mu,8,16.500453042290125,69.16903114895932,3,0.375,positive
9,replication,6,both_feet_imagery,Cz,mu,7,0.11101526879261019,61.29596424852937,3,0.42857142857142855,positive
9,replication,10,both_feet_imagery,Cz,mu,7,-25.971766235205653,53.26181051823326,5,0.7142857142857143,negative
9,replication,14,both_feet_imagery,Cz,mu,8,39.18970329437185,91.96341396325991,3,0.375,positive
9,replication,6,both_feet_imagery,C4,mu,7,-0.49583035011578214,47.46432857915899,4,0.5714285714285714,negative
9,replication,10,both_feet_imagery,C4,mu,7,-31.470897620629025,19.87345753457502,6,0.8571428571428571,negative
9,replication,14,both_feet_imagery,C4,mu,8,-0.07017460365975148,40.53088535434938,4,0.5,negative
9,replication,6,both_feet_imagery,Cz,beta,7,-16.201868875298924,22.485491129052324,5,0.7142857142857143,negative
9,replication,10,both_feet_imagery,Cz,beta,7,15.389703711004511,49.56573600357786,3,0.42857142857142855,positive
9,replication,14,both_feet_imagery,Cz,beta,8,8.700804394851396,32.673979927388125,3,0.375,positive
10,replication,6,both_fists_imagery,C4,central_12_13,7,-68.48617068241863,31.81478032632073,7,1.0,negative
10,replication,10,both_fists_imagery,C4,central_12_13,8,-75.16498060454126,27.830751154638044,8,1.0,negative
10,replication,14,both_fists_imagery,C4,central_12_13,8,-74.81169890148699,63.71374876789395,7,0.875,negative
10,replication,6,both_fists_imagery,C3,central_12_13,7,-68.3345105376564,11.66796184802591,7,1.0,negative
10,replication,10,both_fists_imagery,C3,central_12_13,8,-15.96480449794063,25.928065329688582,7,0.875,negative
10,replication,14,both_fists_imagery,C3,central_12_13,8,-40.05586543148391,30.485217779879434,7,0.875,negative
10,replication,6,both_fists_imagery,C3,mu,7,-62.875303517022935,34.0592945156772,7,1.0,negative
10,replication,10,both_fists_imagery,C3,mu,8,-1.9840421386443219,48.69279343827016,4,0.5,negative
10,replication,14,both_fists_imagery,C3,mu,8,-23.47788241832341,46.28273116514521,7,0.875,negative
10,replication,6,both_fists_imagery,C4,mu,7,-51.24016150160416,10.330520694174865,6,0.8571428571428571,negative
10,replication,10,both_fists_imagery,C4,mu,8,-43.361550152158124,43.735529899255326,7,0.875,negative
10,replication,14,both_fists_imagery,C4,mu,8,-57.22375810801844,79.10880843702414,6,0.75,negative
10,replication,6,both_fists_imagery,Cz,mu,7,-29.184356872236496,22.39034649747964,6,0.8571428571428571,negative
10,replication,10,both_fists_imagery,Cz,mu,8,1.9799912035529295,53.524265313277326,4,0.5,positive
10,replication,14,both_fists_imagery,Cz,mu,8,-7.613963079107746,169.00850485342045,4,0.5,negative
10,replication,6,both_fists_imagery,Cz,beta,7,-36.323172753670505,11.449932566589894,7,1.0,negative
10,replication,10,both_fists_imagery,Cz,beta,8,-4.458464896157327,22.994934715195996,5,0.625,negative
10,replication,14,both_fists_imagery,Cz,beta,8,-12.042972063132687,26.530032284779377,5,0.625,negative
10,replication,6,both_feet_imagery,C3,central_12_13,8,3.0156685441855196,78.49056012795461,4,0.5,positive
10,replication,10,both_feet_imagery,C3,central_12_13,7,99.29426786684118,145.1827834960718,2,0.2857142857142857,positive
10,replication,14,both_feet_imagery,C3,central_12_13,7,-27.77397835453907,57.84325012333839,4,0.5714285714285714,negative
10,replication,6,both_feet_imagery,C4,central_12_13,8,39.2353234975954,107.67295793376275,2,0.25,positive
10,replication,10,both_feet_imagery,C4,central_12_13,7,41.069119641739604,85.88143403110064,0,0.0,positive
10,replication,14,both_feet_imagery,C4,central_12_13,7,19.374457592335453,136.8351314435949,3,0.42857142857142855,positive
10,replication,6,both_feet_imagery,C3,mu,8,-17.108710825111928,41.1093126947879,5,0.625,negative
10,replication,10,both_feet_imagery,C3,mu,7,26.05627096610448,73.11140133325411,2,0.2857142857142857,positive
10,replication,14,both_feet_imagery,C3,mu,7,-23.19346806479866,57.28199051357276,4,0.5714285714285714,negative
10,replication,6,both_feet_imagery,Cz,mu,8,-8.329534815256467,48.55118538209862,4,0.5,negative
10,replication,10,both_feet_imagery,Cz,mu,7,-12.173261761151652,91.02212465315569,4,0.5714285714285714,negative
10,replication,14,both_feet_imagery,Cz,mu,7,-28.390225551808484,99.77921731752812,4,0.5714285714285714,negative
10,replication,6,both_feet_imagery,C4,mu,8,20.172195429758577,38.94423162277909,2,0.25,positive
10,replication,10,both_feet_imagery,C4,mu,7,31.843155877397237,78.8211540873146,3,0.42857142857142855,positive
10,replication,14,both_feet_imagery,C4,mu,7,-11.854506478383282,78.18716945095144,4,0.5714285714285714,negative
10,replication,6,both_feet_imagery,Cz,beta,8,-0.3256903077894209,20.340878581676208,4,0.5,negative
10,replication,10,both_feet_imagery,Cz,beta,7,-21.272782047072162,22.576914002069213,5,0.7142857142857143,negative
10,replication,14,both_feet_imagery,Cz,beta,7,-32.176894723817384,39.287669607551855,5,0.7142857142857143,negative
11,replication,6,both_fists_imagery,C4,central_12_13,8,-36.03438776163003,69.05868270428668,5,0.625,negative
11,replication,10,both_fists_imagery,C4,central_12_13,7,36.18038642360569,77.96321112604932,2,0.2857142857142857,positive
11,replication,14,both_fists_imagery,C4,central_12_13,7,-3.8807039135532815,52.95556565134909,4,0.5714285714285714,negative
11,replication,6,both_fists_imagery,C3,central_12_13,8,-26.44120506133242,74.09608803503346,5,0.625,negative
11,replication,10,both_fists_imagery,C3,central_12_13,7,-2.8112107917509106,50.95916021499606,5,0.7142857142857143,negative
11,replication,14,both_fists_imagery,C3,central_12_13,7,-19.830409566596696,86.26286333529856,4,0.5714285714285714,negative
11,replication,6,both_fists_imagery,C3,mu,8,-15.159905640322535,56.35591487250053,5,0.625,negative
11,replication,10,both_fists_imagery,C3,mu,7,29.91317508076075,43.11851407353457,2,0.2857142857142857,positive
11,replication,14,both_fists_imagery,C3,mu,7,3.8426511832028942,90.74108218598381,3,0.42857142857142855,positive
11,replication,6,both_fists_imagery,C4,mu,8,-27.269892356543732,20.268306677564425,8,1.0,negative
11,replication,10,both_fists_imagery,C4,mu,7,47.57643871549624,74.66074333672256,3,0.42857142857142855,positive
11,replication,14,both_fists_imagery,C4,mu,7,8.655805560689695,39.47384318383994,3,0.42857142857142855,positive
11,replication,6,both_fists_imagery,Cz,mu,8,10.624681179421998,56.68720082270244,3,0.375,positive
11,replication,10,both_fists_imagery,Cz,mu,7,-5.56295579071237,51.33008596755663,4,0.5714285714285714,negative
11,replication,14,both_fists_imagery,Cz,mu,7,-21.297913771408215,63.848995589159514,5,0.7142857142857143,negative
11,replication,6,both_fists_imagery,Cz,beta,8,-11.026348640084924,37.69009623541507,5,0.625,negative
11,replication,10,both_fists_imagery,Cz,beta,7,-16.070100661651576,64.01001345934316,4,0.5714285714285714,negative
11,replication,14,both_fists_imagery,Cz,beta,7,-8.26970491800266,31.117558511437334,5,0.7142857142857143,negative
11,replication,6,both_feet_imagery,C3,central_12_13,7,12.063723245714465,104.47707471528892,3,0.42857142857142855,positive
11,replication,10,both_feet_imagery,C3,central_12_13,8,-31.37560743787606,63.105797672489444,5,0.625,negative
11,replication,14,both_feet_imagery,C3,central_12_13,8,-2.697993633948194,51.98308069265836,4,0.5,negative
11,replication,6,both_feet_imagery,C4,central_12_13,7,-38.61723211884676,62.840089000284436,5,0.7142857142857143,negative
11,replication,10,both_feet_imagery,C4,central_12_13,8,-29.622392710293997,61.23260190823784,6,0.75,negative
11,replication,14,both_feet_imagery,C4,central_12_13,8,-3.9441577094455154,49.92075185265294,4,0.5,negative
11,replication,6,both_feet_imagery,C3,mu,7,0.8623443192830527,55.43619107537104,3,0.42857142857142855,positive
11,replication,10,both_feet_imagery,C3,mu,8,-17.240226587089413,52.10169625682424,5,0.625,negative
11,replication,14,both_feet_imagery,C3,mu,8,-15.215533007435912,34.88622334992586,5,0.625,negative
11,replication,6,both_feet_imagery,Cz,mu,7,25.2345219949618,58.43438719497959,3,0.42857142857142855,positive
11,replication,10,both_feet_imagery,Cz,mu,8,-29.620879713724452,57.94281267550791,6,0.75,negative
11,replication,14,both_feet_imagery,Cz,mu,8,-28.32323809961313,30.58810099756892,6,0.75,negative
11,replication,6,both_feet_imagery,C4,mu,7,-46.14385962316952,41.288892871925846,6,0.8571428571428571,negative
11,replication,10,both_feet_imagery,C4,mu,8,-20.294214327891815,80.61582525353136,5,0.625,negative
11,replication,14,both_feet_imagery,C4,mu,8,-0.9652508513494804,63.85944777824312,4,0.5,negative
11,replication,6,both_feet_imagery,Cz,beta,7,-5.4275849494811625,34.75456119372212,4,0.5714285714285714,negative
11,replication,10,both_feet_imagery,Cz,beta,8,-21.71592954557532,31.70077703464667,6,0.75,negative
11,replication,14,both_feet_imagery,Cz,beta,8,-2.665478835027648,26.89303364731566,5,0.625,negative
12,replication,6,both_fists_imagery,C4,central_12_13,7,23.04281593107893,108.94818534554548,1,0.14285714285714285,positive
12,replication,10,both_fists_imagery,C4,central_12_13,7,-38.52830497412076,38.65596879791963,7,1.0,negative
12,replication,14,both_fists_imagery,C4,central_12_13,8,-16.090005665488317,111.78616500479933,5,0.625,negative
12,replication,6,both_fists_imagery,C3,central_12_13,7,106.20625302994745,112.84180285975356,1,0.14285714285714285,positive
12,replication,10,both_fists_imagery,C3,central_12_13,7,-49.55649629046076,61.65478214544204,5,0.7142857142857143,negative
12,replication,14,both_fists_imagery,C3,central_12_13,8,-57.37638585112312,37.14227250271097,6,0.75,negative
12,replication,6,both_fists_imagery,C3,mu,7,76.93466524964244,42.679146260324536,1,0.14285714285714285,positive
12,replication,10,both_fists_imagery,C3,mu,7,-40.09858575024466,46.30431021038813,5,0.7142857142857143,negative
12,replication,14,both_fists_imagery,C3,mu,8,-44.87419610201765,46.16299951283588,6,0.75,negative
12,replication,6,both_fists_imagery,C4,mu,7,64.29958533500856,77.56506597026548,1,0.14285714285714285,positive
12,replication,10,both_fists_imagery,C4,mu,7,-14.854938556449754,22.24212629109926,5,0.7142857142857143,negative
12,replication,14,both_fists_imagery,C4,mu,8,-8.868864848896116,92.5147850634178,4,0.5,negative
12,replication,6,both_fists_imagery,Cz,mu,7,93.27327979905041,69.18354637315852,0,0.0,positive
12,replication,10,both_fists_imagery,Cz,mu,7,-24.00717692174733,44.42781317955203,5,0.7142857142857143,negative
12,replication,14,both_fists_imagery,Cz,mu,8,17.20205221907154,111.50397475809243,4,0.5,positive
12,replication,6,both_fists_imagery,Cz,beta,7,-2.743657602770129,38.09006567918293,4,0.5714285714285714,negative
12,replication,10,both_fists_imagery,Cz,beta,7,-31.125483492779097,22.29634284123167,5,0.7142857142857143,negative
12,replication,14,both_fists_imagery,Cz,beta,8,-10.362030010604457,29.57196891898617,6,0.75,negative
12,replication,6,both_feet_imagery,C3,central_12_13,8,18.922556068339073,47.69728877772862,2,0.25,positive
12,replication,10,both_feet_imagery,C3,central_12_13,8,17.984248069119364,118.94479905610609,3,0.375,positive
12,replication,14,both_feet_imagery,C3,central_12_13,7,58.59241193021144,152.07960949507088,3,0.42857142857142855,positive
12,replication,6,both_feet_imagery,C4,central_12_13,8,67.31123992540542,117.65618450765665,2,0.25,positive
12,replication,10,both_feet_imagery,C4,central_12_13,8,-2.749701895974541,65.69857959217886,4,0.5,negative
12,replication,14,both_feet_imagery,C4,central_12_13,7,-16.339862796036602,65.44020021390021,4,0.5714285714285714,negative
12,replication,6,both_feet_imagery,C3,mu,8,48.24312343583753,86.1698352662607,3,0.375,positive
12,replication,10,both_feet_imagery,C3,mu,8,8.495534462459615,45.280514428550596,3,0.375,positive
12,replication,14,both_feet_imagery,C3,mu,7,59.33928670719986,144.64131258343815,3,0.42857142857142855,positive
12,replication,6,both_feet_imagery,Cz,mu,8,33.85660435512615,38.43236157308972,1,0.125,positive
12,replication,10,both_feet_imagery,Cz,mu,8,71.14576365282822,83.76995584887997,1,0.125,positive
12,replication,14,both_feet_imagery,Cz,mu,7,15.964421871728165,69.09939786028227,2,0.2857142857142857,positive
12,replication,6,both_feet_imagery,C4,mu,8,14.103495271404634,45.02144794132291,2,0.25,positive
12,replication,10,both_feet_imagery,C4,mu,8,26.374146499776156,83.46135663338362,4,0.5,positive
12,replication,14,both_feet_imagery,C4,mu,7,19.110934866625158,34.464071928967456,2,0.2857142857142857,positive
12,replication,6,both_feet_imagery,Cz,beta,8,-0.5414977110822785,22.940099072171282,4,0.5,negative
12,replication,10,both_feet_imagery,Cz,beta,8,-8.152659116254023,45.00950383164037,5,0.625,negative
12,replication,14,both_feet_imagery,Cz,beta,7,-40.53934945497595,27.107845393440186,6,0.8571428571428571,negative
13,replication,6,both_fists_imagery,C4,central_12_13,8,-45.517966278497724,22.328434939025872,7,0.875,negative
13,replication,10,both_fists_imagery,C4,central_12_13,7,-36.391389888246394,36.97995428986934,7,1.0,negative
13,replication,14,both_fists_imagery,C4,central_12_13,7,-43.25554337774727,54.146296776775735,6,0.8571428571428571,negative
13,replication,6,both_fists_imagery,C3,central_12_13,8,-30.82177515038638,43.182370714389045,6,0.75,negative
13,replication,10,both_fists_imagery,C3,central_12_13,7,-48.159193488631466,53.73497184304024,5,0.7142857142857143,negative
13,replication,14,both_fists_imagery,C3,central_12_13,7,-32.43045973909885,32.81227405078424,5,0.7142857142857143,negative
13,replication,6,both_fists_imagery,C3,mu,8,-28.610510590174293,31.415780377292876,7,0.875,negative
13,replication,10,both_fists_imagery,C3,mu,7,-37.082468130434236,55.96097348351517,4,0.5714285714285714,negative
13,replication,14,both_fists_imagery,C3,mu,7,-31.94665245274472,30.50561190301005,6,0.8571428571428571,negative
13,replication,6,both_fists_imagery,C4,mu,8,-24.586429237017747,33.654225059541744,7,0.875,negative
13,replication,10,both_fists_imagery,C4,mu,7,-36.329885663675,52.40673610531675,6,0.8571428571428571,negative
13,replication,14,both_fists_imagery,C4,mu,7,-40.68075801132648,42.79552061857541,6,0.8571428571428571,negative
13,replication,6,both_fists_imagery,Cz,mu,8,-49.68402481454366,18.03265554360498,8,1.0,negative
13,replication,10,both_fists_imagery,Cz,mu,7,-14.721242495016197,50.53052050218778,5,0.7142857142857143,negative
13,replication,14,both_fists_imagery,Cz,mu,7,-33.153060385709445,24.865761762751205,7,1.0,negative
13,replication,6,both_fists_imagery,Cz,beta,8,-26.159472816500163,17.54566979171899,7,0.875,negative
13,replication,10,both_fists_imagery,Cz,beta,7,-27.946428787705837,50.471033004254444,4,0.5714285714285714,negative
13,replication,14,both_fists_imagery,Cz,beta,7,-9.116360588892757,48.199510709425645,7,1.0,negative
13,replication,6,both_feet_imagery,C3,central_12_13,7,-59.169002877213515,47.73393956687687,6,0.8571428571428571,negative
13,replication,10,both_feet_imagery,C3,central_12_13,8,-6.653185121184837,79.53311079910185,5,0.625,negative
13,replication,14,both_feet_imagery,C3,central_12_13,8,-2.16778140458403,138.4349167650808,4,0.5,negative
13,replication,6,both_feet_imagery,C4,central_12_13,7,-54.90051067522783,40.68471425007124,7,1.0,negative
13,replication,10,both_feet_imagery,C4,central_12_13,8,-50.17652899219182,30.481784223293587,7,0.875,negative
13,replication,14,both_feet_imagery,C4,central_12_13,8,-69.46934031795831,60.041762378567356,6,0.75,negative
13,replication,6,both_feet_imagery,C3,mu,7,-49.23294503339957,59.20847723600514,5,0.7142857142857143,negative
13,replication,10,both_feet_imagery,C3,mu,8,-37.28628192533725,14.25225754215343,8,1.0,negative
13,replication,14,both_feet_imagery,C3,mu,8,-5.50979768692844,65.51441702630895,4,0.5,negative
13,replication,6,both_feet_imagery,Cz,mu,7,-35.308664715780054,23.71504289828806,6,0.8571428571428571,negative
13,replication,10,both_feet_imagery,Cz,mu,8,-58.91367559007874,36.75864191081136,8,1.0,negative
13,replication,14,both_feet_imagery,Cz,mu,8,-38.27129782080107,42.49771714009335,7,0.875,negative
13,replication,6,both_feet_imagery,C4,mu,7,-33.86980742343284,48.22813365917451,6,0.8571428571428571,negative
13,replication,10,both_feet_imagery,C4,mu,8,-57.50461719805787,31.697425394874102,7,0.875,negative
13,replication,14,both_feet_imagery,C4,mu,8,-62.72380924960232,54.44591827757983,7,0.875,negative
13,replication,6,both_feet_imagery,Cz,beta,7,-21.828887669733984,15.489676208206651,6,0.8571428571428571,negative
13,replication,10,both_feet_imagery,Cz,beta,8,-13.668627358383144,36.45893399515087,5,0.625,negative
13,replication,14,both_feet_imagery,Cz,beta,8,-3.1129932457741,24.99875864355674,5,0.625,negative
14,replication,6,both_fists_imagery,C4,central_12_13,8,-20.755171741021496,24.442772864642585,6,0.75,negative
14,replication,10,both_fists_imagery,C4,central_12_13,8,-27.692229773958722,81.32217893526085,5,0.625,negative
14,replication,14,both_fists_imagery,C4,central_12_13,8,-45.800143990025546,44.63753241032701,8,1.0,negative
14,replication,6,both_fists_imagery,C3,central_12_13,8,-28.301825416908976,67.21649097207914,6,0.75,negative
14,replication,10,both_fists_imagery,C3,central_12_13,8,-42.950672227386704,68.24436361542048,6,0.75,negative
14,replication,14,both_fists_imagery,C3,central_12_13,8,-21.115506895645197,18.306730297803853,7,0.875,negative
14,replication,6,both_fists_imagery,C3,mu,8,-17.2846298772915,67.64880595089232,5,0.625,negative
14,replication,10,both_fists_imagery,C3,mu,8,-26.83559094695081,71.92822490341811,5,0.625,negative
14,replication,14,both_fists_imagery,C3,mu,8,-50.43607054069916,48.93869691873581,6,0.75,negative
14,replication,6,both_fists_imagery,C4,mu,8,-1.0307736243076622,35.20468642401991,4,0.5,negative
14,replication,10,both_fists_imagery,C4,mu,8,-25.05926975795882,40.26354855404077,6,0.75,negative
14,replication,14,both_fists_imagery,C4,mu,8,-16.253038564404786,71.88909004295155,4,0.5,negative
14,replication,6,both_fists_imagery,Cz,mu,8,-21.205531289306514,47.4460111593838,6,0.75,negative
14,replication,10,both_fists_imagery,Cz,mu,8,-22.268888279490778,59.07331114318537,6,0.75,negative
14,replication,14,both_fists_imagery,Cz,mu,8,-39.70414390086431,41.54988131043167,6,0.75,negative
14,replication,6,both_fists_imagery,Cz,beta,8,13.038322366087613,28.28468555670598,3,0.375,positive
14,replication,10,both_fists_imagery,Cz,beta,8,-32.814995264737504,49.52360770050157,5,0.625,negative
14,replication,14,both_fists_imagery,Cz,beta,8,-37.99242567914351,30.499853076550302,7,0.875,negative
14,replication,6,both_feet_imagery,C3,central_12_13,7,-84.01992427704644,13.322680243451217,7,1.0,negative
14,replication,10,both_feet_imagery,C3,central_12_13,7,-57.89157997249627,38.45009246173171,6,0.8571428571428571,negative
14,replication,14,both_feet_imagery,C3,central_12_13,7,-55.5517430014363,129.7898505812017,4,0.5714285714285714,negative
14,replication,6,both_feet_imagery,C4,central_12_13,7,-57.61164065608543,63.278042543996904,5,0.7142857142857143,negative
14,replication,10,both_feet_imagery,C4,central_12_13,7,2.17644397343895,71.48525727033605,3,0.42857142857142855,positive
14,replication,14,both_feet_imagery,C4,central_12_13,7,-28.980636177651586,68.2344610137287,4,0.5714285714285714,negative
14,replication,6,both_feet_imagery,C3,mu,7,-74.52930484685785,25.025439430743255,7,1.0,negative
14,replication,10,both_feet_imagery,C3,mu,7,-57.05475968932004,50.97716243758893,5,0.7142857142857143,negative
14,replication,14,both_feet_imagery,C3,mu,7,-58.37638180977986,99.63453451417105,4,0.5714285714285714,negative
14,replication,6,both_feet_imagery,Cz,mu,7,-60.00855760912302,16.286211474582444,6,0.8571428571428571,negative
14,replication,10,both_feet_imagery,Cz,mu,7,-18.619285953760805,68.12024617761855,4,0.5714285714285714,negative
14,replication,14,both_feet_imagery,Cz,mu,7,-44.41143405133511,31.976374222580866,6,0.8571428571428571,negative
14,replication,6,both_feet_imagery,C4,mu,7,-55.30662881775319,38.02110100107763,6,0.8571428571428571,negative
14,replication,10,both_feet_imagery,C4,mu,7,-6.3143533321580945,41.82072416653266,5,0.7142857142857143,negative
14,replication,14,both_feet_imagery,C4,mu,7,-36.6842316129814,40.33962109413448,6,0.8571428571428571,negative
14,replication,6,both_feet_imagery,Cz,beta,7,-34.56604446774481,30.757161556435875,6,0.8571428571428571,negative
14,replication,10,both_feet_imagery,Cz,beta,7,-27.822698927529277,43.70607305988976,5,0.7142857142857143,negative
14,replication,14,both_feet_imagery,Cz,beta,7,-40.29897356381486,30.629087625069868,6,0.8571428571428571,negative
15,replication,6,both_fists_imagery,C4,central_12_13,8,-55.6029060592391,15.396198278699174,7,0.875,negative
15,replication,10,both_fists_imagery,C4,central_12_13,7,-48.59939526239219,34.93772012525821,7,1.0,negative
15,replication,14,both_fists_imagery,C4,central_12_13,7,-47.447843593618636,16.649350520124244,7,1.0,negative
15,replication,6,both_fists_imagery,C3,central_12_13,8,-45.60173634602473,38.47038877482488,7,0.875,negative
15,replication,10,both_fists_imagery,C3,central_12_13,7,-47.01334621448136,35.33222367167485,7,1.0,negative
15,replication,14,both_fists_imagery,C3,central_12_13,7,-50.35856193351533,33.25958360662902,6,0.8571428571428571,negative
15,replication,6,both_fists_imagery,C3,mu,8,-21.578970683961206,38.054757241587964,6,0.75,negative
15,replication,10,both_fists_imagery,C3,mu,7,-28.85082999434799,41.7170743623641,7,1.0,negative
15,replication,14,both_fists_imagery,C3,mu,7,-1.8153606856666276,54.290252269429295,4,0.5714285714285714,negative
15,replication,6,both_fists_imagery,C4,mu,8,-45.84515766772833,37.94043092028214,7,0.875,negative
15,replication,10,both_fists_imagery,C4,mu,7,-37.42443043159972,28.089600898821757,7,1.0,negative
15,replication,14,both_fists_imagery,C4,mu,7,-57.26186089045471,8.65717705885077,6,0.8571428571428571,negative
15,replication,6,both_fists_imagery,Cz,mu,8,10.55914680103543,78.27783071655128,3,0.375,positive
15,replication,10,both_fists_imagery,Cz,mu,7,-16.721120484702542,58.96665000208065,4,0.5714285714285714,negative
15,replication,14,both_fists_imagery,Cz,mu,7,8.528438057936219,40.278557688788865,2,0.2857142857142857,positive
15,replication,6,both_fists_imagery,Cz,beta,8,-21.60381036388752,27.845057839003353,7,0.875,negative
15,replication,10,both_fists_imagery,Cz,beta,7,-20.006386622914242,14.98174810999133,5,0.7142857142857143,negative
15,replication,14,both_fists_imagery,Cz,beta,7,9.056570723559167,43.18088699183252,3,0.42857142857142855,positive
15,replication,6,both_feet_imagery,C3,central_12_13,7,-21.368354616051974,15.360961538293125,6,0.8571428571428571,negative
15,replication,10,both_feet_imagery,C3,central_12_13,8,-31.734437570959756,35.49977207761074,6,0.75,negative
15,replication,14,both_feet_imagery,C3,central_12_13,8,-11.961740481349313,76.40059861466833,4,0.5,negative
15,replication,6,both_feet_imagery,C4,central_12_13,7,-29.87008257648875,24.087350643434874,6,0.8571428571428571,negative
15,replication,10,both_feet_imagery,C4,central_12_13,8,-36.763564234327305,53.64540630938343,7,0.875,negative
15,replication,14,both_feet_imagery,C4,central_12_13,8,-34.0133139043005,27.729328134356553,6,0.75,negative
15,replication,6,both_feet_imagery,C3,mu,7,-7.318593774885041,47.874610276475515,4,0.5714285714285714,negative
15,replication,10,both_feet_imagery,C3,mu,8,-41.15069461727067,23.10873917937676,7,0.875,negative
15,replication,14,both_feet_imagery,C3,mu,8,-7.94211301374391,63.948994344942484,4,0.5,negative
15,replication,6,both_feet_imagery,Cz,mu,7,-2.205678081970732,67.73407600836263,5,0.7142857142857143,negative
15,replication,10,both_feet_imagery,Cz,mu,8,-11.902332835905836,51.92027626617185,4,0.5,negative
15,replication,14,both_feet_imagery,Cz,mu,8,-30.085441436357122,23.728929232321263,7,0.875,negative
15,replication,6,both_feet_imagery,C4,mu,7,-43.29343754058664,30.42295957322588,7,1.0,negative
15,replication,10,both_feet_imagery,C4,mu,8,-20.920070037832186,79.13205721929828,5,0.625,negative
15,replication,14,both_feet_imagery,C4,mu,8,-26.045500180977196,37.794512869744665,6,0.75,negative
15,replication,6,both_feet_imagery,Cz,beta,7,-28.45482916530873,26.98205002706064,5,0.7142857142857143,negative
15,replication,10,both_feet_imagery,Cz,beta,8,-31.863605844737002,24.294468411759812,7,0.875,negative
15,replication,14,both_feet_imagery,Cz,beta,8,-30.502463207646954,22.000592977974698,8,1.0,negative
16,replication,6,both_fists_imagery,C4,central_12_13,8,-26.293086191336336,67.66794480910085,6,0.75,negative
16,replication,10,both_fists_imagery,C4,central_12_13,8,-53.4391251394195,28.626250865378438,7,0.875,negative
16,replication,14,both_fists_imagery,C4,central_12_13,8,-27.318520909702933,46.94673816377233,6,0.75,negative
16,replication,6,both_fists_imagery,C3,central_12_13,8,-10.5905362732348,95.37289932424815,4,0.5,negative
16,replication,10,both_fists_imagery,C3,central_12_13,8,-14.676535354458007,53.62957208631354,5,0.625,negative
16,replication,14,both_fists_imagery,C3,central_12_13,8,-57.276432923314815,24.722233292109507,7,0.875,negative
16,replication,6,both_fists_imagery,C3,mu,8,2.120889344173329,70.33068688609785,4,0.5,positive
16,replication,10,both_fists_imagery,C3,mu,8,-17.919128791654906,31.485408146249217,6,0.75,negative
16,replication,14,both_fists_imagery,C3,mu,8,-48.89841382451791,63.3061992975276,7,0.875,negative
16,replication,6,both_fists_imagery,C4,mu,8,-28.452213104312094,38.84721088302277,6,0.75,negative
16,replication,10,both_fists_imagery,C4,mu,8,-39.81853497588526,15.183974976945812,8,1.0,negative
16,replication,14,both_fists_imagery,C4,mu,8,-26.72608114001777,35.55311101629662,6,0.75,negative
16,replication,6,both_fists_imagery,Cz,mu,8,-17.57863218969461,46.78841811864527,5,0.625,negative
16,replication,10,both_fists_imagery,Cz,mu,8,-32.21734648805323,32.56629160879943,8,1.0,negative
16,replication,14,both_fists_imagery,Cz,mu,8,-35.12370123968327,25.78447782314238,7,0.875,negative
16,replication,6,both_fists_imagery,Cz,beta,8,-26.579035190998994,27.07448324723418,8,1.0,negative
16,replication,10,both_fists_imagery,Cz,beta,8,-32.18797615528841,23.519172065462854,6,0.75,negative
16,replication,14,both_fists_imagery,Cz,beta,8,-47.12235061002759,44.0716192576639,8,1.0,negative
16,replication,6,both_feet_imagery,C3,central_12_13,7,-55.42563382959224,16.078489219946192,7,1.0,negative
16,replication,10,both_feet_imagery,C3,central_12_13,7,-33.35436001217816,95.53471389023409,5,0.7142857142857143,negative
16,replication,14,both_feet_imagery,C3,central_12_13,7,-23.140555470829096,98.68899828118833,4,0.5714285714285714,negative
16,replication,6,both_feet_imagery,C4,central_12_13,7,-36.73540567008172,27.9606341774195,7,1.0,negative
16,replication,10,both_feet_imagery,C4,central_12_13,7,-40.536041064457606,34.29329134266179,6,0.8571428571428571,negative
16,replication,14,both_feet_imagery,C4,central_12_13,7,-35.06884641235566,87.75195525648483,5,0.7142857142857143,negative
16,replication,6,both_feet_imagery,C3,mu,7,-52.91890747607974,31.243787283669672,7,1.0,negative
16,replication,10,both_feet_imagery,C3,mu,7,-32.980578439191994,20.40394812014236,6,0.8571428571428571,negative
16,replication,14,both_feet_imagery,C3,mu,7,-34.30552039733864,46.36546330333054,5,0.7142857142857143,negative
16,replication,6,both_feet_imagery,Cz,mu,7,-42.671263961174844,68.630774761987,5,0.7142857142857143,negative
16,replication,10,both_feet_imagery,Cz,mu,7,-22.167484949272573,54.05550141841342,5,0.7142857142857143,negative
16,replication,14,both_feet_imagery,Cz,mu,7,-28.274814996309118,48.04453578760141,5,0.7142857142857143,negative
16,replication,6,both_feet_imagery,C4,mu,7,-50.96608139004332,40.53573135641733,5,0.7142857142857143,negative
16,replication,10,both_feet_imagery,C4,mu,7,-39.95574693969641,56.794326057224076,4,0.5714285714285714,negative
16,replication,14,both_feet_imagery,C4,mu,7,-12.11499540897185,83.8467614676324,4,0.5714285714285714,negative
16,replication,6,both_feet_imagery,Cz,beta,7,-26.256672075589638,29.25898647681542,5,0.7142857142857143,negative
16,replication,10,both_feet_imagery,Cz,beta,7,-40.04827828865538,30.276807712776773,6,0.8571428571428571,negative
16,replication,14,both_feet_imagery,Cz,beta,7,-32.51411597800077,5.116705818243645,7,1.0,negative
17,replication,6,both_fists_imagery,C4,central_12_13,8,-33.16067313572925,46.18708086239383,6,0.75,negative
17,replication,10,both_fists_imagery,C4,central_12_13,8,-6.714515912035799,45.68642898747122,6,0.75,negative
17,replication,14,both_fists_imagery,C4,central_12_13,8,-50.32437857173558,34.69512990893048,8,1.0,negative
17,replication,6,both_fists_imagery,C3,central_12_13,8,-9.756637358921852,50.05365128128199,4,0.5,negative
17,replication,10,both_fists_imagery,C3,central_12_13,8,-25.6385474910688,10.986939118174377,7,0.875,negative
17,replication,14,both_fists_imagery,C3,central_12_13,8,-25.05476020414929,70.52475610867587,5,0.625,negative
17,replication,6,both_fists_imagery,C3,mu,8,-22.33998767897765,64.1775905342896,5,0.625,negative
17,replication,10,both_fists_imagery,C3,mu,8,-17.91493880720865,26.40272598656619,7,0.875,negative
17,replication,14,both_fists_imagery,C3,mu,8,-17.419254444220517,51.301395693327294,6,0.75,negative
17,replication,6,both_fists_imagery,C4,mu,8,-4.082205209192683,68.76752071404536,5,0.625,negative
17,replication,10,both_fists_imagery,C4,mu,8,-12.727098716885859,64.6094127777352,5,0.625,negative
17,replication,14,both_fists_imagery,C4,mu,8,-35.41849829769418,28.798348921267635,8,1.0,negative
17,replication,6,both_fists_imagery,Cz,mu,8,-9.826564589132591,237.76136945186678,5,0.625,negative
17,replication,10,both_fists_imagery,Cz,mu,8,55.34793574159745,91.30123431312614,2,0.25,positive
17,replication,14,both_fists_imagery,Cz,mu,8,-17.570651089696284,23.912333476434256,7,0.875,negative
17,replication,6,both_fists_imagery,Cz,beta,8,12.679264628830419,65.23862072495508,3,0.375,positive
17,replication,10,both_fists_imagery,Cz,beta,8,-4.525227319132989,11.793280362319377,6,0.75,negative
17,replication,14,both_fists_imagery,Cz,beta,8,-19.19594829279284,33.66982264243532,7,0.875,negative
17,replication,6,both_feet_imagery,C3,central_12_13,7,-23.739717000533062,31.29304265235306,5,0.7142857142857143,negative
17,replication,10,both_feet_imagery,C3,central_12_13,7,18.48906577433275,69.17050213184237,3,0.42857142857142855,positive
17,replication,14,both_feet_imagery,C3,central_12_13,7,6.422830403864411,42.775724385424795,3,0.42857142857142855,positive
17,replication,6,both_feet_imagery,C4,central_12_13,7,-29.069579036272124,63.948090961112655,4,0.5714285714285714,negative
17,replication,10,both_feet_imagery,C4,central_12_13,7,11.475906431114197,84.63906556663326,3,0.42857142857142855,positive
17,replication,14,both_feet_imagery,C4,central_12_13,7,-14.451347497413948,23.77820291725525,5,0.7142857142857143,negative
17,replication,6,both_feet_imagery,C3,mu,7,-15.830999061915394,27.387700152998715,5,0.7142857142857143,negative
17,replication,10,both_feet_imagery,C3,mu,7,-2.9235456578253207,39.64021362371926,4,0.5714285714285714,negative
17,replication,14,both_feet_imagery,C3,mu,7,-8.787577114238742,39.77036061805551,4,0.5714285714285714,negative
17,replication,6,both_feet_imagery,Cz,mu,7,17.234414249035087,120.28885502004974,3,0.42857142857142855,positive
17,replication,10,both_feet_imagery,Cz,mu,7,32.48318083016305,73.38454889762696,2,0.2857142857142857,positive
17,replication,14,both_feet_imagery,Cz,mu,7,37.30050646438964,97.9312613793108,3,0.42857142857142855,positive
17,replication,6,both_feet_imagery,C4,mu,7,-23.59304698687906,68.73055177739543,4,0.5714285714285714,negative
17,replication,10,both_feet_imagery,C4,mu,7,10.593693791728578,101.34555457630113,3,0.42857142857142855,positive
17,replication,14,both_feet_imagery,C4,mu,7,-8.271904329631035,32.75951574693823,6,0.8571428571428571,negative
17,replication,6,both_feet_imagery,Cz,beta,7,-37.991545819574135,43.58212471276163,5,0.7142857142857143,negative
17,replication,10,both_feet_imagery,Cz,beta,7,-5.022559360285662,32.158656544822854,6,0.8571428571428571,negative
17,replication,14,both_feet_imagery,Cz,beta,7,-26.65540488941011,22.979768242063525,6,0.8571428571428571,negative
18,replication,6,both_fists_imagery,C4,central_12_13,7,41.47583741435645,147.99402069717218,2,0.2857142857142857,positive
18,replication,10,both_fists_imagery,C4,central_12_13,7,1.7839696774352738,67.79831293436546,3,0.42857142857142855,positive
18,replication,14,both_fists_imagery,C4,central_12_13,8,19.656712853115476,89.15767099921143,3,0.375,positive
18,replication,6,both_fists_imagery,C3,central_12_13,7,26.7729415713065,94.0649298992019,3,0.42857142857142855,positive
18,replication,10,both_fists_imagery,C3,central_12_13,7,60.0516980662569,202.0978074565038,1,0.14285714285714285,positive
18,replication,14,both_fists_imagery,C3,central_12_13,8,9.096185163632706,72.7527186325963,4,0.5,positive
18,replication,6,both_fists_imagery,C3,mu,7,3.04215293419544,91.16626866301436,3,0.42857142857142855,positive
18,replication,10,both_fists_imagery,C3,mu,7,22.069931791395724,117.98481101331285,3,0.42857142857142855,positive
18,replication,14,both_fists_imagery,C3,mu,8,-16.837611740051695,38.08052889846469,6,0.75,negative
18,replication,6,both_fists_imagery,C4,mu,7,-11.523006778923548,101.10305218946473,4,0.5714285714285714,negative
18,replication,10,both_fists_imagery,C4,mu,7,-12.358478116271769,78.28140231489394,4,0.5714285714285714,negative
18,replication,14,both_fists_imagery,C4,mu,8,-7.101191251480452,76.51614852752606,4,0.5,negative
18,replication,6,both_fists_imagery,Cz,mu,7,-16.870153903175392,62.126150529549086,5,0.7142857142857143,negative
18,replication,10,both_fists_imagery,Cz,mu,7,17.56166295481477,43.15456398749975,2,0.2857142857142857,positive
18,replication,14,both_fists_imagery,Cz,mu,8,4.024440286033359,57.54071446777699,4,0.5,positive
18,replication,6,both_fists_imagery,Cz,beta,7,7.691302142006658,83.42074550474406,3,0.42857142857142855,positive
18,replication,10,both_fists_imagery,Cz,beta,7,94.52066719522031,104.70393514114556,0,0.0,positive
18,replication,14,both_fists_imagery,Cz,beta,8,48.82470545652174,40.407388580185994,1,0.125,positive
18,replication,6,both_feet_imagery,C3,central_12_13,8,22.59905768982014,141.06656880687586,3,0.375,positive
18,replication,10,both_feet_imagery,C3,central_12_13,8,-8.743948105528977,47.99915834281957,5,0.625,negative
18,replication,14,both_feet_imagery,C3,central_12_13,7,11.985596587392639,171.9749765115138,3,0.42857142857142855,positive
18,replication,6,both_feet_imagery,C4,central_12_13,8,6.791455374789242,50.92056292375411,3,0.375,positive
18,replication,10,both_feet_imagery,C4,central_12_13,8,18.874424844173063,81.67643291816717,4,0.5,positive
18,replication,14,both_feet_imagery,C4,central_12_13,7,-26.104973229079175,52.21183307932645,5,0.7142857142857143,negative
18,replication,6,both_feet_imagery,C3,mu,8,-14.37956974834304,34.450901358120134,5,0.625,negative
18,replication,10,both_feet_imagery,C3,mu,8,-4.31490249685813,71.90329651042258,4,0.5,negative
18,replication,14,both_feet_imagery,C3,mu,7,32.87120875248856,85.96869148406174,3,0.42857142857142855,positive
18,replication,6,both_feet_imagery,Cz,mu,8,-29.618580882621334,35.70533119202346,6,0.75,negative
18,replication,10,both_feet_imagery,Cz,mu,8,-2.926040851491928,60.882912733156864,4,0.5,negative
18,replication,14,both_feet_imagery,Cz,mu,7,-21.296656992942935,38.76123724692324,5,0.7142857142857143,negative
18,replication,6,both_feet_imagery,C4,mu,8,-13.705260547226976,47.458408114305634,5,0.625,negative
18,replication,10,both_feet_imagery,C4,mu,8,-14.474747632767954,77.88785172415749,5,0.625,negative
18,replication,14,both_feet_imagery,C4,mu,7,1.0152624996267305,22.434620182260694,3,0.42857142857142855,positive
18,replication,6,both_feet_imagery,Cz,beta,8,30.870258845471316,32.51763112658458,2,0.25,positive
18,replication,10,both_feet_imagery,Cz,beta,8,35.193663589358444,46.77470102676947,1,0.125,positive
18,replication,14,both_feet_imagery,Cz,beta,7,66.37119375600896,81.23710140641923,2,0.2857142857142857,positive
19,replication,6,both_fists_imagery,C4,central_12_13,7,-42.85667164580559,38.41932952464077,5,0.7142857142857143,negative
19,replication,10,both_fists_imagery,C4,central_12_13,7,-52.846917797545366,27.188223386050655,6,0.8571428571428571,negative
19,replication,14,both_fists_imagery,C4,central_12_13,8,-10.433706973170144,83.75840756188128,5,0.625,negative
19,replication,6,both_fists_imagery,C3,central_12_13,7,7.078682478054818,45.336459317418196,3,0.42857142857142855,positive
19,replication,10,both_fists_imagery,C3,central_12_13,7,-25.272065272241235,115.62354763419168,4,0.5714285714285714,negative
19,replication,14,both_fists_imagery,C3,central_12_13,8,-30.045849206113864,81.78978950404343,5,0.625,negative
19,replication,6,both_fists_imagery,C3,mu,7,-14.339566921993502,56.88193366873945,5,0.7142857142857143,negative
19,replication,10,both_fists_imagery,C3,mu,7,-7.8554257559596055,35.19767679544094,4,0.5714285714285714,negative
19,replication,14,both_fists_imagery,C3,mu,8,-47.72895203101878,19.369263379914173,7,0.875,negative
19,replication,6,both_fists_imagery,C4,mu,7,-34.034948839398844,50.70760848782243,5,0.7142857142857143,negative
19,replication,10,both_fists_imagery,C4,mu,7,-44.435840760285416,35.301546123066565,6,0.8571428571428571,negative
19,replication,14,both_fists_imagery,C4,mu,8,-16.67265561301783,52.8606282178084,6,0.75,negative
19,replication,6,both_fists_imagery,Cz,mu,7,-31.598718065488995,45.147610283252114,4,0.5714285714285714,negative
19,replication,10,both_fists_imagery,Cz,mu,7,-11.69783003626528,34.674242134256815,5,0.7142857142857143,negative
19,replication,14,both_fists_imagery,Cz,mu,8,-33.47560313371746,37.43485852204519,7,0.875,negative
19,replication,6,both_fists_imagery,Cz,beta,7,-29.504492518048906,42.14019166668246,5,0.7142857142857143,negative
19,replication,10,both_fists_imagery,Cz,beta,7,-43.42627232336686,75.17930362079068,5,0.7142857142857143,negative
19,replication,14,both_fists_imagery,Cz,beta,8,-16.932738960589578,86.81962098828265,5,0.625,negative
19,replication,6,both_feet_imagery,C3,central_12_13,8,5.20848365789724,30.834812793138795,4,0.5,positive
19,replication,10,both_feet_imagery,C3,central_12_13,8,-22.387213240024437,116.32019714460587,5,0.625,negative
19,replication,14,both_feet_imagery,C3,central_12_13,7,-8.478563000593493,149.0131474343744,4,0.5714285714285714,negative
19,replication,6,both_feet_imagery,C4,central_12_13,8,-8.641693782895654,51.386199072125955,5,0.625,negative
19,replication,10,both_feet_imagery,C4,central_12_13,8,-2.4150714031609066,134.16469799260523,4,0.5,negative
19,replication,14,both_feet_imagery,C4,central_12_13,7,-15.451455891092895,159.74104361926936,4,0.5714285714285714,negative
19,replication,6,both_feet_imagery,C3,mu,8,-5.089510252173074,19.22432715711834,5,0.625,negative
19,replication,10,both_feet_imagery,C3,mu,8,-26.41428251507514,51.4071953886118,6,0.75,negative
19,replication,14,both_feet_imagery,C3,mu,7,-35.6282936133723,150.8579251513524,4,0.5714285714285714,negative
19,replication,6,both_feet_imagery,Cz,mu,8,33.17583194462543,44.83572553091956,2,0.25,positive
19,replication,10,both_feet_imagery,Cz,mu,8,-10.92945821661735,30.26251047590362,6,0.75,negative
19,replication,14,both_feet_imagery,Cz,mu,7,-26.63488285656299,24.820454163677667,6,0.8571428571428571,negative
19,replication,6,both_feet_imagery,C4,mu,8,-8.689189315733206,45.0645089525855,5,0.625,negative
19,replication,10,both_feet_imagery,C4,mu,8,-24.369526328901358,49.19127695541029,5,0.625,negative
19,replication,14,both_feet_imagery,C4,mu,7,-19.59694057769003,152.52653137487363,4,0.5714285714285714,negative
19,replication,6,both_feet_imagery,Cz,beta,8,5.589640634576466,65.77073760275545,4,0.5,positive
19,replication,10,both_feet_imagery,Cz,beta,8,-46.44555719288186,25.56161568213728,8,1.0,negative
19,replication,14,both_feet_imagery,Cz,beta,7,-25.53021931541068,45.835892642366204,5,0.7142857142857143,negative
20,replication,6,both_fists_imagery,C4,central_12_13,8,-44.06260896843387,29.977164316154955,7,0.875,negative
20,replication,10,both_fists_imagery,C4,central_12_13,7,-5.1889640936918795,43.977660984283055,5,0.7142857142857143,negative
20,replication,14,both_fists_imagery,C4,central_12_13,8,-31.44607283314764,22.91015877128644,7,0.875,negative
20,replication,6,both_fists_imagery,C3,central_12_13,8,-30.018277360840415,27.35182497321177,6,0.75,negative
20,replication,10,both_fists_imagery,C3,central_12_13,7,-21.496058548070096,52.40361979031238,4,0.5714285714285714,negative
20,replication,14,both_fists_imagery,C3,central_12_13,8,-33.374803627507205,34.31556713181171,7,0.875,negative
20,replication,6,both_fists_imagery,C3,mu,8,-36.94053209823561,29.060153116324145,7,0.875,negative
20,replication,10,both_fists_imagery,C3,mu,7,-30.339814937865196,32.84120106995529,6,0.8571428571428571,negative
20,replication,14,both_fists_imagery,C3,mu,8,-22.464607350831475,50.06986917846574,7,0.875,negative
20,replication,6,both_fists_imagery,C4,mu,8,-45.95234168814078,26.240279708851716,7,0.875,negative
20,replication,10,both_fists_imagery,C4,mu,7,-9.030466870446176,61.443004244471354,5,0.7142857142857143,negative
20,replication,14,both_fists_imagery,C4,mu,8,-40.76615080952044,24.575039298550866,7,0.875,negative
20,replication,6,both_fists_imagery,Cz,mu,8,-16.032355253896625,53.57958049025299,5,0.625,negative
20,replication,10,both_fists_imagery,Cz,mu,7,-29.143270046474555,31.29495486691627,5,0.7142857142857143,negative
20,replication,14,both_fists_imagery,Cz,mu,8,-9.6588760199907,60.93975196003471,5,0.625,negative
20,replication,6,both_fists_imagery,Cz,beta,8,-57.522288253515725,22.60181708289008,8,1.0,negative
20,replication,10,both_fists_imagery,Cz,beta,7,-28.645482490091812,44.95490674904613,6,0.8571428571428571,negative
20,replication,14,both_fists_imagery,Cz,beta,8,12.307707581056537,73.4918763164251,3,0.375,positive
20,replication,6,both_feet_imagery,C3,central_12_13,7,17.882891434238196,62.19160881884271,3,0.42857142857142855,positive
20,replication,10,both_feet_imagery,C3,central_12_13,8,21.306933562395116,75.27475708135734,3,0.375,positive
20,replication,14,both_feet_imagery,C3,central_12_13,7,-32.16692014462221,31.188739372779622,6,0.8571428571428571,negative
20,replication,6,both_feet_imagery,C4,central_12_13,7,-40.5316719374383,17.563381335779837,6,0.8571428571428571,negative
20,replication,10,both_feet_imagery,C4,central_12_13,8,-40.71213913721263,58.386144141089474,6,0.75,negative
20,replication,14,both_feet_imagery,C4,central_12_13,7,-35.29874658642588,16.65767816618208,6,0.8571428571428571,negative
20,replication,6,both_feet_imagery,C3,mu,7,4.440723776591691,37.842993327001835,3,0.42857142857142855,positive
20,replication,10,both_feet_imagery,C3,mu,8,17.648273787516693,45.89061014190729,3,0.375,positive
20,replication,14,both_feet_imagery,C3,mu,7,-13.82670313605064,36.52031861452456,6,0.8571428571428571,negative
20,replication,6,both_feet_imagery,Cz,mu,7,-19.10451216093802,7.575410970841073,6,0.8571428571428571,negative
20,replication,10,both_feet_imagery,Cz,mu,8,-0.5119994183964947,93.67785333369422,4,0.5,negative
20,replication,14,both_feet_imagery,Cz,mu,7,-4.704041155213994,35.724246826247196,5,0.7142857142857143,negative
20,replication,6,both_feet_imagery,C4,mu,7,-29.349418106445338,30.18524804157957,7,1.0,negative
20,replication,10,both_feet_imagery,C4,mu,8,-39.354112798086305,49.14744134356577,6,0.75,negative
20,replication,14,both_feet_imagery,C4,mu,7,-41.08163040953337,13.569697069535003,7,1.0,negative
20,replication,6,both_feet_imagery,Cz,beta,7,-40.4777394041798,33.067533339601724,6,0.8571428571428571,negative
20,replication,10,both_feet_imagery,Cz,beta,8,-26.271824983412795,39.548096901214485,7,0.875,negative
20,replication,14,both_feet_imagery,Cz,beta,7,-51.891777009251,40.04206776468547,7,1.0,negative
