subject,subject_role,semantic_condition,channel,frequency_band,trial_count,mean_change_percent,standard_deviation_change_percent,median_change_percent,q25_change_percent,q75_change_percent,iqr_change_percentage_points,minimum_change_percent,maximum_change_percent,trimmed_mean_change_percent,median_change_db,iqr_change_db,negative_trial_count,negative_trial_fraction,positive_trial_count,zero_trial_count,qc_candidate_trial_count,exclude_qc_candidates_median_change_percent,qc_sensitivity_preserves_primary_direction,subject_is_group_observational_unit
1,development,both_fists_imagery,C4,central_12_13,21,-33.26977095701296,50.714465440089235,-52.28373306890746,-65.15741030227593,0.12018262211479869,65.27759292439073,-89.10892100292504,84.35583691330302,-47.347725768707086,-3.2133354058100188,4.584112063527213,15,0.7142857142857143,6,0,4,-52.28373306890746,True,True
1,development,both_fists_imagery,C3,central_12_13,21,-43.924219332836785,36.94310658263827,-55.57490648782269,-69.55254471964943,-30.860907402334377,38.691637317315056,-83.40008605444633,62.43771657686413,-51.08139421104051,-3.523716493576669,3.561726741569811,19,0.9047619047619048,2,0,4,-50.43414675216825,True,True
1,development,both_fists_imagery,C3,mu,21,-32.28302882060279,34.64110353891671,-47.3283116991264,-54.47644452298941,-14.674078241709955,39.802366281279454,-73.75546936930505,58.02020698644673,-39.31821858906916,-2.7842276085265736,2.7284481462570143,18,0.8571428571428571,3,0,4,-37.68540562157281,True,True
1,development,both_fists_imagery,C4,mu,21,-27.10170585066818,49.146843134268074,-47.19283683168655,-53.27556291065785,-30.439433252231957,22.83612965842589,-84.57818167075621,97.5375997726105,-42.3705132135561,-2.773071624384014,1.728190338402396,17,0.8095238095238095,4,0,4,-47.19283683168655,True,True
1,development,both_fists_imagery,Cz,mu,21,9.52897289410666,50.92339333543084,-4.800793756949533,-24.778693152797484,32.43039194932485,57.20908510212233,-45.21246994863995,183.91894120350142,-0.20135447993730848,-0.21366672683805893,2.456467901096529,12,0.5714285714285714,9,0,4,-2.229223537253242,True,True
1,development,both_fists_imagery,Cz,beta,21,-7.884803154155234,45.3645870279278,-24.805140440841587,-33.80762222425217,8.185504625476815,41.99312684972899,-64.01690955166016,141.18676080764604,-17.383312212442217,-1.2381184745885983,2.133610929804969,14,0.6666666666666666,7,0,4,-24.867880053744948,True,True
1,development,both_feet_imagery,C3,central_12_13,24,74.01288862606786,138.1744622398498,30.292460642118655,-16.307597055519807,98.54416923683317,114.85176629235298,-54.42083551182318,500.99961593156905,39.47560940840769,1.1461196766649846,3.7521604838926557,8,0.3333333333333333,16,0,2,37.05653077198803,True,True
1,development,both_feet_imagery,C4,central_12_13,24,48.32727011090253,92.77422743633281,22.313400255138223,-25.842586937236074,94.97330707471492,120.815894011951,-52.62493656505364,289.0238457941884,33.51770887472111,0.8724949772042343,4.163741848467663,8,0.3333333333333333,16,0,2,34.74168573865482,True,True
1,development,both_feet_imagery,C3,mu,24,45.836487099236116,97.74526408851419,22.397374610925645,-21.19410335516435,87.73201509190424,108.9261184470686,-57.31684615354879,305.3016753410939,23.919792932945338,0.874412452698268,3.769863120869445,9,0.375,15,0,2,29.373415712323506,True,True
1,development,both_feet_imagery,Cz,mu,24,14.342579718285668,50.61291183126432,2.245470772282591,-16.06448428615898,37.21122034717933,53.27570463333831,-70.92715203937553,166.0407362795964,9.538809888022971,0.0886780135017104,2.135068407648774,12,0.5,12,0,2,2.2454707722825904,True,True
1,development,both_feet_imagery,C4,mu,24,16.386351263399586,52.87341457024956,3.792494111579183,-25.73794717523262,34.89423816498639,60.63218534021901,-41.56949035959617,139.7532685952033,7.449154069792462,0.16035021932537402,2.6011780421714006,10,0.4166666666666667,14,0,2,15.617446682818416,True,True
1,development,both_feet_imagery,Cz,beta,24,21.34658190568122,50.56455137167006,15.178388352704314,-18.477054925305904,52.512711951207535,70.98976687651344,-44.55337107316173,125.6893395554582,16.196761758508366,0.6131572129112802,2.727382931739471,9,0.375,15,0,2,15.178388352704314,True,True
2,replication,both_fists_imagery,C4,central_12_13,24,36.962285330092364,170.79818667354007,-8.403438759166253,-33.29464338380603,52.86253639790917,86.1571797817152,-83.69015187465075,784.6710920752064,3.504868493126108,-0.3941855831335254,3.596352145263478,13,0.5416666666666666,11,0,8,-26.676630656839407,True,True
2,replication,both_fists_imagery,C3,central_12_13,24,1.6103280315184232,117.62623621205586,-38.81028760493102,-52.663921481595615,-7.911253415710114,44.7526680658855,-77.21274604941358,431.8468118205749,-32.6265906262323,-2.1332881549106686,2.899952818089367,19,0.7916666666666666,5,0,8,-40.415909747608346,True,True
2,replication,both_fists_imagery,C3,mu,24,5.666287319920232,110.59149391385147,-27.615074116812828,-51.61687791907262,3.332426790002401,54.94930470907502,-68.3138194544931,454.0447514412613,-25.654827843256616,-1.4037769928242883,3.2447484849173565,18,0.75,6,0,8,-26.029297264512053,True,True
2,replication,both_fists_imagery,C4,mu,24,11.201802588276239,107.04179078079508,-5.0171628162263335,-47.46339321973791,30.98820447319484,78.45159769293275,-87.2311862662508,451.89727743520484,-7.477175247339213,-0.22366882778570077,3.9677793820212948,14,0.5833333333333334,10,0,8,-9.533844791745118,True,True
2,replication,both_fists_imagery,Cz,mu,24,-23.323743582701425,36.631428880778245,-34.704561276773504,-47.26611261394562,9.02897882045293,56.29509143439856,-86.2016666011019,53.17709264052259,-26.580217954461084,-1.852640366611013,3.1529600112169285,17,0.7083333333333334,7,0,8,-30.51080143087033,True,True
2,replication,both_fists_imagery,Cz,beta,24,-8.501375361660003,44.38164444001189,-23.29927699160435,-45.87088401863886,26.676284817193,72.54716883583185,-65.10309715098897,91.2857072675518,-12.876708436079937,-1.1578925585800783,3.6923001718733173,14,0.5833333333333334,10,0,8,-32.28856799285741,True,True
2,replication,both_feet_imagery,C3,central_12_13,21,33.34140996694563,94.73650461932387,8.975040238312973,-15.453467255681053,45.848620701370024,61.30208795705108,-74.42791929879971,329.20781732169195,12.610948082114401,0.3732703805011669,2.3680652445970787,8,0.38095238095238093,13,0,5,21.00700602311486,True,True
2,replication,both_feet_imagery,C4,central_12_13,21,10.2645474018838,67.98827805543351,-8.492299214315292,-27.349791718353863,40.77815756267569,68.12794928102954,-85.72202145530767,240.8357748151691,-0.3985936418940072,-0.38542356556483937,2.8729841334631594,12,0.5714285714285714,9,0,5,6.132743502187813,False,True
2,replication,both_feet_imagery,C3,mu,21,19.73964790912299,80.38851635404976,-7.7871980647197185,-31.924082599468314,47.54168125828225,79.46576385775057,-63.011101956197926,281.7051972123169,3.0031035372954444,-0.35208781507141973,3.3592122533319317,12,0.5714285714285714,9,0,5,5.8073823797869775,False,True
2,replication,both_feet_imagery,Cz,mu,21,5.666954488622551,63.64665865638031,-9.921840803038753,-39.06801419432096,18.886560543334287,57.95457473765525,-70.87484580981244,200.09873955563282,-7.598567689051775,-0.45380497479080883,2.9028743060388913,12,0.5714285714285714,9,0,5,7.166684680081772,False,True
2,replication,both_feet_imagery,C4,mu,21,2.222845124252013,56.61326494986674,-18.799987952012263,-38.256078752342354,31.314637364090267,69.57071611643262,-73.07672092030289,154.55452960406856,-6.969299620070785,-0.9044390632071874,3.2771893137311583,13,0.6190476190476191,8,0,5,-12.128435983112857,True,True
2,replication,both_feet_imagery,Cz,beta,21,-33.795084589304196,29.60267468805179,-45.741289936889075,-53.715528423158915,-21.413605595463533,32.30192282769538,-68.9648099592967,40.57087969223367,-38.5869236509106,-2.6553053529119515,2.2991205369804026,19,0.9047619047619048,2,0,5,-46.16039536137427,True,True
3,replication,both_fists_imagery,C4,central_12_13,21,13.076515880586637,58.857592862291725,3.1841849371742894,-30.082067173934174,30.978967063826904,61.06103423776108,-47.85956466383993,165.24101924601246,0.4185841455165104,0.13613137980635961,2.726129815528352,10,0.47619047619047616,11,0,0,3.1841849371742894,True,True
3,replication,both_fists_imagery,C3,central_12_13,21,30.247581829782014,85.97861894325486,4.473211007139475,-17.444583564975225,23.211122010181587,40.655705575156816,-61.093284656717,304.43547044090656,6.187099550674654,0.1900494304725313,1.739043399934979,7,0.3333333333333333,14,0,0,4.473211007139475,True,True
3,replication,both_fists_imagery,C3,mu,21,18.745044360768507,59.889664499448145,6.353422637214322,-27.027777888997207,47.77039061922949,74.7981685082267,-42.314203020284,187.9782172740976,7.345242893018315,0.26751470811737876,3.0642984998935896,10,0.47619047619047616,11,0,0,6.353422637214322,True,True
3,replication,both_fists_imagery,C4,mu,21,-1.5782268080702468,55.60874149534477,-7.228273684099124,-37.111499239344774,8.873892088438074,45.98539132778285,-66.62918781106092,172.37020974621365,-13.325346547458187,-0.32584361883780133,2.383525071873527,13,0.6190476190476191,8,0,0,-7.228273684099124,True,True
3,replication,both_fists_imagery,Cz,mu,21,31.034942476769395,65.50895447920317,9.140387582288536,-21.830922958183855,60.264432196724236,82.09535515490809,-62.1369028307404,179.86687665091776,18.804930497471165,0.37985491728145326,3.1180216502807037,8,0.38095238095238093,13,0,0,9.140387582288536,True,True
3,replication,both_fists_imagery,Cz,beta,21,-1.2515329493624197,29.831243563535352,-5.436665241730018,-22.878863753380397,10.00429602103643,32.883159774416825,-35.46570514296145,80.99028873502206,-5.455551612642504,-0.24277220879291947,1.5423622656334766,11,0.5238095238095238,10,0,0,-5.436665241730018,True,True
3,replication,both_feet_imagery,C3,central_12_13,24,21.75390751772234,47.62690000218047,21.024471551522755,-3.1540168999505775,46.74314090117742,49.897157801127996,-80.37458298518779,140.63108826761962,20.9609860723959,0.8287169723776711,1.8102914388559312,7,0.2916666666666667,17,0,0,21.024471551522755,True,True
3,replication,both_feet_imagery,C4,central_12_13,24,42.98425070598561,83.72173432522985,11.871542584740801,-15.894586178784136,91.12507411620943,107.01966029499357,-55.18385287278251,233.85759260992046,27.935297030608865,0.4871539147061992,3.57383100796125,10,0.4166666666666667,14,0,0,11.871542584740801,True,True
3,replication,both_feet_imagery,C3,mu,24,-3.3347499617746688,27.39833681584328,-3.113411003889234,-22.297335630230293,12.527497396240973,34.82483302647127,-52.15527202670375,53.69817347912704,-3.887463500740729,-0.1374063368143869,1.6117633304139185,13,0.5416666666666666,11,0,0,-3.113411003889234,True,True
3,replication,both_feet_imagery,Cz,mu,24,7.618139924930271,35.09664845853001,4.439769053526021,-7.919395446967321,17.592219624839423,25.511615071806744,-49.77918137846,116.60996443680703,4.866529708114986,0.18865640023110952,1.0639464558652973,9,0.375,15,0,0,4.439769053526021,True,True
3,replication,both_feet_imagery,C4,mu,24,13.476770917254731,46.704860539475405,-2.424227989316578,-22.00780277104859,45.910606080832586,67.91840885188117,-57.5811435780861,120.61544214189658,9.050169576188944,-0.10660367097001197,2.7199965286932377,13,0.5416666666666666,11,0,0,-2.424227989316578,True,True
3,replication,both_feet_imagery,Cz,beta,24,23.141832419176396,35.764617652553696,20.97009632771715,-3.6577570974367126,31.39472266541403,35.052479762850744,-37.41127687442363,93.65183398865372,19.020606963288962,0.8264903109265314,1.3489189791650034,7,0.2916666666666667,17,0,0,20.97009632771715,True,True
4,replication,both_fists_imagery,C4,central_12_13,22,-40.659229101142195,44.85559455981667,-55.75703523231205,-71.15098219875848,-23.97789950135667,47.17308269740181,-82.91774259564674,121.50157801408022,-48.49364996183999,-3.5483129525538066,4.243634736627731,20,0.9090909090909091,2,0,3,-58.222776780217444,True,True
4,replication,both_fists_imagery,C3,central_12_13,22,-53.85529486171367,36.184257333007956,-68.50813012585445,-77.81980829083768,-43.87736623762894,33.942442053208744,-88.2623396057745,55.484493257076515,-63.40769672865515,-5.018802311137488,4.060633893270371,20,0.9090909090909091,2,0,3,-69.10752409452473,True,True
4,replication,both_fists_imagery,C3,mu,22,-47.86470520543889,30.665201775532434,-55.23402659239241,-66.86903694238175,-43.00978534836557,23.859251594016186,-83.85820241574271,22.423982932937978,-56.33048966716268,-3.491694401373169,2.3528644547204305,19,0.8636363636363636,3,0,3,-62.88370948330694,True,True
4,replication,both_fists_imagery,C4,mu,22,-27.401808195668742,68.12951046397689,-39.14549292318933,-61.95612657637602,-23.50800844900641,38.44811812736961,-94.00967135374356,247.2828169050203,-41.139927192066054,-2.1577524464808735,3.042166263292645,20,0.9090909090909091,2,0,3,-38.0687409081194,True,True
4,replication,both_fists_imagery,Cz,mu,22,-38.63496357242511,33.00858004015591,-41.51207683083241,-64.32589404520279,-23.385523412408233,40.940370632794554,-71.81241529861246,71.6623974816005,-43.53151089192839,-2.3329965638516477,3.326061615491612,20,0.9090909090909091,2,0,3,-51.57013445809889,True,True
4,replication,both_fists_imagery,Cz,beta,22,-33.193801062751916,38.62323800422486,-45.10734376191657,-58.62665718280618,-13.738712496497076,44.8879446863091,-79.35154127113192,84.7700145352632,-40.28865145439645,-2.6061657354064,3.1809576376755673,18,0.8181818181818182,4,0,3,-46.454472464330195,True,True
4,replication,both_feet_imagery,C3,central_12_13,23,-11.66366471977777,53.24898795363842,-15.734603280134188,-49.270346180730016,9.482939685699161,58.75328586642918,-91.17922999399288,159.1028262876162,-16.814584156716855,-0.7435073022455124,3.357912638344341,16,0.6956521739130435,7,0,2,-15.734603280134188,True,True
4,replication,both_feet_imagery,C4,central_12_13,23,-34.76918990848807,37.33369424663743,-47.9075506312141,-61.34433038105946,-22.332032909441043,39.01229747161841,-78.76322210424323,55.59778767913911,-42.88437174346834,-2.8322522171226434,3.028997610940043,18,0.782608695652174,5,0,2,-51.387164027005454,True,True
4,replication,both_feet_imagery,C3,mu,23,-21.19875340248317,39.62682758175442,-24.37266773841626,-52.70307987258363,3.847456245722828,56.550536118306454,-84.04313369987352,76.88981826684326,-26.414937308802905,-1.2132121898122223,3.4173467645239004,16,0.6956521739130435,7,0,2,-24.37266773841626,True,True
4,replication,both_feet_imagery,Cz,mu,23,-50.49580542178607,17.707990075571615,-49.400557081096515,-65.67108764689142,-39.1504367207132,26.52065092617822,-81.72829987888056,-18.11415736676692,-51.04919664006782,-2.9585426455502306,2.4858330148372456,23,1.0,0,0,2,-49.90684851640845,True,True
4,replication,both_feet_imagery,C4,mu,23,-35.740284784518856,34.368350371580554,-45.211728242027654,-60.272165120635805,-17.06173264007497,43.21043248056084,-82.02097588461265,47.19832039386661,-41.88558529071852,-2.613123987405743,3.1935384870853647,18,0.782608695652174,5,0,2,-45.95262617069322,True,True
4,replication,both_feet_imagery,Cz,beta,23,-57.468892288911995,18.2546923555696,-62.56821059485555,-70.72420655167505,-42.4588165014279,28.265390050247156,-89.43582260148783,-25.673780766721112,-58.30825566369326,-4.267594111916233,2.9350442061553257,23,1.0,0,0,2,-64.23970000771106,True,True
5,replication,both_fists_imagery,C4,central_12_13,23,-8.515998090558048,47.98471248953818,-8.003711934364155,-40.866666702950624,16.14170399635322,57.00837069930384,-84.11995735613121,108.19509398515679,-10.430247465479018,-0.3622969553633225,2.928644623545927,14,0.6086956521739131,9,0,4,-8.003711934364155,True,True
5,replication,both_fists_imagery,C3,central_12_13,23,-7.123781989304076,69.56006651858378,-24.142022644042143,-51.22758200377187,5.769169347590648,56.99675135136252,-82.00595246723678,202.40949744140045,-22.875432620813296,-1.1999874131761004,3.3574221372194013,16,0.6956521739130435,7,0,4,-24.142022644042143,True,True
5,replication,both_fists_imagery,C3,mu,23,-13.762967131384437,34.576839591766735,-10.97685054459649,-34.5506742598158,7.785741456450567,42.336415716266366,-81.360481667731,55.797588000701786,-12.745828243423833,-0.5049704533873957,2.174269166159878,15,0.6521739130434783,8,0,4,-2.7380745689916535,True,True
5,replication,both_fists_imagery,C4,mu,23,1.0586433011189305,63.66021723736353,-0.539116177300229,-48.28813722804867,29.552953028716058,77.84109025676473,-73.10022628838857,218.04795805566638,-6.185823778449799,-0.023476858878672152,3.9915413991827218,12,0.5217391304347826,11,0,4,-22.37960242281561,True,True
5,replication,both_fists_imagery,Cz,mu,23,3.759324050410446,33.99261505876071,3.1510280954669927,-19.522730235179154,33.04890651646144,52.5716367516406,-67.12783025003445,49.78658221700665,6.716948066590866,0.13473560898245365,2.184081995516113,10,0.43478260869565216,13,0,4,17.05431281520543,True,True
5,replication,both_fists_imagery,Cz,beta,23,-17.216967267332517,46.73601731284636,-20.966331663455303,-53.324448055457296,-7.1231090458274675,46.20133900962983,-70.06410538607281,135.75842488673095,-24.94727547907645,-1.021878598759606,2.9879995685076226,18,0.782608695652174,5,0,4,-17.570340192091226,True,True
5,replication,both_feet_imagery,C3,central_12_13,22,16.390235834650028,94.25802350194674,-9.795589185826236,-35.90589420632732,27.296476392712997,63.202370599040314,-58.76323927338673,384.9465359359016,-7.454970118286858,-0.44774051698835576,2.9728527676351346,14,0.6363636363636364,8,0,3,-9.534020011158026,True,True
5,replication,both_feet_imagery,C4,central_12_13,22,16.749269422606684,83.55695002207594,-16.5251256234329,-42.159318602335695,66.85842408783324,109.01774269016894,-94.23636643316209,207.84001389190604,-0.08766464372521808,-0.7864829151779484,4.5940854107914415,13,0.5909090909090909,9,0,3,-19.083485055544365,True,True
5,replication,both_feet_imagery,C3,mu,22,16.687704817661686,58.25258114487578,4.684070035842782,-23.50177917551938,44.70111881932845,68.20289799484783,-60.52652348497368,188.93722194838634,4.818373638392795,0.19697201932597014,2.75769160469786,10,0.45454545454545453,12,0,3,7.725713698288344,True,True
5,replication,both_feet_imagery,Cz,mu,22,18.97081306088158,63.408790017175086,9.199379035915307,-24.075724817387307,72.31239006394006,96.38811488132737,-77.47269002378275,158.5522099160614,13.518623256700627,0.37926417766190235,3.54139135520475,10,0.45454545454545453,12,0,3,5.184376544809634,True,True
5,replication,both_feet_imagery,C4,mu,22,13.641800135712119,77.08594964686927,-10.522242258199544,-28.297590334717725,15.824402905060172,44.12199323977789,-88.24932633993653,268.0409922202877,-4.636768287319453,-0.48668405061756104,2.087787253198588,12,0.5454545454545454,10,0,3,-14.280853981461245,True,True
5,replication,both_feet_imagery,Cz,beta,22,-12.441099894143541,51.52006081299589,-22.740672526480786,-44.153145410906085,17.914834492442015,62.0679799033481,-82.19429596933792,146.75219343806745,-19.72681464466956,-1.1208506281396724,3.2450438901589282,15,0.6818181818181818,7,0,3,-23.735215927728404,True,True
6,replication,both_fists_imagery,C4,central_12_13,22,-14.44045449561408,38.333642962662886,-24.844789165306274,-46.49929986472461,13.868621304977014,60.367921169701624,-68.20957378387587,75.93802156963709,-17.486672106253316,-1.2443615061403155,3.281423808436734,13,0.5909090909090909,9,0,1,-28.049724232993213,True,True
6,replication,both_fists_imagery,C3,central_12_13,22,-11.718915473857663,49.04265373738791,-17.98929266810515,-48.58466187594086,5.418793032368403,54.003454908309266,-67.2197130876615,116.70301398744206,-20.518268978315195,-0.8658622656183911,3.1324590486583546,15,0.6818181818181818,7,0,1,-21.748710427029636,True,True
6,replication,both_fists_imagery,C3,mu,22,1.080721861199028,56.662699114271554,-17.693862338774636,-34.966757211200196,39.718997601847015,74.68575481304721,-67.51827016662031,153.30365461731768,-7.50824746039512,-0.8504836238222412,3.3173000468175586,13,0.5909090909090909,9,0,1,-21.56376244708179,True,True
6,replication,both_fists_imagery,C4,mu,22,-9.600764102208393,48.98221657755173,-27.234990483077222,-49.05934895409838,12.302411244534358,61.36176019863274,-61.61974379228952,110.65798318824534,-20.384287777906668,-1.3807808310270715,3.431328355525942,15,0.6818181818181818,7,0,1,-27.10683371613529,True,True
6,replication,both_fists_imagery,Cz,mu,22,8.984158246446022,45.88303783035639,-1.2371544722105008,-20.086479930262822,35.143042497230006,55.229522427492824,-58.75158509197066,165.27464308682357,1.2501864461432324,-0.05407401681510908,2.2776130120356166,12,0.5454545454545454,10,0,1,-1.4486603941340646,True,True
6,replication,both_fists_imagery,Cz,beta,22,17.970417234022264,63.954935716901076,3.6102805072104367,-22.25875852736495,45.93289516326896,68.19165369063391,-70.4255666733256,175.60757678852397,9.34103219113168,0.15400497809955732,2.7294314977180596,10,0.45454545454545453,12,0,1,3.269313008000642,True,True
6,replication,both_feet_imagery,C3,central_12_13,23,3.1728766576906065,61.52616243993066,-17.322532746029434,-30.61360938857432,15.93091735070183,46.54452673927615,-64.95806880164571,233.76582675099723,-10.96086994585469,-0.8261283604175652,2.2223920575733302,16,0.6956521739130435,7,0,0,-17.322532746029434,True,True
6,replication,both_feet_imagery,C4,central_12_13,23,-0.6697618474137378,52.94005464764799,-13.061674980052487,-32.23253405506312,21.056268842638403,53.28880289770152,-73.65074170059034,163.3358888811186,-7.122897831073849,-0.6078873131336139,2.5198831754770117,13,0.5652173913043478,10,0,0,-13.061674980052487,True,True
6,replication,both_feet_imagery,C3,mu,23,2.7926641000185426,58.09788553726951,-6.875692942938419,-30.863550231717316,15.998833989154456,46.862384220871775,-57.009531512864996,195.39730292390624,-9.234343451528618,-0.30936945840043606,2.251218798982592,14,0.6086956521739131,9,0,0,-6.875692942938419,True,True
6,replication,both_feet_imagery,Cz,mu,23,-0.7701288035395233,41.552767954992326,-5.489778721630854,-31.015525613783666,20.60483131018899,51.62035692397266,-86.35202560960221,86.4589811140789,-4.3816923835137125,-0.24521220011967065,2.4420542207143026,13,0.5652173913043478,10,0,0,-5.489778721630854,True,True
6,replication,both_feet_imagery,C4,mu,23,-8.489229090870118,38.79567652315178,-13.679839705483499,-38.73439230819555,14.013392061485037,52.74778436968059,-75.86683112281722,73.8978466641689,-12.470067868928064,-0.6388776184971294,2.6978982061200356,13,0.5652173913043478,10,0,0,-13.679839705483499,True,True
6,replication,both_feet_imagery,Cz,beta,23,11.95579507880105,68.73515432058046,3.8399637302233476,-33.93221198658369,27.029576430684088,60.961788417267776,-60.1367760023404,260.0192021548119,-0.7772906074913891,0.16364527763626352,2.8382090408480614,11,0.4782608695652174,12,0,0,3.8399637302233476,True,True
7,replication,both_fists_imagery,C4,central_12_13,22,-28.843708986874216,60.94213150580345,-52.900603937999115,-67.98537039734029,-15.714034094075638,52.271336303264654,-88.36179230607624,170.80676135258392,-43.56294060015999,-3.2781880686132574,4.1978349016124765,17,0.7727272727272727,5,0,7,-49.9842376005536,True,True
7,replication,both_fists_imagery,C3,central_12_13,22,-40.083788593080385,32.48440543140889,-45.234170231151246,-66.3594496796406,-18.239632835002727,48.11981684463788,-84.85868706965057,25.15816896924433,-43.03865743730675,-2.617763190744186,3.8955848281823284,20,0.9090909090909091,2,0,7,-36.65222731732667,True,True
7,replication,both_fists_imagery,C3,mu,22,-16.110861428119623,46.83797474766196,-9.33651457133965,-60.65683670448737,7.377911838766371,68.03474854325374,-77.92747865215541,67.4423842567404,-20.794220949321208,-0.4266972597149913,4.362293246963136,13,0.5909090909090909,9,0,7,-7.370460703168864,True,True
7,replication,both_fists_imagery,C4,mu,22,-0.8271686780440913,78.68877930369635,-28.86349953703212,-53.01179020369912,24.615579623661212,77.62736982736033,-87.38350404736052,198.68001926160727,-18.63050461715792,-1.4831723925207538,4.219046662675786,14,0.6363636363636364,8,0,7,-7.582981811800337,True,True
7,replication,both_fists_imagery,Cz,mu,22,-1.8988157917690194,70.3764198369841,-19.85952007953276,-46.17543431170575,3.1507806626818486,49.3262149743876,-82.8656860262735,177.76410408867238,-18.986890488183178,-0.963276285180164,2.83796623949538,16,0.7272727272727273,6,0,7,-1.0864547592554419,True,True
7,replication,both_fists_imagery,Cz,beta,22,-25.484663759211106,39.50098103335692,-33.61014873495773,-48.013426149123475,-20.779988855044994,27.23343729407848,-61.780133277084936,106.23597063106796,-34.93868580179029,-1.7795972284831805,1.829450321626585,19,0.8636363636363636,3,0,7,-32.49368773963075,True,True
7,replication,both_feet_imagery,C3,central_12_13,23,8.154453948952716,60.90552381400948,-12.112236775514354,-31.242535909420276,52.43048507783986,83.67302098726014,-70.16147159311413,142.3705557028213,-0.05088869670960984,-0.5607158833953144,3.45679420995069,14,0.6086956521739131,9,0,6,-12.112236775514354,True,True
7,replication,both_feet_imagery,C4,central_12_13,23,18.246549114114345,73.33287833076129,-0.6772022255034673,-28.62626917184053,62.78453073326033,91.41079990510086,-83.66354252924954,174.43190556976202,8.330995522594769,-0.02951055519888636,3.635535177203578,12,0.5217391304347826,11,0,6,-0.6772022255034673,True,True
7,replication,both_feet_imagery,C3,mu,23,16.72992463036196,67.98386371939264,-13.6247228311052,-30.1704163622003,87.54764962435814,117.71806598655844,-68.74948439788092,143.55783232032863,8.494486330996105,-0.6361054601162724,4.299284102104638,14,0.6086956521739131,9,0,6,-13.6247228311052,True,True
7,replication,both_feet_imagery,Cz,mu,23,7.000802334703103,87.1909906048449,-25.344546694671685,-37.29519673837332,15.270447564017825,52.56564430239115,-75.82605397877226,314.5305036370768,-17.519392520862503,-1.2693846317122839,2.6273980169395985,16,0.6956521739130435,7,0,6,-15.098963927732077,True,True
7,replication,both_feet_imagery,C4,mu,23,20.582135334281006,86.8214928596577,-1.0791618757780712,-36.57248823705885,48.22625128143486,84.7987395184937,-79.77709413082606,326.2657829553246,3.578922695437784,-0.04712212658670629,3.6877256502701954,12,0.5217391304347826,11,0,6,0.7447250224999761,False,True
7,replication,both_feet_imagery,Cz,beta,23,-17.756865234303167,24.7416624154669,-19.47296263693445,-30.451320839018628,-7.174982215446018,23.27633862357261,-69.84228289082054,50.40972930366142,-17.962929006993765,-0.9405827856236813,1.2536673752230572,20,0.8695652173913043,3,0,6,-19.47296263693445,True,True
8,replication,both_fists_imagery,C4,central_12_13,23,-45.61516874951517,45.51477317309649,-62.96383277412421,-71.4514001578998,-47.09240464486807,24.35899551303173,-78.75692091077573,113.90090254052866,-59.716095669206524,-4.313739636418206,2.652138224649217,20,0.8695652173913043,3,0,6,-63.329420117526865,True,True
8,replication,both_fists_imagery,C3,central_12_13,23,-36.30467797801003,54.5107968953499,-53.44561467124964,-62.66124163166332,-38.8595882285383,23.801653403125023,-83.07076244750841,154.68325366898267,-51.97382515911694,-3.3203940309566455,2.1443575364245175,19,0.8260869565217391,4,0,6,-53.44561467124964,True,True
8,replication,both_fists_imagery,C3,mu,23,-35.78285073069595,44.77639447387994,-51.52960647038034,-63.71406213870111,-26.757158762870237,36.956903375830876,-77.39887804720469,90.3126792348612,-47.169591078845116,-3.1452345423951664,3.060025596149393,20,0.8695652173913043,3,0,6,-48.11313597471963,True,True
8,replication,both_fists_imagery,C4,mu,23,-45.38728676386124,28.19081991263212,-54.38456512093823,-66.67789963305272,-37.44045508693435,29.23744454611837,-74.37599844065052,20.487077123558425,-51.6838344429968,-3.408881803929403,2.7352987736887338,20,0.8695652173913043,3,0,6,-56.371878040051314,True,True
8,replication,both_fists_imagery,Cz,mu,23,-2.3887412877797662,49.78928889358368,-11.607792307907854,-23.5420281605789,16.342167899016665,39.88419605959557,-84.67805360788205,143.2848627462636,-5.845855098173782,-0.5358601898566238,1.8224626373039092,13,0.5652173913043478,10,0,6,-8.93081663297405,True,True
8,replication,both_fists_imagery,Cz,beta,23,-17.427936705439002,24.156251054170284,-21.749948132497902,-35.72223656659132,-7.240624614582728,28.481611952008592,-58.66458448996061,40.801623390774274,-20.483329758881546,-1.0651536591234474,1.5919478478601825,19,0.8260869565217391,4,0,6,-21.749948132497902,True,True
8,replication,both_feet_imagery,C3,central_12_13,22,124.92767571342902,169.8336276441968,88.60214406008222,0.9162397348405635,213.0333180671006,212.11707833226004,-56.29053692097865,640.9503484850205,96.75336101397345,2.754344995971575,4.919055246582383,6,0.2727272727272727,16,0,8,117.13742797183431,True,True
8,replication,both_feet_imagery,C4,central_12_13,22,99.80358414372273,204.40254577093594,55.764690255087544,-43.72562263771436,139.8805628667924,183.60618550450675,-73.48869388110974,676.6227035965942,43.961649546664304,1.912560040537151,6.2952515374211355,9,0.4090909090909091,13,0,8,70.07207896660131,True,True
8,replication,both_feet_imagery,C3,mu,22,86.84733717271212,115.60884189100541,55.25572990107728,8.157061094330022,158.86530424435608,150.70824315002605,-66.30660617186668,332.83559524433423,74.39174083033285,1.89340535375983,3.792034520458704,5,0.22727272727272727,17,0,8,101.62151421297946,True,True
8,replication,both_feet_imagery,Cz,mu,22,32.55962804904365,106.73771481853458,-3.288465254643797,-55.65444175367527,105.10510344805141,160.75954520172667,-83.76685039231168,295.936215928972,11.964788172416386,-0.14892582441283664,6.650023653687247,11,0.5,11,0,8,-3.2884652546437967,True,True
8,replication,both_feet_imagery,C4,mu,22,94.60259700402939,201.68154550132164,40.25544418832523,-26.5042314508016,103.38768551183698,129.8919169626386,-81.83415549478826,702.9029955987007,43.256037879371696,1.4672203011627678,4.420424032253722,8,0.36363636363636365,14,0,8,55.11814804535223,True,True
8,replication,both_feet_imagery,Cz,beta,22,-1.6874745832620812,25.922200895460833,-3.963168423933487,-19.208578786534027,15.667025701312616,34.875604487846644,-40.0530148240856,59.547030847681754,-3.6859536479341406,-0.17562323067398666,1.5587776065441838,14,0.6363636363636364,8,0,8,-9.421634025385606,True,True
9,replication,both_fists_imagery,C4,central_12_13,23,-4.42653346776519,43.83001634474616,-14.863709254836419,-35.67616947744847,8.291213977684611,43.96738345513308,-64.06973975200299,84.18388724560486,-11.818995304487213,-0.6988527527703259,2.262331090870382,16,0.6956521739130435,7,0,0,-14.863709254836419,True,True
9,replication,both_fists_imagery,C3,central_12_13,23,20.60497639041227,41.368957434036105,23.470841450022824,-8.520737940278556,50.98959742837746,59.510335368656015,-54.33247902238727,100.45945019853451,19.35923085145787,0.9156440785872064,2.1762420575728583,10,0.43478260869565216,13,0,0,23.470841450022824,True,True
9,replication,both_fists_imagery,C3,mu,23,4.102338388286973,40.592661269905626,7.454547853145227,-27.15672533189983,39.669873386096796,66.82659871799663,-55.27824562273847,99.87974052615168,2.446013876895452,0.3122480108133047,2.827635688461146,11,0.4782608695652174,12,0,0,7.454547853145227,True,True
9,replication,both_fists_imagery,C4,mu,23,-6.9824424043044795,29.760462730442857,-11.100443707392216,-29.25171009918597,8.843587133994184,38.095297233180155,-50.318561099959325,69.84917350173423,-10.638191501113855,-0.5110040663555583,1.8768015054543148,16,0.6956521739130435,7,0,0,-11.100443707392216,True,True
9,replication,both_fists_imagery,Cz,mu,23,19.969597699804744,96.97822420803928,-9.70378005192573,-25.418579639880928,22.904467995679497,48.32304763556043,-48.91530857523941,401.65754419128774,-3.9948130716134265,-0.44330430085766814,2.1712681595010785,13,0.5652173913043478,10,0,0,-9.70378005192573,True,True
9,replication,both_fists_imagery,Cz,beta,23,6.954810061232703,28.058326403906122,6.319905079519547,-13.023048796401614,24.09629880094549,37.1193475973471,-33.8460376277638,61.02855077207182,5.487226314119877,0.26614580204622107,1.5649246050510623,10,0.43478260869565216,13,0,0,6.319905079519547,True,True
9,replication,both_feet_imagery,C3,central_12_13,22,24.907273905839496,61.17320394609754,9.467490784240507,-20.089620570803937,45.1775497719141,65.26717034271803,-54.15221000631728,180.32668935415774,13.35713462427593,0.38287308584400553,2.593481965167467,10,0.45454545454545453,12,0,0,9.467490784240507,True,True
9,replication,both_feet_imagery,C4,central_12_13,22,3.7592713021418094,44.34040360834052,-10.256796811314114,-24.889839844537278,19.334342474943835,44.224182319481116,-43.691888292729196,139.67587200430418,-5.437418211064481,-0.46998826270414185,2.0078692882440627,13,0.5909090909090909,9,0,0,-10.256796811314114,True,True
9,replication,both_feet_imagery,C3,mu,22,4.722551281828742,44.027861434399966,-0.5045366036254326,-27.056921637427617,37.37661516369375,64.43353680112136,-56.77232576054374,91.93479442535556,1.132403835381788,-0.024941295205927,2.7419463632939785,11,0.5,11,0,0,-0.5045366036254326,True,True
9,replication,both_feet_imagery,Cz,mu,22,20.351174564785534,63.835939472989786,-0.06943271115254691,-25.590230702560053,50.166651684520005,75.75688238708005,-75.9121638633485,167.64056105391452,9.876491841989676,-0.0030235521365374433,3.047462540663619,11,0.5,11,0,0,-0.06943271115254693,True,True
9,replication,both_feet_imagery,C4,mu,22,1.0079593260077149,35.042254084008725,-7.998428007023591,-24.26369539840246,29.763167854857816,54.026863253260274,-52.302703690536255,79.54502079112186,-2.748364274543411,-0.36246377798950835,2.3458779714000535,14,0.6363636363636364,8,0,0,-7.998428007023591,True,True
9,replication,both_feet_imagery,Cz,beta,22,6.99039348140936,30.457957505038433,-2.269780729779786,-17.35375630924766,26.847556031044107,44.201312340291764,-37.21259064022906,75.47769147093177,2.444406673316745,-0.11640831989418032,1.8590478590922803,11,0.5,11,0,0,-2.2697807297797867,True,True
10,replication,both_fists_imagery,C4,central_12_13,23,-57.82986724480004,33.86258918553236,-74.5467552591621,-80.81635130360702,-37.42569548849197,43.39065581511505,-89.89708271051174,44.589517685318725,-66.15275765078273,-5.942568465996122,5.129143642838442,22,0.9565217391304348,1,0,3,-74.81169890148699,True,True
10,replication,both_fists_imagery,C3,central_12_13,23,-43.09371767371003,28.49827135759466,-48.66966475795602,-67.9740172821873,-20.772239688329464,47.20177759385784,-82.25646808085634,9.31496696518727,-44.8474066816489,-2.8962589932204734,3.9272607735846514,21,0.9130434782608695,2,0,3,-47.07308431604055,True,True
10,replication,both_fists_imagery,C3,mu,23,-26.599697823414164,41.432759977452875,-28.339147173015363,-62.882853953484464,-11.98847623840783,50.89437771507663,-80.89493073634843,73.28037801350203,-32.87263985506047,-1.447180276540064,3.742292974060362,18,0.782608695652174,5,0,3,-27.91232871969713,True,True
10,replication,both_fists_imagery,C4,mu,23,-38.035430182250664,43.16591160409997,-51.24016150160416,-68.64229294311113,-26.193320731985168,42.44897221112596,-84.84770059542352,77.05481314564635,-48.158000255490066,-3.1193774151492852,3.7163574226871243,19,0.8260869565217391,4,0,3,-51.454125092553525,True,True
10,replication,both_fists_imagery,Cz,mu,23,3.6367288636329818,64.70598944828741,-14.41529650330014,-35.01550473071232,15.633154093509354,50.64865882422168,-66.99539993927273,175.4440272731504,-10.266452145785987,-0.6760384958227121,2.505379366157714,14,0.6086956521739131,9,0,3,-12.62515823323268,True,True
10,replication,both_fists_imagery,Cz,beta,23,-16.83074948172814,23.694502948560473,-15.540276902960773,-36.131483157436506,0.04717983208020127,36.17866298951671,-56.92134283091765,37.68790179676557,-17.979048762836605,-0.7335034675227874,1.9488720015986718,17,0.7391304347826086,6,0,3,-15.337554941735608,True,True
10,replication,both_feet_imagery,C3,central_12_13,22,47.578224461418245,128.50198025995556,17.022201376433536,-31.58234281669807,71.33308839375715,102.91543121045522,-71.21982344840637,453.7420065792994,15.327681104477767,0.6788391450499693,3.9865076735002294,10,0.45454545454545453,12,0,9,-6.0567818074620305,False,True
10,replication,both_feet_imagery,C4,central_12_13,22,68.26507205649708,128.81789451203466,35.38786427915891,1.3957367521731898,129.7141085056864,128.31837175351322,-76.20615250270815,530.8716460132858,43.58461648876102,1.3139407988758958,3.5433702800300533,5,0.22727272727272727,17,0,9,39.34577494388787,True,True
10,replication,both_feet_imagery,C3,mu,22,13.357133579462586,65.03479625925894,-2.0576887527057703,-28.781659600000857,34.732740309816016,63.51439990981687,-67.5143740334019,168.73588522623854,0.7571301739991984,-0.09327720329240848,2.7657290558880927,11,0.5,11,0,9,-23.2060414763502,True,True
10,replication,both_feet_imagery,Cz,mu,22,2.0791371118312383,62.471298479172255,-16.341331616144803,-42.58632789403942,39.83338685833385,82.41971475237327,-83.24942905291398,146.0407520015023,-8.11205566070089,-0.7802873949617217,3.862766475374829,12,0.5454545454545454,10,0,9,-20.509401471137956,True,True
10,replication,both_feet_imagery,C4,mu,22,39.41046563622591,102.39001276057944,10.344294638628234,-10.457805622276101,47.70922197666645,58.16702759894255,-77.48292791245895,317.2093714495835,15.211822872443042,0.427214607251689,2.1706443588210105,9,0.4090909090909091,13,0,9,9.081924418977797,True,True
10,replication,both_feet_imagery,Cz,beta,22,-7.687222842442841,42.075653541064106,-17.32139438621794,-31.183240771619985,4.602907267914339,35.786148039534325,-52.67657571320689,148.2525051576433,-13.502106566840878,-0.8275619413286028,1.8197979685652912,14,0.6363636363636364,8,0,9,-19.489228613911457,True,True
11,replication,both_fists_imagery,C4,central_12_13,22,8.517791583325266,77.57885138552533,-0.5954685754145883,-38.56654148915644,33.890661594315176,72.45720308347163,-69.64612362230274,280.1739742958847,-4.230776274843939,-0.028311254426541657,3.3824300334871507,11,0.5,11,0,0,-0.5954685754145883,True,True
11,replication,both_fists_imagery,C3,central_12_13,22,10.058283946481923,63.77406325427329,-19.01790684234941,-34.86616365267808,51.98022427218539,86.84638792486348,-86.55736430088929,143.91309272681363,-1.7195887732227995,-0.9163286202362284,3.6797883623868533,14,0.6363636363636364,8,0,0,-19.01790684234941,True,True
11,replication,both_fists_imagery,C3,mu,22,11.411861880616959,55.17889117135751,2.2412313953809404,-29.77309929045157,50.48456761397596,80.25766690442754,-75.30867581722428,142.6733480439052,7.778453337621835,0.09572791298683371,3.326527294569498,10,0.45454545454545453,12,0,0,2.2412313953809404,True,True
11,replication,both_fists_imagery,C4,mu,22,-1.564641277011068,51.34165944500608,-16.1506812804974,-33.80484900336785,22.388618686696674,56.19346769006452,-61.68304830880501,166.7499441514805,-10.2785359236811,-0.7650076703420929,2.666303483186896,14,0.6363636363636364,8,0,0,-16.1506812804974,True,True
11,replication,both_fists_imagery,Cz,mu,22,-6.5284675421515495,40.48421379093859,-5.9812903358209315,-35.02038851537495,18.402239320244668,53.422627835619615,-77.4270216870564,68.20262550580675,-7.038380067458638,-0.2679001257033791,2.606193469540861,12,0.5454545454545454,10,0,0,-5.9812903358209315,True,True
11,replication,both_fists_imagery,Cz,beta,22,-5.1991991569534335,37.48895591633877,-12.169902789827118,-28.002941821856016,11.090746310844402,39.09368813270042,-73.5584170279587,91.28630669554182,-10.24788114750302,-0.5678525359608201,1.8839281913348669,14,0.6363636363636364,8,0,0,-12.169902789827118,True,True
11,replication,both_feet_imagery,C3,central_12_13,23,-4.182259252072863,53.23371272040437,-17.396511811069466,-46.78635315969784,21.441232089588127,68.22758524928597,-73.57223128975231,111.44601551260745,-12.157848362368615,-0.8300161285857409,3.583433048392812,12,0.5217391304347826,11,0,0,-17.396511811069466,True,True
11,replication,both_feet_imagery,C4,central_12_13,23,-14.474371413365043,46.29961521403099,-23.61790970988106,-48.35717763532314,17.039604845626773,65.39678248094991,-82.57725327411686,107.62710057695979,-19.090528838186877,-1.1700846079586984,3.547872434805601,15,0.6521739130434783,8,0,0,-23.61790970988106,True,True
11,replication,both_feet_imagery,C3,mu,23,-7.754287573713577,32.15996055279608,-13.469336688043429,-27.345491734108382,15.293010499400442,42.638502233508824,-69.4579826335327,55.38125067727794,-8.07985379999486,-0.628299671318599,2.0056537890059416,13,0.5652173913043478,10,0,0,-13.469336688043429,True,True
11,replication,both_feet_imagery,Cz,mu,23,-10.072548648542798,44.49069206781058,-19.526576506248773,-38.76659736116817,32.37623356456262,71.14283092573078,-80.67906485746899,89.80398710002325,-12.265220526806585,-0.9434752255997474,3.3432092649351977,15,0.6521739130434783,8,0,0,-19.526576506248773,True,True
11,replication,both_feet_imagery,C4,mu,23,-14.034658929538931,42.760487605365675,-17.75900531150936,-46.814904157039734,19.12115768816142,65.93606184520115,-72.24123683291373,84.15948113895963,-18.34368912237449,-0.8491164561156352,3.5023333386589335,15,0.6521739130434783,8,0,0,-17.75900531150936,True,True
11,replication,both_feet_imagery,Cz,beta,23,-9.383819809832602,26.83357093326812,-5.4275849494811625,-33.17369640884704,3.0908708557788325,36.264567264625875,-57.53013922544993,53.764397537421786,-11.082992028244686,-0.24235520451691533,1.8824417129879272,15,0.6521739130434783,8,0,0,-5.4275849494811625,True,True
12,replication,both_fists_imagery,C4,central_12_13,22,15.214665899449068,81.93492605319611,-9.523194567646417,-44.09338962175287,46.52888145987615,90.62227108162902,-72.04299888724795,220.47731891234724,-4.288036243213977,-0.4367522678333667,4.171349098366578,13,0.5909090909090909,9,0,1,-12.352747632417381,True,True
12,replication,both_fists_imagery,C3,central_12_13,22,3.926897808722337,86.05076294295084,-34.73601535488258,-64.67934771430849,43.495662784752376,108.17501049906087,-79.251586814582,192.7293780630293,-14.852522591331555,-1.915932157323045,6.085989614289592,12,0.5454545454545454,10,0,1,-45.7436380054022,True,True
12,replication,both_fists_imagery,C3,mu,22,8.546296828724486,68.2874471958585,-22.588633640656816,-47.249754498637024,75.47435444241607,122.72410894105309,-71.9630897891032,132.88814702145422,2.2116315892873666,-1.1627065446503284,5.219446719348411,12,0.5454545454545454,10,0,1,-34.354649507773196,True,True
12,replication,both_fists_imagery,C4,mu,22,25.210963959105904,66.07452805932685,6.513929795284265,-25.14977778681672,58.9075996437076,84.05737743052433,-54.242851960611766,154.9959409896187,13.161325932600505,0.2721027401049854,3.267572871794512,10,0.45454545454545453,12,0,1,3.31350398971399,True,True
12,replication,both_fists_imagery,Cz,mu,22,35.88598971523343,75.64676190097889,24.559079322611883,-33.32012327370399,91.48576549394133,124.80588876764531,-60.81615815996536,166.27875740097173,28.417158648433315,0.9441314523089823,4.5941820638485105,9,0.4090909090909091,13,0,1,16.276607804659605,True,True
12,replication,both_fists_imagery,Cz,beta,22,-8.381987631824595,23.50747607619912,-11.238200367563323,-29.21188293783375,6.441551771218823,35.653434709052576,-42.17121550479756,43.03630965255126,-11.61679108822932,-0.5181569245635758,1.7701219931202266,15,0.6818181818181818,7,0,1,-12.469521435187648,True,True
12,replication,both_feet_imagery,C3,central_12_13,23,38.01996348256181,84.94672369959738,19.66165778972006,-27.71499984386688,64.10247209646488,91.81747194033176,-64.03145868599114,262.3878002778679,24.554482964229283,0.7795501525298019,3.5705480319090475,8,0.34782608695652173,15,0,1,19.723946453777508,True,True
12,replication,both_feet_imagery,C4,central_12_13,23,30.555393132631327,78.42700472579928,6.190302446713059,-22.689508376817386,79.76717502588153,102.45668340269891,-78.39825012614047,248.66629381289093,19.504263754364292,0.2608485774186214,3.659776840405501,10,0.43478260869565216,13,0,1,13.358240319387392,True,True
12,replication,both_feet_imagery,C3,mu,23,36.39710058362268,71.68746914655952,26.806413739069253,-23.22187424555071,72.66859645030851,95.89047069585922,-54.27031637620923,227.12501453173323,25.675188408764328,1.0314122027317687,3.5255651747735994,9,0.391304347826087,14,0,1,28.401111646386163,True,True
12,replication,both_feet_imagery,Cz,mu,23,43.963865295983275,58.60086988322705,35.50683036433716,9.500117873944994,81.43525778623041,71.93513991228542,-55.76153708080806,195.39990162962943,42.274986088873725,1.3196118683240066,2.1892579825760206,4,0.17391304347826086,19,0,1,37.69809142850667,True,True
12,replication,both_feet_imagery,C4,mu,23,37.75044670862743,80.92318579661082,16.982872081584176,-6.273790555706112,56.83224971153516,63.106040267241276,-67.47230269837536,318.36821701810027,21.105717612072286,0.6812227965229646,2.2380833472379686,8,0.34782608695652173,15,0,1,17.893141573484133,True,True
12,replication,both_feet_imagery,Cz,beta,23,-13.011010318566404,27.34782938619297,-8.735845747715166,-35.12593341676203,10.19427784381163,45.32021126057366,-54.371144435967196,30.52502006818325,-12.95304802141885,-0.3969976646647935,2.300915186572986,15,0.6521739130434783,8,0,1,-8.67214266684779,True,True
13,replication,both_fists_imagery,C4,central_12_13,22,-41.26885231676955,32.13401123143757,-43.45184297612866,-67.43185333351848,-24.22701073472924,43.204842598789234,-87.06474299146215,32.97913862259156,-44.36571608254291,-2.4758416144521984,3.658033333382921,20,0.9090909090909091,2,0,0,-43.45184297612866,True,True
13,replication,both_fists_imagery,C3,central_12_13,22,-23.185830783629182,48.12373302684907,-38.00702988194846,-50.1769037315925,-0.3620088448365868,49.814894886755916,-87.59375772419082,129.1010520150636,-31.46038786805817,-2.0780079588229214,2.9960325398934184,16,0.7272727272727273,6,0,0,-38.00702988194846,True,True
13,replication,both_fists_imagery,C3,mu,22,-27.345747830372,31.63004785972001,-33.08254891379332,-50.39089792530759,-16.219996555374653,34.170901369932935,-81.37424633441273,52.39327901700304,-32.0820207143191,-1.7452318697831135,2.2754504569094185,17,0.7727272727272727,5,0,0,-33.08254891379332,True,True
13,replication,both_fists_imagery,C4,mu,22,-31.64211972846419,39.882668485986486,-32.064476057421416,-60.525099614776494,-10.544409851564618,49.98068976321188,-88.89730620603515,74.65323163817773,-34.894646655032126,-1.6820444865610416,3.552968442599062,19,0.8636363636363636,3,0,0,-32.064476057421416,True,True
13,replication,both_fists_imagery,Cz,mu,22,-38.703222112641576,28.62079973538372,-40.25783115290748,-53.556307733446054,-21.210946721739695,32.34536101170636,-90.47883508420126,22.644308008206288,-39.59740209153859,-2.23742067621054,2.2898155377369993,20,0.9090909090909091,2,0,0,-40.25783115290748,True,True
13,replication,both_fists_imagery,Cz,beta,22,-24.58238077796452,27.20213633747313,-26.159472816500163,-50.5228358212115,-6.6899410079349275,43.832894813276575,-65.91704401049,41.240703477915154,-25.71775683009642,-1.3174912373813974,2.75529007969478,18,0.8181818181818182,4,0,0,-26.159472816500163,True,True
13,replication,both_feet_imagery,C3,central_12_13,23,-3.5513686902850923,80.04178297658981,-38.32271046669073,-65.84977754565801,42.44252143776097,108.29229898341899,-78.77279646337446,241.7379247670383,-19.369239669398876,-2.098747200185791,6.197366486690657,15,0.6521739130434783,8,0,0,-38.32271046669073,True,True
13,replication,both_feet_imagery,C4,central_12_13,23,-47.56646804640638,45.53590456137044,-54.90051067522783,-76.97213763136745,-39.614605413524814,37.35753221784263,-92.17106645536508,69.2482250337912,-58.56433071266596,-3.4582837574264143,4.178987639112245,20,0.8695652173913043,3,0,0,-54.90051067522783,True,True
13,replication,both_feet_imagery,C3,mu,23,-20.042688857690155,64.0078080422624,-37.17710807851639,-55.01267763529443,-2.1372124085677893,52.87546522672664,-80.52846751633902,227.21573061022795,-33.03851723632377,-2.018820756319655,3.364804113912049,17,0.7391304347826086,6,0,0,-37.17710807851639,True,True
13,replication,both_feet_imagery,Cz,mu,23,-39.87984494045499,32.4701218304158,-38.4667107221576,-65.70512164430112,-23.93037444815583,41.774747196145285,-88.59818422648884,50.797301544133006,-42.78990332890721,-2.1088986896796196,3.473766231222203,21,0.9130434782608695,2,0,0,-38.4667107221576,True,True
13,replication,both_feet_imagery,C4,mu,23,-40.69684590135215,44.83824258102383,-61.05970420519308,-73.78337525601643,-28.068725858077574,45.71464939793886,-87.07381840962991,76.48940114248911,-50.500171534305494,-4.096007538543921,4.382252074296614,20,0.8695652173913043,3,0,0,-61.05970420519308,True,True
13,replication,both_feet_imagery,Cz,beta,23,-7.759607743842843,29.10929072637714,-7.198279078008872,-30.74742922102983,2.9568834124400696,33.7043126334699,-48.26440479173426,66.625410284117,-12.379104582670161,-0.3244397011740205,1.7223424406264722,16,0.6956521739130435,7,0,0,-7.198279078008872,True,True
14,replication,both_fists_imagery,C4,central_12_13,24,-15.097830172966965,57.82776895215675,-28.1251866932315,-50.7254516473737,-5.798489302615031,44.92696234475867,-85.95542509269326,169.4145214345082,-27.15668122023426,-1.434252809434382,2.830063713487973,19,0.7916666666666666,5,0,7,-27.906481842322044,True,True
14,replication,both_fists_imagery,C3,central_12_13,24,8.663846043747665,122.75253163997564,-23.901545025655675,-63.464854703463104,-11.743730380275888,51.72112432318721,-74.54935461364087,410.15623232536797,-31.038152863405486,-1.186381725888924,3.8300948309768303,19,0.7916666666666666,5,0,7,-23.290263376233707,True,True
14,replication,both_fists_imagery,C3,mu,24,10.792715473486595,109.47710066976894,-33.07826750815403,-55.45790366132947,31.14234744379896,86.60025110512842,-83.89799644911602,346.0068216607219,-22.185341210060727,-1.7510443594404572,4.688852175403156,16,0.6666666666666666,8,0,7,-29.359377163046,True,True
14,replication,both_fists_imagery,C4,mu,24,-9.196313698225227,50.7908891013204,-14.76766199655195,-38.55354764204965,9.449772136198872,48.003319778248525,-82.49589386231118,152.1747011906386,-15.47472627372173,-0.6945239097831317,2.509771228559983,14,0.5833333333333334,10,0,7,0.009731591157607963,False,True
14,replication,both_fists_imagery,Cz,mu,24,-8.25015596963157,63.94102216248609,-29.926853591748035,-48.567683373320236,5.529374495106486,54.097057868426724,-80.61245338444496,160.696123899314,-22.01034919108543,-1.5455490833199235,3.0837319433895423,18,0.75,6,0,7,-28.37499998407695,True,True
14,replication,both_fists_imagery,Cz,beta,24,-13.775570322275984,33.67168619440103,-16.90759164687682,-41.4188620792541,11.725383872413788,53.144245951667884,-66.69352452137076,54.82849361093414,-15.546488464223865,-0.8047488089810315,2.8066963421017457,15,0.625,9,0,7,-15.83437799783705,True,True
14,replication,both_feet_imagery,C3,central_12_13,21,-19.316860827392816,157.07904426594374,-70.7617206632257,-84.01992427704644,-51.061275110799315,32.95864916624713,-92.49761172969102,631.6528615162363,-65.19132337946476,-5.340481890511174,4.860738165867655,17,0.8095238095238095,4,0,4,-70.7617206632257,True,True
14,replication,both_feet_imagery,C4,central_12_13,21,-12.092853097158265,66.25514041839564,-28.980636177651586,-57.98942411760712,18.006824357382694,75.99624847498981,-84.8816667015158,200.6180272404166,-24.248312187870948,-1.4862322234250047,4.485484884636863,12,0.5714285714285714,9,0,4,-19.728980655233368,True,True
14,replication,both_feet_imagery,C3,mu,21,-30.453234549490016,84.37404446930194,-58.438399435635645,-74.53724579125223,-19.181067993189934,55.3561777980623,-88.32635185250619,285.3547312632188,-53.803684554302144,-3.813077358288518,5.016077292670895,16,0.7619047619047619,5,0,4,-58.37638180977986,True,True
14,replication,both_feet_imagery,Cz,mu,21,-25.176179095925736,52.49277763532904,-44.41143405133511,-60.00855760912302,-13.02343826659813,46.98511934252488,-78.95859438014506,109.16556800021804,-39.35753709339485,-2.550145295702709,3.374351672656583,16,0.7619047619047619,5,0,4,-44.41143405133511,True,True
14,replication,both_feet_imagery,C4,mu,21,-27.66325598687664,42.92194688398952,-32.22757852331147,-60.14937215944338,-6.3143533321580945,53.83501882728529,-81.50021616165894,73.75220962833974,-35.77447803938733,-1.6894699694553648,3.712378908366909,17,0.8095238095238095,4,0,4,-27.49033450776147,True,True
14,replication,both_feet_imagery,Cz,beta,21,-12.87494231886147,57.289026637309895,-34.27787813794192,-42.858339913457584,-3.687947776253106,39.17039213720448,-69.24128392284267,152.7256371517714,-27.646799691529356,-1.8228842365895797,2.2672778352834118,17,0.8095238095238095,4,0,4,-27.822698927529277,True,True
15,replication,both_fists_imagery,C4,central_12_13,22,-46.298201320925955,22.29277220950831,-49.0122885071403,-62.35558245465649,-30.346457543271132,32.009124911385356,-81.94738470545057,7.605641885583206,-48.40514727919408,-2.9254872035415347,2.632245420789497,21,0.9545454545454546,1,0,8,-48.08539584169427,True,True
15,replication,both_fists_imagery,C3,central_12_13,22,-39.07204895423104,37.78830483169569,-48.685954073998346,-63.07538033225309,-25.460410723563776,37.614969608689314,-83.21613566044518,87.1699933762065,-46.40950744607058,-2.899945760388987,3.0498195382830446,20,0.9090909090909091,2,0,8,-39.33445678536221,True,True
15,replication,both_fists_imagery,C3,mu,22,-16.39410932149774,43.906928701926745,-23.822501901026587,-43.424974737826226,-1.35331770925933,42.0716570285669,-69.78827059167017,130.79958859357674,-22.040689027909856,-1.1823492207240989,2.414712810553511,17,0.7727272727272727,5,0,8,-22.862200740281157,True,True
15,replication,both_fists_imagery,C4,mu,22,-43.354424745468926,24.952857136843612,-49.3908289672198,-58.33328477140199,-25.7250850817191,32.60819968968289,-78.00090010165803,15.726986301089157,-46.17533873601893,-2.962149564629417,2.5003843919386552,20,0.9090909090909091,2,0,8,-44.52996674328184,True,True
15,replication,both_fists_imagery,Cz,mu,22,12.664368870539,54.00115572530828,6.687256797407741,-24.50522137690534,39.03960752038196,63.5448288972873,-68.45147174462265,161.4062164355465,6.270648587315951,0.280478659200998,2.6532940154952547,9,0.4090909090909091,13,0,8,-2.2179286220169683,False,True
15,replication,both_fists_imagery,Cz,beta,22,-10.637443105557038,33.50291357042812,-18.10345028351133,-35.31633714441682,7.119165091648457,42.435502236065275,-57.47881988576457,82.21981909770129,-14.755338724484679,-0.8674240136368425,2.206407863648594,15,0.6818181818181818,7,0,8,-10.968577022413353,True,True
15,replication,both_feet_imagery,C3,central_12_13,23,-9.886638028066933,60.93867879666871,-22.551849918686916,-44.658951119052034,2.9754014993930036,47.634352618445035,-72.54925048725497,198.52029283328864,-22.858900836692833,-1.1098895129499728,2.7043969755883315,16,0.6956521739130435,7,0,5,-21.35820336026297,True,True
15,replication,both_feet_imagery,C4,central_12_13,23,-31.19160426410601,34.37069932961776,-34.780800986465444,-50.15614335727088,-15.880076923479788,34.27606643379109,-89.10180495698063,57.31730942407435,-33.5866436329833,-1.856245392641641,2.306434295678783,19,0.8260869565217391,4,0,5,-31.557954699312152,True,True
15,replication,both_feet_imagery,C3,mu,23,-10.702282994701498,45.17805592122239,-16.838734383291083,-47.992125392665386,11.187871513810869,59.179996906476255,-69.5303489912706,105.77201954937874,-18.64789129968757,-0.8007890983876043,3.299322897507988,15,0.6521739130434783,8,0,5,-14.096020118448159,True,True
15,replication,both_feet_imagery,Cz,mu,23,-15.488230347823619,40.02030717961708,-23.7817000247199,-46.461588994289116,5.1729876069795875,51.634576601268705,-66.82612588956377,93.65365586811626,-21.316511037038797,-1.1794074225486169,2.931998170212606,16,0.6956521739130435,7,0,5,-31.86677915076565,True,True
15,replication,both_feet_imagery,C4,mu,23,-29.756656057894617,36.54438156700344,-26.387752084835725,-49.617995756208,-4.70811651849101,44.90987923771699,-86.1475127910631,43.47107406405537,-30.275799453757152,-1.3304991990936892,2.768813479826531,18,0.782608695652174,5,0,5,-22.989729103600702,True,True
15,replication,both_feet_imagery,Cz,beta,23,-25.464490225498455,21.280474837857835,-28.820498153397224,-39.48925960811442,-14.939718051515325,24.5495415565991,-57.35298897752643,20.404594794614994,-27.586881140467344,-1.476450557537605,1.4760530237603042,20,0.8695652173913043,3,0,5,-29.04879762500756,True,True
16,replication,both_fists_imagery,C4,central_12_13,24,-22.959231347118116,61.562636106621035,-42.029660356619125,-62.68116865152385,-2.983754764186455,59.69741388733739,-83.83766160478484,170.07761937046033,-35.940962942379855,-2.390078886205271,4.149551960903311,19,0.7916666666666666,5,0,0,-42.029660356619125,True,True
16,replication,both_fists_imagery,C3,central_12_13,24,-7.194734318887619,74.56782461882133,-39.12627260467563,-58.81467329722386,12.720855900979812,71.53552919820368,-79.74653914026787,183.87697749357486,-26.908957229373307,-2.159603495371354,4.385332769951416,16,0.6666666666666666,8,0,0,-39.12627260467563,True,True
16,replication,both_fists_imagery,C3,mu,24,-6.549766445366054,50.774300705090624,-17.067776950734622,-37.68793497417439,21.088906410745878,58.77684138492027,-69.50196782122892,108.09196120422743,-13.956939838782697,-0.8173924792765758,2.8808203258179557,17,0.7083333333333334,7,0,0,-17.067776950734622,True,True
16,replication,both_fists_imagery,C4,mu,24,-23.96607741467446,42.89769441142154,-37.154722524141896,-45.88176302181044,-12.337034825872564,33.54472819593788,-82.19031364751282,125.09859116654194,-30.837794241658877,-2.0175191134859527,2.095145878862957,20,0.8333333333333334,4,0,0,-37.154722524141896,True,True
16,replication,both_fists_imagery,Cz,mu,24,-20.20789992381629,36.220647122953814,-24.264677156208315,-42.902274764725085,-12.751255987335844,30.15101877738924,-66.46798782527333,71.52643204257036,-26.533996915250874,-1.2088716124188155,1.8390974089791778,20,0.8333333333333334,4,0,0,-24.264677156208315,True,True
16,replication,both_fists_imagery,Cz,beta,24,-31.07032763236553,23.36934160386842,-32.752634761283026,-52.4153023965475,-13.944809529847927,38.47049286669957,-63.31794491130622,20.459044631780575,-32.85962028987242,-1.7247710555612015,2.573260146206158,22,0.9166666666666666,2,0,0,-32.752634761283026,True,True
16,replication,both_feet_imagery,C3,central_12_13,21,-19.16643955376815,62.31801044496694,-45.827765807776764,-61.12013203784355,-15.650892538016585,45.46923949982696,-82.0980255568043,116.09960458272298,-39.60244749208308,-2.662232527025315,3.363557101005833,16,0.7619047619047619,5,0,0,-45.827765807776764,True,True
16,replication,both_feet_imagery,C4,central_12_13,21,-27.509883372041134,47.52214329181216,-36.73540567008172,-58.85072880751705,-15.391951802264108,43.45877700525294,-78.427632228937,87.76912016558492,-37.09103515558814,-1.988392724316796,3.1304952884133077,18,0.8571428571428571,3,0,0,-36.73540567008172,True,True
16,replication,both_feet_imagery,C3,mu,21,-30.99775228576494,29.751603883991468,-39.295469706157036,-52.91890747607974,-16.299555184206596,36.61935229187314,-63.70784174232815,43.27610310305912,-36.841383492952104,-2.167788969280311,2.498812338464823,18,0.8571428571428571,3,0,0,-39.295469706157036,True,True
16,replication,both_feet_imagery,Cz,mu,21,-15.005671847221995,49.63204793251532,-28.274814996309118,-51.9277772701757,22.367123864363016,74.29490113453872,-84.74924075409064,116.01692508068533,-24.331149225668643,-1.4432832288707431,4.057705492351318,15,0.7142857142857143,6,0,0,-28.274814996309118,True,True
16,replication,both_feet_imagery,C4,mu,21,-21.642260804365623,52.4120818933504,-39.95574693969641,-52.37480850666008,6.581437066319192,58.95624557297927,-81.22579394239257,147.6086942728444,-29.489893577432035,-2.2152855335076564,3.49844836737833,13,0.6190476190476191,8,0,0,-39.95574693969641,True,True
16,replication,both_feet_imagery,Cz,beta,21,-28.864925547411595,24.67876527467407,-32.127415061294954,-40.04827828865538,-20.28767048332489,19.76060780533049,-60.786506969892116,42.62541409802359,-32.26908114539181,-1.6830561031586033,1.2372384134487686,18,0.8571428571428571,3,0,0,-32.127415061294954,True,True
17,replication,both_fists_imagery,C4,central_12_13,24,-22.017779524971974,48.68681546382301,-30.732830057741275,-48.04565381384366,-5.336536079304289,42.70911773453937,-86.6539113561789,112.6623266500234,-30.205683844126987,-1.5948125683966001,2.621905117968685,20,0.8333333333333334,4,0,0,-30.732830057741275,True,True
17,replication,both_fists_imagery,C3,central_12_13,24,-12.438243206482,55.81695570553507,-24.0637546304473,-42.882447802458955,11.97789241655034,54.860340219009295,-74.05114961284058,204.4072446937454,-20.432967925716923,-1.1957238494365319,2.926470906410237,16,0.6666666666666666,8,0,0,-24.0637546304473,True,True
17,replication,both_fists_imagery,C3,mu,24,-11.144966670489742,55.08300057837257,-17.91493880720865,-41.797902788430264,1.2298208464545919,43.02772363488486,-70.96195235044162,207.2661121453707,-19.56302764159735,-0.8573588620908865,2.3803755566877793,18,0.75,6,0,0,-17.91493880720865,True,True
17,replication,both_fists_imagery,C4,mu,24,-3.408615401164236,70.71998720232014,-24.1311440375573,-39.22905877594444,5.212209082717331,44.44126785866177,-85.42102441025033,213.60591368497307,-19.993380377116303,-1.199712041676626,2.3717181198807618,18,0.75,6,0,0,-24.1311440375573,True,True
17,replication,both_fists_imagery,Cz,mu,24,34.84620056590774,107.04825107277871,-5.598633419776889,-29.06160760911869,82.98779095729074,112.04939856640942,-66.27514960824014,324.44175193678296,5.828378446920041,-0.2503450372157989,4.12076292583735,14,0.5833333333333334,10,0,0,-5.598633419776889,True,True
17,replication,both_fists_imagery,Cz,beta,24,-6.090635824186013,32.56307674247253,-4.665780924366339,-27.364676140186077,6.647464369550691,34.01214050973677,-54.745552379805446,74.5466974503672,-8.905037858574904,-0.20817252099276085,1.6771552243813002,16,0.6666666666666666,8,0,0,-4.665780924366339,True,True
17,replication,both_feet_imagery,C3,central_12_13,21,-6.841625129719282,35.757480005730706,-10.968115227919993,-36.03467358633339,21.884874558537103,57.91954814487049,-73.42152227841142,51.9905032030373,-6.347218677721333,-0.5045443267294457,2.8000519427323227,11,0.5238095238095238,10,0,0,-10.968115227919993,True,True
17,replication,both_feet_imagery,C4,central_12_13,21,-0.2590379027538698,62.02898459605844,-14.451347497413948,-40.622229470959255,37.8599780063503,78.48220747730956,-81.20975634444599,170.26271699661598,-7.764754532815309,-0.677868267459099,3.6581431786226783,12,0.5714285714285714,9,0,0,-14.451347497413948,True,True
17,replication,both_feet_imagery,C3,mu,21,-0.04496814221742286,43.16474395261944,-9.497304046945946,-24.24459642927186,15.56772455721909,39.812320986490946,-67.8010964594057,118.91479655206894,-7.4827910103607405,-0.43338483556168617,1.8342294627702422,13,0.6190476190476191,8,0,0,-9.497304046945946,True,True
17,replication,both_feet_imagery,Cz,mu,21,43.839837034753586,107.2245744394324,32.48318083016305,-35.08061172875023,76.74299133673422,111.82360306548445,-63.585735247253524,371.636876195553,21.24494796371582,1.2216074667815477,4.349677821983937,8,0.38095238095238093,13,0,0,32.48318083016305,True,True
17,replication,both_feet_imagery,C4,mu,21,-0.23998793503309718,55.71364327939397,-8.06572069984749,-48.81257019777389,30.277364744985594,79.08993494275948,-70.28218867700194,104.3772309636251,-9.1158974875366,-0.36522524141006285,4.057056415388579,13,0.6190476190476191,8,0,0,-8.06572069984749,True,True
17,replication,both_feet_imagery,Cz,beta,21,-19.610590396211677,28.870500079467675,-26.65540488941011,-43.24977601988263,-2.9633376980198376,40.286438321862796,-58.30425608290821,53.877861003194134,-22.94829137617701,-1.3463188454916166,2.3296827008135437,17,0.8095238095238095,4,0,0,-26.65540488941011,True,True
18,replication,both_fists_imagery,C4,central_12_13,22,51.26335939376159,98.34583954933689,35.585203013299015,-12.900507626986553,72.97753490704184,85.8780425340284,-63.41590498942674,302.6812972082024,30.622412588834468,1.321014242498336,2.985411348237332,8,0.36363636363636365,14,0,0,35.585203013299015,True,True
18,replication,both_fists_imagery,C3,central_12_13,22,61.86646261226837,126.22746376372186,27.7446596704523,-14.624183428265857,77.75820756045489,92.38239098872074,-56.92269560321477,489.02685094999947,31.82174090937873,1.0633018864313677,3.1846756712043387,8,0.36363636363636365,14,0,0,27.7446596704523,True,True
18,replication,both_fists_imagery,C3,mu,22,26.101806810907046,77.45454863562237,-6.648269567762088,-20.732146099280758,64.08860018128944,84.82074628057019,-64.1302819728841,221.37989626037822,10.478614257906159,-0.30669325944438564,3.1446191433593915,12,0.5454545454545454,10,0,0,-6.648269567762088,True,True
18,replication,both_fists_imagery,C4,mu,22,17.111973797691135,66.46165579193637,-11.940742447597659,-27.752076492575235,51.60154406511138,79.35362055768661,-64.48951663013652,215.32445395057115,4.959144978850502,-0.5522986715824636,3.218807735212558,12,0.5454545454545454,10,0,0,-11.940742447597659,True,True
18,replication,both_fists_imagery,Cz,mu,22,20.725174288382103,70.87608535298365,1.6647312647285952,-22.300792644583446,46.74179720842839,69.04258985301183,-48.94319433537443,281.79814488590904,6.858820878646433,0.06839262204663854,2.7521999238450867,11,0.5,11,0,0,1.6647312647285952,True,True
18,replication,both_fists_imagery,Cz,beta,22,63.48222806565071,74.71639780750077,48.82470545652174,14.751394558638362,105.16519288141642,90.41379832277805,-53.405429449894186,268.83486604233195,55.87242953988318,1.7266517378498039,2.525888535078961,4,0.18181818181818182,18,0,0,48.82470545652174,True,True
18,replication,both_feet_imagery,C3,central_12_13,23,38.26116610323078,106.67555421821503,2.799298445973569,-35.19020073753288,100.62035983420412,135.810560571737,-75.78416311139652,399.95977846746337,20.24499657436723,0.11990150825773666,4.944621850053646,11,0.4782608695652174,12,0,0,2.799298445973569,True,True
18,replication,both_feet_imagery,C4,central_12_13,23,24.88667238263702,102.53954371874953,-0.05087673060594834,-31.742095087244977,42.75607693330661,74.49817202055158,-66.3815451886837,437.810474704782,3.4420116711379403,-0.0022101105996372972,3.2081358398452875,12,0.5217391304347826,11,0,0,-0.05087673060594834,True,True
18,replication,both_feet_imagery,C3,mu,23,9.27252517073693,52.58752203735128,-6.4719344640082745,-30.038930641839823,41.101012910860575,71.1399435527004,-63.589377017397524,120.98112662354437,1.8156216137825918,-0.2905804818138496,3.04566484568629,12,0.5217391304347826,11,0,0,-6.4719344640082745,True,True
18,replication,both_feet_imagery,Cz,mu,23,-5.39419330428583,46.960336777373925,-22.62004228121113,-37.80100224267082,17.202261067241494,55.00326330991231,-55.79164552889269,136.61948540397105,-15.678018661992104,-1.1137151191771646,2.752589111092357,15,0.6521739130434783,8,0,0,-22.62004228121113,True,True
18,replication,both_feet_imagery,C4,mu,23,3.588143390195411,74.45084053686001,-6.030918619386642,-37.52955129014673,12.848388242900434,50.37793953304716,-59.677980285306674,308.43673421766533,-10.714968245869569,-0.2701501868344663,2.5550590448176673,13,0.5652173913043478,10,0,0,-6.030918619386642,True,True
18,replication,both_feet_imagery,Cz,beta,23,47.16457077060286,66.4566903597808,40.22746076266275,7.986133292834349,63.70097306556078,55.714839772726435,-53.71034975727466,234.18723114993065,38.64175414013594,1.4683306990650506,1.8087758042887803,5,0.21739130434782608,18,0,0,40.22746076266275,True,True
19,replication,both_fists_imagery,C4,central_12_13,22,-8.802300080236753,76.31342124857548,-34.9129295474177,-54.547866854857205,0.6891410528804007,55.237007907737606,-68.11384097159451,258.5407773193641,-30.16116506810016,-1.8652633390276403,3.4539849004183893,16,0.7272727272727273,6,0,0,-34.9129295474177,True,True
19,replication,both_fists_imagery,C3,central_12_13,22,7.774940614249737,82.6133321502968,-14.494905253538132,-46.74261386051761,27.92858816942772,74.67120202994533,-76.07295881541063,230.59198439158993,-11.233750881251657,-0.6809163433497756,3.8019470680782987,12,0.5454545454545454,10,0,0,-14.494905253538132,True,True
19,replication,both_fists_imagery,C3,mu,22,-4.036320251590744,66.21997179699684,-20.89212131628474,-43.71986246784596,8.980149477555699,52.700011945401656,-62.63536405297587,224.02410897795687,-21.24167313070817,-1.0195509401053662,2.863059812571162,16,0.7272727272727273,6,0,0,-20.89212131628474,True,True
19,replication,both_fists_imagery,C4,mu,22,-15.929364940771338,53.58455848145073,-29.79848845265542,-53.97192085923554,-9.422347956347393,44.549572902888144,-70.46488574349569,146.3390565737994,-29.466022307612548,-1.5404060133765913,2.940843198159935,17,0.7727272727272727,5,0,0,-29.79848845265542,True,True
19,replication,both_fists_imagery,Cz,mu,22,-19.095119055612525,34.803733730267474,-27.31922135376989,-41.77930671957773,-0.09608594557319261,41.68322077400454,-64.22314554983467,76.94415652165927,-23.169830981234348,-1.3860649280993813,2.3425963974590522,16,0.7272727272727273,6,0,0,-27.31922135376989,True,True
19,replication,both_fists_imagery,Cz,beta,22,10.557516636217018,79.34861233808617,-23.936195792685865,-37.12851245304641,48.38596472549165,85.51447717853806,-65.21415364892839,237.2206047930493,-11.61076721914087,-1.1885178407275472,3.7216685506678373,15,0.6818181818181818,7,0,0,-23.936195792685865,True,True
19,replication,both_feet_imagery,C3,central_12_13,23,43.55269013798696,148.5605467937748,-2.371148460492248,-35.99068210505636,71.3807564112208,107.37143851627715,-63.48140122797941,640.4791415826057,7.57376248052335,-0.1042181949764079,4.2807534949059765,13,0.5652173913043478,10,0,0,-2.371148460492248,True,True
19,replication,both_feet_imagery,C4,central_12_13,23,54.51803011701625,181.27651262285622,-9.19754997756756,-42.42128403378353,60.6552825801988,103.07656661398232,-87.14128193464909,736.1219889611465,7.223355475930364,-0.41902433231469616,4.431274127906542,13,0.5652173913043478,10,0,0,-9.19754997756756,True,True
19,replication,both_feet_imagery,C3,mu,23,13.549145555716336,83.62816347976614,-13.542777779313147,-39.004933703503546,22.231774118437443,61.23670782194099,-66.37411873437985,243.8567045194431,-10.907172093017543,-0.6319872200161759,3.0249284082898065,15,0.6521739130434783,8,0,0,-13.542777779313147,True,True
19,replication,both_feet_imagery,Cz,mu,23,0.8189950406126164,44.35159130053937,-6.777366670507242,-29.261003805235866,35.64765464988837,64.90865845512424,-66.01391844805553,87.45256904351695,-1.3933054703455616,-0.30478633388898213,2.830345525158819,14,0.6086956521739131,9,0,0,-6.777366670507242,True,True
19,replication,both_feet_imagery,C4,mu,23,10.244472751262425,93.21032273172325,-19.59694057769003,-33.76050340036715,23.021961323830364,56.78246472419751,-80.22083439197132,356.17536732351124,-9.172691738782706,-0.9472742556812004,2.691542691081919,14,0.6086956521739131,9,0,0,-19.59694057769003,True,True
19,replication,both_feet_imagery,Cz,beta,23,-14.22660677581689,41.86347377442678,-25.53021931541068,-44.596708721086316,6.036179487585176,50.63288820867149,-62.02027343417146,94.96149227735586,-21.89048043957683,-1.280199251631153,2.7638523034123392,17,0.7391304347826086,6,0,0,-25.53021931541068,True,True
20,replication,both_fists_imagery,C4,central_12_13,23,-22.77964445957519,41.63049594809884,-33.680824928786166,-44.86873437590181,-12.960247015700041,31.908487360201768,-84.92166015576103,93.04137192431565,-30.692956529189317,-1.783608845121851,1.9659500827644145,19,0.8260869565217391,4,0,3,-35.74243179839564,True,True
20,replication,both_fists_imagery,C3,central_12_13,23,-14.661494289014328,50.052006318747615,-29.82874371941025,-43.26190279263125,-2.9875533750342678,40.27434941759698,-76.95417687655947,173.09362347267756,-24.960383976250718,-1.5384074819907534,2.3277237969249347,17,0.7391304347826086,6,0,3,-30.018277360840415,True,True
20,replication,both_fists_imagery,C3,mu,23,-25.972511696841753,34.9109108457091,-31.330382529935807,-48.33275165317903,-11.385995316187191,36.94675633699184,-78.92396380130378,47.658909329852996,-29.377452167950633,-1.632353718733497,2.342654822782629,20,0.8695652173913043,3,0,3,-30.8350987339005,True,True
20,replication,both_fists_imagery,C4,mu,23,-30.716440341192552,35.19588576717635,-40.13093496386669,-52.099664036531365,-7.910177399196414,44.18948663733495,-82.24470895280587,69.57509361958412,-36.293401587617005,-2.2279752409615026,2.8385099156369193,19,0.8260869565217391,4,0,3,-41.56962701423383,True,True
20,replication,both_fists_imagery,Cz,mu,23,-15.744954722987986,33.470141936765735,-15.824655337635395,-42.46822978561913,4.007082696173798,46.475312481792926,-66.59227540243062,56.49357478761418,-18.12266442959965,-0.7481509668437492,2.5719851016248194,15,0.6521739130434783,8,0,3,-11.508945554936318,True,True
20,replication,both_fists_imagery,Cz,beta,23,-25.961400405739333,38.69493285045476,-37.50803260391896,-57.522288253515725,4.546271869412425,62.06856012292815,-70.28491277223235,56.91014853789279,-31.343909952393858,-2.041758024919478,3.9055492915117154,17,0.7391304347826086,6,0,3,-33.8825123302735,True,True
20,replication,both_feet_imagery,C3,central_12_13,22,-1.7723638560935309,42.81374512098496,-8.114999974958732,-39.369659869685606,27.814562688324393,67.18422255800999,-67.36219250167672,77.11689183935395,-4.507971093294432,-0.36948183883150376,3.245101017773272,12,0.5454545454545454,10,0,4,-16.690238121780187,True,True
20,replication,both_feet_imagery,C4,central_12_13,22,-23.3079717959125,49.42115393877064,-40.04395080208265,-49.86306329010011,-26.604844205007872,23.258219085092236,-66.91259560396706,118.31078026461053,-38.509841839525635,-2.2218136234075603,1.6540638925608173,18,0.8181818181818182,4,0,4,-40.04395080208265,True,True
20,replication,both_feet_imagery,C3,mu,22,-8.713523442183318,38.23718855276435,-6.635090131430677,-32.07744178026985,11.706304994619313,43.78374677488917,-70.95098568107687,97.18666670079317,-7.325216529271424,-0.29900446473823933,2.1687883694514656,12,0.5454545454545454,10,0,4,-11.149666458229778,True,True
20,replication,both_feet_imagery,Cz,mu,22,-7.312723901585196,40.72177981770854,-14.188967718256034,-31.64971075512061,15.934958606362878,47.584669361483485,-62.74988422057957,94.79221468047886,-11.523233992043755,-0.6646656112344573,2.3031940098392463,15,0.6818181818181818,7,0,4,-13.173063340414323,True,True
20,replication,both_feet_imagery,C4,mu,22,-30.756299897803444,43.91426146565987,-40.85485228658948,-54.664339645382114,-26.441882674168475,28.22245697121364,-74.57732828706166,111.58606283504564,-40.09054381246058,-2.2808407166243025,2.1071479926236307,20,0.9090909090909091,2,0,4,-40.85485228658948,True,True
20,replication,both_feet_imagery,Cz,beta,22,-35.2577119992489,32.068976604027426,-40.23335383286838,-53.1498432830888,-9.944181247462591,43.205662035626204,-89.60680854501089,33.85324466149597,-37.20641036252207,-2.235447448251671,2.837589326077868,20,0.9090909090909091,2,0,4,-41.89244843210761,True,True
