subject,task,model,qc_sensitivity,primary_mean_fold_balanced_accuracy,fold_balanced_accuracy_run_4,fold_balanced_accuracy_run_8,fold_balanced_accuracy_run_12,fold_balanced_accuracy_range,folds_above_chance_count,out_of_fold_balanced_accuracy,out_of_fold_accuracy,out_of_fold_macro_f1,out_of_fold_roc_auc,out_of_fold_left_recall,out_of_fold_right_recall,out_of_fold_true_left_predicted_left,out_of_fold_true_left_predicted_right,out_of_fold_true_right_predicted_left,out_of_fold_true_right_predicted_right,out_of_fold_trial_count,included_trial_count,group_observational_unit
21,left_vs_right_fist_imagery,spectral_baseline_6,False,0.4613095238095239,0.33035714285714285,0.5892857142857143,0.4642857142857143,0.25892857142857145,1,0.4613095238095238,0.4666666666666667,0.46,0.5099206349206349,0.5416666666666666,0.38095238095238093,13,11,13,8,45,45,participant
21,left_vs_right_fist_imagery,spectral_baseline_6,True,0.4791666666666667,0.33035714285714285,0.7142857142857143,0.39285714285714285,0.38392857142857145,1,0.46212121212121215,0.46511627906976744,0.4544953116381688,0.5367965367965368,0.5909090909090909,0.3333333333333333,13,9,14,7,43,43,participant
21,left_vs_right_fist_imagery,csp_4_empirical,False,0.6488095238095238,0.7410714285714286,0.6071428571428572,0.5982142857142857,0.1428571428571429,3,0.6488095238095238,0.6444444444444445,0.6442687747035574,0.6924603174603174,0.5833333333333334,0.7142857142857143,14,10,6,15,45,45,participant
21,left_vs_right_fist_imagery,csp_4_empirical,True,0.6825396825396824,0.7410714285714286,0.6904761904761905,0.6160714285714286,0.125,3,0.6774891774891775,0.6744186046511628,0.6699561403508771,0.7532467532467533,0.5454545454545454,0.8095238095238095,12,10,4,17,43,43,participant
22,left_vs_right_fist_imagery,spectral_baseline_6,False,0.4702380952380952,0.4642857142857143,0.4732142857142857,0.4732142857142857,0.008928571428571397,0,0.46640316205533594,0.4666666666666667,0.46640316205533594,0.44664031620553357,0.45454545454545453,0.4782608695652174,10,12,12,11,45,45,participant
22,left_vs_right_fist_imagery,spectral_baseline_6,True,0.45138888888888884,0.45238095238095233,0.33035714285714285,0.5714285714285714,0.24107142857142855,1,0.45238095238095233,0.4523809523809524,0.45207033465683494,0.4535147392290249,0.47619047619047616,0.42857142857142855,10,11,12,9,42,42,participant
22,left_vs_right_fist_imagery,csp_4_empirical,False,0.5,0.5,0.3214285714285714,0.6785714285714286,0.3571428571428572,1,0.4950592885375494,0.4888888888888889,0.44976076555023925,0.525691699604743,0.7727272727272727,0.21739130434782608,17,5,18,5,45,45,participant
22,left_vs_right_fist_imagery,csp_4_empirical,True,0.5178571428571428,0.5,0.4107142857142857,0.6428571428571428,0.2321428571428571,1,0.5,0.5,0.4928119608970673,0.5260770975056689,0.6190476190476191,0.38095238095238093,13,8,13,8,42,42,participant
23,left_vs_right_fist_imagery,spectral_baseline_6,False,0.5565476190476191,0.5982142857142857,0.4017857142857143,0.6696428571428572,0.2678571428571429,2,0.5563241106719368,0.5555555555555556,0.5553359683794465,0.6482213438735177,0.5909090909090909,0.5217391304347826,13,9,11,12,45,45,participant
23,left_vs_right_fist_imagery,spectral_baseline_6,True,0.5476190476190476,0.5982142857142857,0.4017857142857143,0.6428571428571428,0.2410714285714285,2,0.5454545454545454,0.5454545454545454,0.5445134575569358,0.6177685950413223,0.5909090909090909,0.5,13,9,11,11,44,44,participant
23,left_vs_right_fist_imagery,csp_4_empirical,False,0.5148809523809524,0.5803571428571428,0.4642857142857143,0.5,0.11607142857142849,1,0.5316205533596838,0.5333333333333333,0.5296167247386759,0.6324110671936759,0.45454545454545453,0.6086956521739131,10,12,9,14,45,45,participant
23,left_vs_right_fist_imagery,csp_4_empirical,True,0.5386904761904762,0.5803571428571428,0.5357142857142857,0.5,0.0803571428571428,2,0.5454545454545454,0.5454545454545454,0.5445134575569358,0.5867768595041322,0.5,0.5909090909090909,11,11,9,13,44,44,participant
24,left_vs_right_fist_imagery,spectral_baseline_6,False,0.5386904761904762,0.5,0.5,0.6160714285714286,0.1160714285714286,1,0.5316205533596838,0.5333333333333333,0.5296167247386759,0.5553359683794467,0.45454545454545453,0.6086956521739131,10,12,9,14,45,45,participant
24,left_vs_right_fist_imagery,spectral_baseline_6,True,0.5476190476190476,0.5714285714285714,0.5,0.5714285714285714,0.0714285714285714,2,0.5562770562770563,0.5581395348837209,0.5542825968357883,0.5887445887445888,0.47619047619047616,0.6363636363636364,10,11,8,14,43,43,participant
24,left_vs_right_fist_imagery,csp_4_empirical,False,0.4583333333333333,0.4464285714285714,0.42857142857142855,0.5,0.07142857142857145,0,0.441699604743083,0.4444444444444444,0.4343891402714932,0.43083003952569165,0.3181818181818182,0.5652173913043478,7,15,10,13,45,45,participant
24,left_vs_right_fist_imagery,csp_4_empirical,True,0.5327380952380952,0.5267857142857143,0.42857142857142855,0.6428571428571428,0.21428571428571425,2,0.5357142857142857,0.5348837209302325,0.5346320346320346,0.564935064935065,0.5714285714285714,0.5,12,9,11,11,43,43,participant
25,left_vs_right_fist_imagery,spectral_baseline_6,False,0.5714285714285715,0.6160714285714286,0.4107142857142857,0.6875,0.2767857142857143,2,0.5563241106719368,0.5555555555555556,0.5553359683794465,0.5632411067193676,0.5909090909090909,0.5217391304347826,13,9,11,12,45,45,participant
25,left_vs_right_fist_imagery,spectral_baseline_6,True,0.5154761904761905,0.43333333333333335,0.3392857142857143,0.7738095238095238,0.43452380952380953,1,0.5105263157894737,0.5128205128205128,0.507641196013289,0.5736842105263158,0.6,0.42105263157894735,12,8,11,8,39,39,participant
25,left_vs_right_fist_imagery,csp_4_empirical,False,0.5089285714285713,0.4732142857142857,0.5803571428571428,0.4732142857142857,0.1071428571428571,1,0.5088932806324111,0.5111111111111111,0.505,0.5454545454545455,0.4090909090909091,0.6086956521739131,9,13,9,14,45,45,participant
25,left_vs_right_fist_imagery,csp_4_empirical,True,0.5994047619047619,0.6166666666666667,0.5625,0.6190476190476191,0.05654761904761907,3,0.5842105263157895,0.5897435897435898,0.5666666666666667,0.6052631578947368,0.8,0.3684210526315789,16,4,12,7,39,39,participant
26,left_vs_right_fist_imagery,spectral_baseline_6,False,0.5148809523809524,0.5,0.5,0.5446428571428572,0.044642857142857206,1,0.5148809523809523,0.5111111111111111,0.5108695652173914,0.5873015873015872,0.4583333333333333,0.5714285714285714,11,13,9,12,45,45,participant
26,left_vs_right_fist_imagery,spectral_baseline_6,True,0.5325396825396825,0.5,0.6333333333333333,0.4642857142857143,0.169047619047619,1,0.5303643724696356,0.5,0.4980392156862745,0.48987854251012153,0.3684210526315789,0.6923076923076923,7,12,4,9,32,32,participant
26,left_vs_right_fist_imagery,csp_4_empirical,False,0.6160714285714285,0.5625,0.5,0.7857142857142857,0.2857142857142857,2,0.6160714285714286,0.6222222222222222,0.6153846153846154,0.6051587301587301,0.7083333333333334,0.5238095238095238,17,7,10,11,45,45,participant
26,left_vs_right_fist_imagery,csp_4_empirical,True,0.6607142857142857,0.5416666666666667,0.8333333333333333,0.6071428571428572,0.2916666666666665,3,0.6761133603238867,0.6875,0.6761133603238867,0.7246963562753037,0.7368421052631579,0.6153846153846154,14,5,5,8,32,32,participant
27,left_vs_right_fist_imagery,spectral_baseline_6,False,0.6190476190476191,0.5982142857142857,0.6696428571428572,0.5892857142857143,0.0803571428571429,3,0.6205533596837944,0.6222222222222222,0.6192135390741662,0.6106719367588933,0.6956521739130435,0.5454545454545454,16,7,10,12,45,45,participant
27,left_vs_right_fist_imagery,spectral_baseline_6,True,0.36587301587301585,0.6333333333333333,0.25,0.21428571428571427,0.419047619047619,1,0.325,0.3225806451612903,0.31974921630094044,0.26249999999999996,0.4,0.25,6,9,12,4,31,31,participant
27,left_vs_right_fist_imagery,csp_4_empirical,False,0.6458333333333334,0.6696428571428572,0.5446428571428572,0.7232142857142857,0.1785714285714285,3,0.642292490118577,0.6444444444444445,0.64,0.7015810276679841,0.7391304347826086,0.5454545454545454,17,6,10,12,45,45,participant
27,left_vs_right_fist_imagery,csp_4_empirical,True,0.4698412698412698,0.43333333333333335,0.3333333333333333,0.6428571428571428,0.3095238095238095,1,0.48125,0.4838709677419355,0.4789915966386554,0.5125000000000001,0.4,0.5625,6,9,7,9,31,31,participant
28,left_vs_right_fist_imagery,spectral_baseline_6,False,0.6071428571428571,0.6517857142857143,0.3839285714285714,0.7857142857142857,0.4017857142857143,2,0.6205533596837944,0.6222222222222222,0.6192135390741662,0.6245059288537549,0.5454545454545454,0.6956521739130435,12,10,7,16,45,45,participant
28,left_vs_right_fist_imagery,spectral_baseline_6,True,0.5942460317460317,0.625,0.3839285714285714,0.7738095238095238,0.38988095238095244,2,0.5977272727272727,0.5952380952380952,0.595008508224617,0.6545454545454545,0.5454545454545454,0.65,12,10,7,13,42,42,participant
28,left_vs_right_fist_imagery,csp_4_empirical,False,0.4047619047619048,0.39285714285714285,0.4107142857142857,0.4107142857142857,0.01785714285714285,0,0.4031620553359684,0.4,0.3891402714932127,0.3952569169960474,0.5454545454545454,0.2608695652173913,12,10,17,6,45,45,participant
28,left_vs_right_fist_imagery,csp_4_empirical,True,0.4156746031746032,0.3958333333333333,0.48214285714285715,0.369047619047619,0.11309523809523814,0,0.4181818181818182,0.42857142857142855,0.3942307692307692,0.4113636363636364,0.6363636363636364,0.2,14,8,16,4,42,42,participant
29,left_vs_right_fist_imagery,spectral_baseline_6,False,0.8690476190476191,0.8571428571428572,0.875,0.875,0.017857142857142794,3,0.8656126482213439,0.8666666666666667,0.8660714285714286,0.8992094861660079,0.9130434782608695,0.8181818181818182,21,2,4,18,45,45,participant
29,left_vs_right_fist_imagery,spectral_baseline_6,True,0.8107142857142856,0.8571428571428572,0.7,0.875,0.17500000000000004,3,0.8301435406698565,0.8292682926829268,0.8288610614192009,0.8851674641148325,0.8421052631578947,0.8181818181818182,16,3,4,18,41,41,participant
29,left_vs_right_fist_imagery,csp_4_empirical,False,1.0,1.0,1.0,1.0,0.0,3,1.0,1.0,1.0,1.0,1.0,1.0,23,0,0,22,45,45,participant
29,left_vs_right_fist_imagery,csp_4_empirical,True,1.0,1.0,1.0,1.0,0.0,3,1.0,1.0,1.0,1.0,1.0,1.0,19,0,0,22,41,41,participant
30,left_vs_right_fist_imagery,spectral_baseline_6,False,0.4613095238095239,0.33035714285714285,0.5892857142857143,0.4642857142857143,0.25892857142857145,1,0.4613095238095238,0.4666666666666667,0.46,0.41269841269841273,0.5416666666666666,0.38095238095238093,13,11,13,8,45,45,participant
30,left_vs_right_fist_imagery,spectral_baseline_6,True,0.4603174603174603,0.41666666666666663,0.5,0.4642857142857143,0.08333333333333337,0,0.46875,0.4722222222222222,0.46853146853146854,0.44687499999999997,0.5,0.4375,10,10,9,7,36,36,participant
30,left_vs_right_fist_imagery,csp_4_empirical,False,0.431547619047619,0.4107142857142857,0.49107142857142855,0.39285714285714285,0.0982142857142857,0,0.43154761904761907,0.4222222222222222,0.415,0.45833333333333326,0.2916666666666667,0.5714285714285714,7,17,9,12,45,45,participant
30,left_vs_right_fist_imagery,csp_4_empirical,True,0.4523809523809524,0.5833333333333334,0.2857142857142857,0.48809523809523814,0.29761904761904767,1,0.41875,0.3888888888888889,0.35714285714285715,0.46875,0.15,0.6875,3,17,5,11,36,36,participant
31,left_vs_right_fist_imagery,spectral_baseline_6,False,0.6041666666666666,0.5446428571428572,0.6071428571428572,0.6607142857142857,0.11607142857142849,3,0.5988142292490118,0.6,0.5982142857142857,0.741106719367589,0.5454545454545454,0.6521739130434783,12,10,8,15,45,45,participant
31,left_vs_right_fist_imagery,spectral_baseline_6,True,0.625,0.6071428571428572,0.6696428571428572,0.5982142857142857,0.07142857142857151,3,0.6260869565217391,0.627906976744186,0.6260869565217391,0.7565217391304349,0.6,0.6521739130434783,12,8,8,15,43,43,participant
31,left_vs_right_fist_imagery,csp_4_empirical,False,0.8898809523809524,0.7946428571428572,0.9375,0.9375,0.1428571428571428,3,0.8903162055335969,0.8888888888888888,0.8886689757545769,0.9466403162055336,0.9545454545454546,0.8260869565217391,21,1,4,19,45,45,participant
31,left_vs_right_fist_imagery,csp_4_empirical,True,0.8561507936507936,0.7738095238095238,0.8571428571428572,0.9375,0.16369047619047616,3,0.8597826086956522,0.8604651162790697,0.8597826086956522,0.9456521739130435,0.85,0.8695652173913043,17,3,3,20,43,43,participant
32,left_vs_right_fist_imagery,spectral_baseline_6,False,0.5535714285714286,0.6517857142857143,0.4642857142857143,0.5446428571428572,0.1875,2,0.5535714285714286,0.5555555555555556,0.5535714285714286,0.6051587301587302,0.5238095238095238,0.5833333333333334,11,10,10,14,45,45,participant
32,left_vs_right_fist_imagery,spectral_baseline_6,True,0.6567460317460317,0.7083333333333333,0.6428571428571428,0.6190476190476191,0.08928571428571419,3,0.6602870813397129,0.6585365853658537,0.6583333333333333,0.7248803827751196,0.6842105263157895,0.6363636363636364,13,6,8,14,41,41,participant
32,left_vs_right_fist_imagery,csp_4_empirical,False,0.5238095238095237,0.5,0.5357142857142857,0.5357142857142857,0.0357142857142857,2,0.5238095238095238,0.5111111111111111,0.4989878542510121,0.5476190476190477,0.7142857142857143,0.3333333333333333,15,6,16,8,45,45,participant
32,left_vs_right_fist_imagery,csp_4_empirical,True,0.5109126984126985,0.4375,0.42857142857142855,0.6666666666666666,0.23809523809523808,1,0.5215311004784688,0.5365853658536586,0.5072738772928527,0.5023923444976077,0.3157894736842105,0.7272727272727273,6,13,6,16,41,41,participant
33,left_vs_right_fist_imagery,spectral_baseline_6,False,0.6428571428571429,0.6071428571428572,0.45535714285714285,0.8660714285714286,0.41071428571428575,2,0.6442687747035574,0.6444444444444445,0.6442687747035574,0.7371541501976284,0.6521739130434783,0.6363636363636364,15,8,8,14,45,45,participant
33,left_vs_right_fist_imagery,spectral_baseline_6,True,0.6805555555555555,0.7083333333333333,0.5,0.8333333333333333,0.33333333333333326,2,0.6654411764705883,0.6666666666666666,0.6654377880184332,0.7352941176470589,0.7058823529411765,0.625,12,5,6,10,33,33,participant
33,left_vs_right_fist_imagery,csp_4_empirical,False,0.755952380952381,0.7321428571428572,0.6696428571428572,0.8660714285714286,0.1964285714285714,3,0.7559288537549407,0.7555555555555555,0.7555555555555555,0.8517786561264822,0.7391304347826086,0.7727272727272727,17,6,5,17,45,45,participant
33,left_vs_right_fist_imagery,csp_4_empirical,True,0.6888888888888888,0.8333333333333333,0.6666666666666666,0.5666666666666667,0.2666666666666666,3,0.6654411764705883,0.6666666666666666,0.6654377880184332,0.7647058823529411,0.7058823529411765,0.625,12,5,6,10,33,33,participant
34,left_vs_right_fist_imagery,spectral_baseline_6,False,0.7380952380952381,0.7857142857142857,0.5714285714285714,0.8571428571428572,0.2857142857142858,3,0.7380952380952381,0.7380952380952381,0.7379466817923993,0.7891156462585034,0.7619047619047619,0.7142857142857143,16,5,6,15,42,42,participant
34,left_vs_right_fist_imagery,spectral_baseline_6,True,0.6777777777777777,0.7333333333333334,0.4666666666666667,0.8333333333333333,0.3666666666666666,2,0.6651785714285714,0.6666666666666666,0.6651785714285714,0.7410714285714286,0.6875,0.6428571428571429,11,5,5,9,30,30,participant
34,left_vs_right_fist_imagery,csp_4_empirical,False,0.6904761904761904,0.7142857142857143,0.7142857142857143,0.6428571428571428,0.07142857142857151,3,0.6904761904761905,0.6904761904761905,0.6888888888888889,0.8140589569160999,0.6190476190476191,0.7619047619047619,13,8,5,16,42,42,participant
34,left_vs_right_fist_imagery,csp_4_empirical,True,0.7611111111111111,0.8,0.75,0.7333333333333334,0.06666666666666665,3,0.7321428571428572,0.7333333333333333,0.7321428571428572,0.8616071428571428,0.75,0.7142857142857143,12,4,4,10,30,30,participant
35,left_vs_right_fist_imagery,spectral_baseline_6,False,0.5982142857142857,0.7232142857142857,0.5982142857142857,0.4732142857142857,0.25,2,0.6017786561264822,0.6,0.5982142857142857,0.6778656126482214,0.6818181818181818,0.5217391304347826,15,7,11,12,45,45,participant
35,left_vs_right_fist_imagery,spectral_baseline_6,True,0.5416666666666666,0.5416666666666666,0.5625,0.5208333333333333,0.04166666666666674,3,0.5522727272727272,0.5476190476190477,0.5452991452991452,0.5636363636363637,0.65,0.45454545454545453,13,7,12,10,42,42,participant
35,left_vs_right_fist_imagery,csp_4_empirical,False,0.6934523809523809,0.5,0.6428571428571428,0.9375,0.4375,2,0.682806324110672,0.6888888888888889,0.6605603448275862,0.6996047430830039,0.4090909090909091,0.9565217391304348,9,13,1,22,45,45,participant
35,left_vs_right_fist_imagery,csp_4_empirical,True,0.7291666666666666,0.5,0.75,0.9375,0.4375,2,0.7022727272727273,0.7142857142857143,0.6888888888888889,0.6909090909090909,0.45,0.9545454545454546,9,11,1,21,42,42,participant
36,left_vs_right_fist_imagery,spectral_baseline_6,False,0.5029761904761906,0.33035714285714285,0.5892857142857143,0.5892857142857143,0.25892857142857145,2,0.5108695652173914,0.5111111111111111,0.5108695652173914,0.4644268774703557,0.5217391304347826,0.5,12,11,11,11,45,45,participant
36,left_vs_right_fist_imagery,spectral_baseline_6,True,0.6107142857142858,0.4,0.575,0.8571428571428572,0.4571428571428572,2,0.625,0.6285714285714286,0.6236559139784946,0.52,0.6,0.65,9,6,7,13,35,35,participant
36,left_vs_right_fist_imagery,csp_4_empirical,False,0.5684523809523809,0.5803571428571428,0.4107142857142857,0.7142857142857143,0.3035714285714286,2,0.5721343873517787,0.5777777777777777,0.5454545454545454,0.6185770750988142,0.8260869565217391,0.3181818181818182,19,4,15,7,45,45,participant
36,left_vs_right_fist_imagery,csp_4_empirical,True,0.39285714285714285,0.2,0.55,0.42857142857142855,0.35000000000000003,1,0.4,0.42857142857142855,0.3881118881118881,0.44666666666666666,0.2,0.6,3,12,8,12,35,35,participant
37,left_vs_right_fist_imagery,spectral_baseline_6,False,0.5238095238095237,0.5714285714285714,0.7142857142857142,0.2857142857142857,0.4285714285714285,2,0.5238095238095238,0.5238095238095238,0.5238095238095238,0.4693877551020408,0.5238095238095238,0.5238095238095238,11,10,10,11,42,42,participant
37,left_vs_right_fist_imagery,spectral_baseline_6,True,0.4615079365079365,0.6166666666666667,0.5178571428571428,0.25,0.3666666666666667,2,0.5166666666666666,0.5172413793103449,0.5166666666666666,0.5476190476190477,0.5,0.5333333333333333,7,7,7,8,29,29,participant
37,left_vs_right_fist_imagery,csp_4_empirical,False,0.5238095238095238,0.5714285714285714,0.5,0.5,0.0714285714285714,1,0.5238095238095237,0.5238095238095238,0.5138888888888888,0.5396825396825397,0.6666666666666666,0.38095238095238093,14,7,13,8,42,42,participant
37,left_vs_right_fist_imagery,csp_4_empirical,True,0.4444444444444445,0.4166666666666667,0.5,0.4166666666666667,0.08333333333333331,0,0.47857142857142854,0.4827586206896552,0.4727272727272727,0.5285714285714286,0.35714285714285715,0.6,5,9,6,9,29,29,participant
38,left_vs_right_fist_imagery,spectral_baseline_6,False,0.5267857142857143,0.4642857142857143,0.5982142857142857,0.5178571428571428,0.1339285714285714,2,0.5345849802371542,0.5333333333333333,0.5324096981692232,0.5573122529644269,0.4782608695652174,0.5909090909090909,11,12,9,13,45,45,participant
38,left_vs_right_fist_imagery,spectral_baseline_6,True,0.6089285714285714,0.6696428571428572,0.6333333333333333,0.5238095238095238,0.14583333333333337,3,0.6171052631578948,0.6153846153846154,0.6143704680290046,0.6447368421052632,0.55,0.6842105263157895,11,9,6,13,39,39,participant
38,left_vs_right_fist_imagery,csp_4_empirical,False,0.613095238095238,0.6875,0.5803571428571428,0.5714285714285714,0.1160714285714286,3,0.6254940711462451,0.6222222222222222,0.6153846153846154,0.6482213438735177,0.4782608695652174,0.7727272727272727,11,12,5,17,45,45,participant
38,left_vs_right_fist_imagery,csp_4_empirical,True,0.5875,0.5625,0.7,0.5,0.19999999999999996,2,0.5960526315789474,0.5897435897435898,0.5666666666666667,0.6105263157894737,0.35,0.8421052631578947,7,13,3,16,39,39,participant
39,left_vs_right_fist_imagery,spectral_baseline_6,False,0.6696428571428572,0.6517857142857143,0.6875,0.6696428571428572,0.0357142857142857,3,0.6669960474308301,0.6666666666666666,0.6666666666666666,0.624505928853755,0.6521739130434783,0.6818181818181818,15,8,7,15,45,45,participant
39,left_vs_right_fist_imagery,spectral_baseline_6,True,0.6815476190476191,0.6875,0.6875,0.6696428571428572,0.017857142857142794,3,0.6760869565217391,0.6744186046511628,0.6742424242424242,0.6065217391304348,0.6521739130434783,0.7,15,8,6,14,43,43,participant
39,left_vs_right_fist_imagery,csp_4_empirical,False,0.5773809523809524,0.5,0.7321428571428572,0.5,0.2321428571428572,1,0.5553359683794465,0.5555555555555556,0.5553359683794465,0.5019762845849802,0.5652173913043478,0.5454545454545454,13,10,10,12,45,45,participant
39,left_vs_right_fist_imagery,csp_4_empirical,True,0.5138888888888888,0.5,0.5416666666666666,0.5,0.04166666666666663,1,0.4826086956521739,0.4883720930232558,0.481359649122807,0.5152173913043478,0.5652173913043478,0.4,13,10,12,8,43,43,participant
40,left_vs_right_fist_imagery,spectral_baseline_6,False,0.37202380952380953,0.5892857142857143,0.20535714285714285,0.3214285714285714,0.38392857142857145,1,0.37202380952380953,0.37777777777777777,0.37,0.3650793650793651,0.2857142857142857,0.4583333333333333,6,15,13,11,45,45,participant
40,left_vs_right_fist_imagery,spectral_baseline_6,True,0.3833333333333333,0.34285714285714286,0.25,0.5571428571428572,0.30714285714285716,1,0.3875,0.3888888888888889,0.38699690402476783,0.35625,0.375,0.4,6,10,12,8,36,36,participant
40,left_vs_right_fist_imagery,csp_4_empirical,False,0.5,0.5,0.5267857142857143,0.4732142857142857,0.0535714285714286,1,0.5,0.5111111111111111,0.4907407407407407,0.5297619047619048,0.3333333333333333,0.6666666666666666,7,14,8,16,45,45,participant
40,left_vs_right_fist_imagery,csp_4_empirical,True,0.623015873015873,0.5,0.5833333333333334,0.7857142857142857,0.2857142857142857,2,0.6125,0.6388888888888888,0.6017021276595744,0.571875,0.375,0.85,6,10,3,17,36,36,participant
41,left_vs_right_fist_imagery,spectral_baseline_6,False,0.619047619047619,0.7142857142857142,0.6428571428571428,0.5,0.2142857142857142,2,0.6190476190476191,0.6190476190476191,0.6190476190476191,0.6802721088435374,0.6190476190476191,0.6190476190476191,13,8,8,13,42,42,participant
41,left_vs_right_fist_imagery,spectral_baseline_6,True,0.5976190476190476,0.65,0.6428571428571428,0.5,0.15000000000000002,2,0.5894736842105264,0.5897435897435898,0.5894736842105264,0.6289473684210527,0.6,0.5789473684210527,12,8,8,11,39,39,participant
41,left_vs_right_fist_imagery,csp_4_empirical,False,0.4761904761904762,0.42857142857142855,0.5,0.5,0.07142857142857145,0,0.47619047619047616,0.47619047619047616,0.4296296296296296,0.5215419501133787,0.7619047619047619,0.19047619047619047,16,5,17,4,42,42,participant
41,left_vs_right_fist_imagery,csp_4_empirical,True,0.4523809523809524,0.5,0.2857142857142857,0.5714285714285714,0.2857142857142857,1,0.45263157894736844,0.46153846153846156,0.3818867924528302,0.631578947368421,0.8,0.10526315789473684,16,4,17,2,39,39,participant
42,left_vs_right_fist_imagery,spectral_baseline_6,False,0.6190476190476191,0.5892857142857143,0.6607142857142857,0.6071428571428572,0.0714285714285714,3,0.6225296442687747,0.6222222222222222,0.6222222222222222,0.5928853754940712,0.6363636363636364,0.6086956521739131,14,8,9,14,45,45,participant
42,left_vs_right_fist_imagery,spectral_baseline_6,True,0.5873015873015873,0.5892857142857143,0.6309523809523809,0.5416666666666666,0.0892857142857143,3,0.575,0.5789473684210527,0.5742296918767507,0.5194444444444445,0.5,0.65,9,9,7,13,38,38,participant
42,left_vs_right_fist_imagery,csp_4_empirical,False,0.7797619047619048,0.8571428571428572,0.8660714285714286,0.6160714285714286,0.25,3,0.7786561264822134,0.7777777777777778,0.7776679841897234,0.8102766798418972,0.8181818181818182,0.7391304347826086,18,4,6,17,45,45,participant
42,left_vs_right_fist_imagery,csp_4_empirical,True,0.6944444444444443,0.7142857142857143,0.7023809523809523,0.6666666666666666,0.04761904761904767,3,0.6805555555555556,0.6842105263157895,0.680672268907563,0.7166666666666668,0.6111111111111112,0.75,11,7,5,15,38,38,participant
43,left_vs_right_fist_imagery,spectral_baseline_6,False,0.5267857142857143,0.5625,0.5625,0.45535714285714285,0.10714285714285715,2,0.5098814229249011,0.5111111111111111,0.5089285714285714,0.5276679841897233,0.5652173913043478,0.45454545454545453,13,10,12,10,45,45,participant
43,left_vs_right_fist_imagery,spectral_baseline_6,True,0.5337301587301587,0.5833333333333334,0.5625,0.45535714285714285,0.12797619047619052,2,0.5,0.5,0.49965349965349964,0.49166666666666664,0.5,0.5,9,9,10,10,38,38,participant
43,left_vs_right_fist_imagery,csp_4_empirical,False,0.44940476190476186,0.49107142857142855,0.4107142857142857,0.4464285714285714,0.08035714285714285,0,0.44367588932806323,0.4444444444444444,0.44334487877288475,0.5355731225296443,0.4782608695652174,0.4090909090909091,11,12,13,9,45,45,participant
43,left_vs_right_fist_imagery,csp_4_empirical,True,0.5236111111111111,0.6333333333333333,0.375,0.5625,0.2583333333333333,2,0.5166666666666666,0.5263157894736842,0.5043478260869565,0.5444444444444445,0.3333333333333333,0.7,6,12,6,14,38,38,participant
44,left_vs_right_fist_imagery,spectral_baseline_6,False,0.5446428571428571,0.5089285714285714,0.6696428571428572,0.45535714285714285,0.21428571428571436,2,0.5543478260869565,0.5555555555555556,0.5535714285714286,0.549407114624506,0.5,0.6086956521739131,11,11,9,14,45,45,participant
44,left_vs_right_fist_imagery,spectral_baseline_6,True,0.45634920634920634,0.4375,0.5357142857142857,0.3958333333333333,0.13988095238095238,1,0.4977272727272727,0.5,0.49743589743589745,0.5681818181818181,0.45,0.5454545454545454,9,11,10,12,42,42,participant
44,left_vs_right_fist_imagery,csp_4_empirical,False,0.5476190476190476,0.5178571428571428,0.4732142857142857,0.6517857142857143,0.1785714285714286,2,0.5563241106719368,0.5555555555555556,0.5553359683794465,0.6422924901185771,0.5909090909090909,0.5217391304347826,13,9,11,12,45,45,participant
44,left_vs_right_fist_imagery,csp_4_empirical,True,0.5382936507936508,0.475,0.4732142857142857,0.6666666666666667,0.19345238095238104,1,0.5431818181818182,0.5476190476190477,0.5411155836687751,0.5386363636363636,0.45,0.6363636363636364,9,11,8,14,42,42,participant
45,left_vs_right_fist_imagery,spectral_baseline_6,False,0.4791666666666667,0.3392857142857143,0.5446428571428572,0.5535714285714286,0.2142857142857143,2,0.46640316205533594,0.4666666666666667,0.46640316205533594,0.40513833992094866,0.4782608695652174,0.45454545454545453,11,12,12,10,45,45,participant
45,left_vs_right_fist_imagery,spectral_baseline_6,True,0.5404761904761904,0.375,0.675,0.5714285714285714,0.30000000000000004,2,0.5666666666666667,0.5666666666666667,0.5661846496106786,0.5688888888888889,0.6,0.5333333333333333,9,6,7,8,30,30,participant
45,left_vs_right_fist_imagery,csp_4_empirical,False,0.5654761904761906,0.49107142857142855,0.5446428571428572,0.6607142857142857,0.16964285714285715,2,0.5602766798418972,0.5555555555555556,0.537037037037037,0.5849802371541502,0.34782608695652173,0.7727272727272727,8,15,5,17,45,45,participant
45,left_vs_right_fist_imagery,csp_4_empirical,True,0.5333333333333333,0.5,0.6,0.5,0.09999999999999998,1,0.5,0.5,0.4857142857142857,0.5111111111111111,0.3333333333333333,0.6666666666666666,5,10,5,10,30,30,participant
46,left_vs_right_fist_imagery,spectral_baseline_6,False,0.5297619047619048,0.6160714285714286,0.4732142857142857,0.5,0.1428571428571429,1,0.5306324110671937,0.5333333333333333,0.5248868778280543,0.5138339920948617,0.6521739130434783,0.4090909090909091,15,8,13,9,45,45,participant
46,left_vs_right_fist_imagery,spectral_baseline_6,True,0.4920634920634921,0.5119047619047619,0.25,0.7142857142857143,0.4642857142857143,2,0.5098039215686274,0.4827586206896552,0.48028673835125446,0.4901960784313726,0.35294117647058826,0.6666666666666666,6,11,4,8,29,29,participant
46,left_vs_right_fist_imagery,csp_4_empirical,False,0.4613095238095238,0.4642857142857143,0.42857142857142855,0.49107142857142855,0.0625,0,0.44367588932806323,0.4444444444444444,0.44334487877288475,0.47430830039525695,0.4782608695652174,0.4090909090909091,11,12,13,9,45,45,participant
46,left_vs_right_fist_imagery,csp_4_empirical,True,0.5515873015873015,0.5714285714285714,0.5833333333333333,0.5,0.08333333333333326,2,0.44362745098039214,0.4482758620689655,0.4423076923076923,0.38235294117647056,0.47058823529411764,0.4166666666666667,8,9,7,5,29,29,participant
47,left_vs_right_fist_imagery,spectral_baseline_6,False,0.5565476190476191,0.49107142857142855,0.5178571428571428,0.6607142857142857,0.16964285714285715,2,0.5565476190476191,0.5555555555555556,0.5553359683794465,0.6507936507936508,0.5416666666666666,0.5714285714285714,13,11,9,12,45,45,participant
47,left_vs_right_fist_imagery,spectral_baseline_6,True,0.5611111111111112,0.5833333333333334,0.5,0.6,0.09999999999999998,2,0.5300751879699248,0.5454545454545454,0.5299145299145299,0.5939849624060151,0.631578947368421,0.42857142857142855,12,7,8,6,33,33,participant
47,left_vs_right_fist_imagery,csp_4_empirical,False,0.613095238095238,0.6607142857142857,0.6607142857142857,0.5178571428571428,0.1428571428571429,3,0.6130952380952381,0.6222222222222222,0.6098929117797043,0.5654761904761905,0.75,0.47619047619047616,18,6,11,10,45,45,participant
47,left_vs_right_fist_imagery,csp_4_empirical,True,0.5111111111111111,0.3333333333333333,0.5,0.7,0.36666666666666664,1,0.518796992481203,0.5757575757575758,0.4652777777777778,0.4586466165413534,0.8947368421052632,0.14285714285714285,17,2,12,2,33,33,participant
48,left_vs_right_fist_imagery,spectral_baseline_6,False,0.6041666666666666,0.5982142857142857,0.6785714285714286,0.5357142857142857,0.1428571428571429,3,0.6017786561264822,0.6,0.5982142857142857,0.6126482213438735,0.6818181818181818,0.5217391304347826,15,7,11,12,45,45,participant
48,left_vs_right_fist_imagery,spectral_baseline_6,True,0.5202380952380952,0.5,0.5875,0.4732142857142857,0.11428571428571432,1,0.5045454545454545,0.5,0.49743589743589745,0.5636363636363636,0.6,0.4090909090909091,12,8,13,9,42,42,participant
48,left_vs_right_fist_imagery,csp_4_empirical,False,0.6845238095238096,0.6785714285714286,0.6875,0.6875,0.008928571428571397,3,0.6699604743083004,0.6666666666666666,0.660633484162896,0.6818181818181818,0.8181818181818182,0.5217391304347826,18,4,11,12,45,45,participant
48,left_vs_right_fist_imagery,csp_4_empirical,True,0.5986111111111111,0.5208333333333333,0.5875,0.6875,0.16666666666666674,3,0.5772727272727273,0.5714285714285714,0.5675057208237986,0.6136363636363636,0.7,0.45454545454545453,14,6,12,10,42,42,participant
49,left_vs_right_fist_imagery,spectral_baseline_6,False,0.3958333333333333,0.39285714285714285,0.4017857142857143,0.39285714285714285,0.008928571428571452,0,0.40019762845849804,0.4,0.4,0.40316205533596833,0.391304347826087,0.4090909090909091,9,14,13,9,45,45,participant
49,left_vs_right_fist_imagery,spectral_baseline_6,True,0.39285714285714285,0.39285714285714285,0.33035714285714285,0.45535714285714285,0.125,0,0.3923913043478261,0.3953488372093023,0.3923913043478261,0.3934782608695653,0.43478260869565216,0.35,10,13,13,7,43,43,participant
49,left_vs_right_fist_imagery,csp_4_empirical,False,0.7053571428571429,0.6785714285714286,0.8125,0.625,0.1875,3,0.691699604743083,0.6888888888888889,0.685,0.7727272727272728,0.5652173913043478,0.8181818181818182,13,10,4,18,45,45,participant
49,left_vs_right_fist_imagery,csp_4_empirical,True,0.7509920634920636,0.7619047619047619,0.7410714285714286,0.75,0.02083333333333326,3,0.7510869565217391,0.7441860465116279,0.7436314363143631,0.8108695652173913,0.6521739130434783,0.85,15,8,3,17,43,43,participant
50,left_vs_right_fist_imagery,spectral_baseline_6,False,0.574404761904762,0.45535714285714285,0.5982142857142857,0.6696428571428572,0.21428571428571436,2,0.5790513833992095,0.5777777777777777,0.5769421078673924,0.5375494071146245,0.5217391304347826,0.6363636363636364,12,11,8,14,45,45,participant
50,left_vs_right_fist_imagery,spectral_baseline_6,True,0.375,0.375,0.2857142857142857,0.4642857142857143,0.1785714285714286,0,0.375,0.3888888888888889,0.37142857142857144,0.41875,0.25,0.5,4,12,10,10,36,36,participant
50,left_vs_right_fist_imagery,csp_4_empirical,False,0.5029761904761905,0.4017857142857143,0.5178571428571428,0.5892857142857143,0.1875,2,0.5079051383399209,0.5111111111111111,0.4989878542510121,0.5988142292490118,0.6521739130434783,0.36363636363636365,15,8,14,8,45,45,participant
50,left_vs_right_fist_imagery,csp_4_empirical,True,0.38888888888888884,0.41666666666666663,0.38095238095238093,0.369047619047619,0.047619047619047616,0,0.38125,0.3888888888888889,0.38125,0.36875,0.3125,0.45,5,11,11,9,36,36,participant
51,left_vs_right_fist_imagery,spectral_baseline_6,False,0.4761904761904762,0.5,0.5,0.42857142857142855,0.07142857142857145,0,0.47619047619047616,0.47619047619047616,0.4652777777777778,0.4308390022675737,0.3333333333333333,0.6190476190476191,7,14,8,13,42,42,participant
51,left_vs_right_fist_imagery,spectral_baseline_6,True,0.3650793650793651,0.5,0.23809523809523808,0.3571428571428571,0.2619047619047619,0,0.3416666666666667,0.34285714285714286,0.34070434070434075,0.3566666666666667,0.35,0.3333333333333333,7,13,10,5,35,35,participant
51,left_vs_right_fist_imagery,csp_4_empirical,False,0.4761904761904762,0.5,0.5,0.42857142857142855,0.07142857142857145,0,0.47619047619047616,0.47619047619047616,0.475,0.43764172335600904,0.42857142857142855,0.5238095238095238,9,12,10,11,42,42,participant
51,left_vs_right_fist_imagery,csp_4_empirical,True,0.5833333333333334,0.5,0.6071428571428572,0.6428571428571428,0.1428571428571428,2,0.6583333333333333,0.6571428571428571,0.6546052631578947,0.6966666666666667,0.65,0.6666666666666666,13,7,5,10,35,35,participant
52,left_vs_right_fist_imagery,spectral_baseline_6,False,0.5892857142857143,0.4464285714285714,0.39285714285714285,0.9285714285714286,0.5357142857142858,1,0.5892857142857143,0.6,0.5833333333333333,0.5793650793650794,0.75,0.42857142857142855,18,6,12,9,45,45,participant
52,left_vs_right_fist_imagery,spectral_baseline_6,True,0.4365079365079365,0.29166666666666663,0.39285714285714285,0.625,0.33333333333333337,1,0.45915032679738566,0.45714285714285713,0.45536445536445536,0.6078431372549019,0.3888888888888889,0.5294117647058824,7,11,8,9,35,35,participant
52,left_vs_right_fist_imagery,csp_4_empirical,False,0.6160714285714285,0.6607142857142857,0.5892857142857143,0.5982142857142857,0.0714285714285714,3,0.6160714285714286,0.6222222222222222,0.6153846153846154,0.751984126984127,0.7083333333333334,0.5238095238095238,17,7,10,11,45,45,participant
52,left_vs_right_fist_imagery,csp_4_empirical,True,0.6537698412698413,0.5833333333333333,0.6696428571428572,0.7083333333333333,0.125,3,0.6568627450980392,0.6571428571428571,0.6568627450980392,0.6764705882352942,0.6666666666666666,0.6470588235294118,12,6,6,11,35,35,participant
53,left_vs_right_fist_imagery,spectral_baseline_6,False,0.5297619047619048,0.4464285714285714,0.4732142857142857,0.6696428571428572,0.2232142857142858,1,0.5316205533596838,0.5333333333333333,0.5296167247386759,0.5790513833992095,0.45454545454545453,0.6086956521739131,10,12,9,14,45,45,participant
53,left_vs_right_fist_imagery,spectral_baseline_6,True,0.48313492063492064,0.4285714285714286,0.375,0.6458333333333333,0.27083333333333326,1,0.47619047619047616,0.47619047619047616,0.475,0.5056689342403629,0.42857142857142855,0.5238095238095238,9,12,10,11,42,42,participant
53,left_vs_right_fist_imagery,csp_4_empirical,False,0.7976190476190478,0.7232142857142857,0.9285714285714286,0.7410714285714286,0.2053571428571429,3,0.7974308300395256,0.8,0.7963800904977376,0.9090909090909091,0.6818181818181818,0.9130434782608695,15,7,2,21,45,45,participant
53,left_vs_right_fist_imagery,csp_4_empirical,True,0.8005952380952381,0.7142857142857143,1.0,0.6875,0.3125,3,0.7857142857142857,0.7857142857142857,0.7754010695187166,0.8684807256235827,0.5714285714285714,1.0,12,9,0,21,42,42,participant
54,left_vs_right_fist_imagery,spectral_baseline_6,False,0.7410714285714285,0.6428571428571428,0.7142857142857143,0.8660714285714286,0.2232142857142858,3,0.7549407114624507,0.7555555555555555,0.7550717466600693,0.7766798418972333,0.782608695652174,0.7272727272727273,18,5,6,16,45,45,participant
54,left_vs_right_fist_imagery,spectral_baseline_6,True,0.6464285714285715,0.6,0.7142857142857143,0.625,0.11428571428571432,3,0.63125,0.6388888888888888,0.6317859952793077,0.6781250000000001,0.7,0.5625,14,6,7,9,36,36,participant
54,left_vs_right_fist_imagery,csp_4_empirical,False,0.7619047619047619,0.7142857142857143,0.7857142857142857,0.7857142857142857,0.0714285714285714,3,0.775691699604743,0.7777777777777778,0.775,0.8142292490118578,0.8695652173913043,0.6818181818181818,20,3,7,15,45,45,participant
54,left_vs_right_fist_imagery,csp_4_empirical,True,0.7591269841269842,0.7,0.7857142857142857,0.7916666666666667,0.09166666666666679,3,0.75625,0.75,0.7498069498069498,0.809375,0.7,0.8125,14,6,3,13,36,36,participant
55,left_vs_right_fist_imagery,spectral_baseline_6,False,0.6904761904761904,0.5982142857142857,0.6696428571428572,0.8035714285714286,0.2053571428571429,3,0.6887351778656126,0.6888888888888889,0.6887351778656126,0.7944664031620553,0.6956521739130435,0.6818181818181818,16,7,7,15,45,45,participant
55,left_vs_right_fist_imagery,spectral_baseline_6,True,0.6904761904761904,0.5982142857142857,0.6696428571428572,0.8035714285714286,0.2053571428571429,3,0.6887351778656126,0.6888888888888889,0.6887351778656126,0.7944664031620553,0.6956521739130435,0.6818181818181818,16,7,7,15,45,45,participant
55,left_vs_right_fist_imagery,csp_4_empirical,False,0.7886904761904762,0.6428571428571428,1.0,0.7232142857142857,0.3571428571428572,3,0.7984189723320159,0.8,0.7984071677451469,0.8438735177865613,0.8695652173913043,0.7272727272727273,20,3,6,16,45,45,participant
55,left_vs_right_fist_imagery,csp_4_empirical,True,0.7886904761904762,0.6428571428571428,1.0,0.7232142857142857,0.3571428571428572,3,0.7984189723320159,0.8,0.7984071677451469,0.8438735177865613,0.8695652173913043,0.7272727272727273,20,3,6,16,45,45,participant
56,left_vs_right_fist_imagery,spectral_baseline_6,False,0.3988095238095238,0.19642857142857142,0.48214285714285715,0.5178571428571428,0.3214285714285714,1,0.4031620553359684,0.4,0.3891402714932127,0.34980237154150196,0.5454545454545454,0.2608695652173913,12,10,17,6,45,45,participant
56,left_vs_right_fist_imagery,spectral_baseline_6,True,0.3339285714285714,0.24285714285714285,0.5,0.2589285714285714,0.2571428571428571,0,0.3214285714285714,0.3333333333333333,0.31114130434782605,0.30158730158730157,0.47619047619047616,0.16666666666666666,10,11,15,3,39,39,participant
56,left_vs_right_fist_imagery,csp_4_empirical,False,0.8303571428571429,0.9285714285714286,0.8125,0.75,0.1785714285714286,3,0.8211462450592886,0.8222222222222222,0.8214285714285714,0.924901185770751,0.7727272727272727,0.8695652173913043,17,5,3,20,45,45,participant
56,left_vs_right_fist_imagery,csp_4_empirical,True,0.7831349206349206,0.8285714285714285,0.8333333333333333,0.6875,0.14583333333333326,3,0.7738095238095238,0.7692307692307693,0.7692307692307693,0.8783068783068783,0.7142857142857143,0.8333333333333334,15,6,3,15,39,39,participant
57,left_vs_right_fist_imagery,spectral_baseline_6,False,0.6011904761904763,0.7232142857142857,0.6160714285714286,0.4642857142857143,0.2589285714285714,2,0.6011904761904763,0.6,0.599802371541502,0.6448412698412699,0.5833333333333334,0.6190476190476191,14,10,8,13,45,45,participant
57,left_vs_right_fist_imagery,spectral_baseline_6,True,0.5293650793650794,0.6000000000000001,0.5357142857142857,0.45238095238095233,0.14761904761904776,2,0.5222222222222221,0.5263157894736842,0.5210084033613445,0.55,0.6,0.4444444444444444,12,8,10,8,38,38,participant
57,left_vs_right_fist_imagery,csp_4_empirical,False,0.4702380952380952,0.3482142857142857,0.48214285714285715,0.5803571428571428,0.2321428571428571,1,0.47023809523809523,0.4666666666666667,0.46640316205533594,0.4920634920634921,0.4166666666666667,0.5238095238095238,10,14,10,11,45,45,participant
57,left_vs_right_fist_imagery,csp_4_empirical,True,0.45416666666666666,0.3,0.5625,0.5,0.2625,1,0.4777777777777778,0.47368421052631576,0.4722222222222222,0.4111111111111111,0.4,0.5555555555555556,8,12,8,10,38,38,participant
58,left_vs_right_fist_imagery,spectral_baseline_6,False,0.48214285714285704,0.45535714285714285,0.5178571428571428,0.4732142857142857,0.062499999999999944,1,0.48214285714285715,0.4888888888888889,0.4796380090497738,0.5833333333333334,0.5833333333333334,0.38095238095238093,14,10,13,8,45,45,participant
58,left_vs_right_fist_imagery,spectral_baseline_6,True,0.5434523809523809,0.45535714285714285,0.675,0.5,0.2196428571428572,1,0.5210084033613445,0.5263157894736842,0.5210084033613445,0.5994397759103641,0.5714285714285714,0.47058823529411764,12,9,9,8,38,38,participant
58,left_vs_right_fist_imagery,csp_4_empirical,False,0.5208333333333334,0.5,0.49107142857142855,0.5714285714285714,0.08035714285714285,1,0.5208333333333333,0.5111111111111111,0.505,0.5119047619047619,0.375,0.6666666666666666,9,15,7,14,45,45,participant
58,left_vs_right_fist_imagery,csp_4_empirical,True,0.5763888888888888,0.5625,0.5,0.6666666666666666,0.16666666666666663,2,0.5966386554621849,0.5789473684210527,0.5742296918767507,0.6330532212885154,0.42857142857142855,0.7647058823529411,9,12,4,13,38,38,participant
59,left_vs_right_fist_imagery,spectral_baseline_6,False,0.41964285714285704,0.5803571428571428,0.20535714285714285,0.4732142857142857,0.37499999999999994,1,0.4196428571428571,0.4222222222222222,0.4196428571428571,0.45436507936507936,0.4583333333333333,0.38095238095238093,11,13,13,8,45,45,participant
59,left_vs_right_fist_imagery,spectral_baseline_6,True,0.5773809523809524,0.6904761904761905,0.625,0.41666666666666663,0.27380952380952384,2,0.5907738095238095,0.5945945945945946,0.5898004434589801,0.5327380952380953,0.6190476190476191,0.5625,13,8,7,9,37,37,participant
59,left_vs_right_fist_imagery,csp_4_empirical,False,0.48214285714285715,0.4375,0.5267857142857143,0.48214285714285715,0.0892857142857143,1,0.48214285714285715,0.4888888888888889,0.4796380090497738,0.45833333333333337,0.5833333333333334,0.38095238095238093,14,10,13,8,45,45,participant
59,left_vs_right_fist_imagery,csp_4_empirical,True,0.5277777777777777,0.5,0.5416666666666666,0.5416666666666666,0.04166666666666663,2,0.5342261904761905,0.5135135135135135,0.5102941176470588,0.5505952380952381,0.38095238095238093,0.6875,8,13,5,11,37,37,participant
60,left_vs_right_fist_imagery,spectral_baseline_6,False,0.6696428571428571,0.5267857142857143,0.6785714285714286,0.8035714285714286,0.2767857142857143,3,0.6689723320158103,0.6666666666666666,0.6640119462419114,0.6798418972332017,0.5652173913043478,0.7727272727272727,13,10,5,17,45,45,participant
60,left_vs_right_fist_imagery,spectral_baseline_6,True,0.630357142857143,0.5267857142857143,0.6309523809523809,0.7333333333333334,0.2065476190476191,3,0.6131578947368421,0.6153846153846154,0.6112956810631229,0.6578947368421053,0.5263157894736842,0.7,10,9,6,14,39,39,participant
60,left_vs_right_fist_imagery,csp_4_empirical,False,0.7708333333333334,0.7857142857142857,0.6607142857142857,0.8660714285714286,0.2053571428571429,3,0.7786561264822134,0.7777777777777778,0.7776679841897234,0.8300395256916996,0.7391304347826086,0.8181818181818182,17,6,4,18,45,45,participant
60,left_vs_right_fist_imagery,csp_4_empirical,True,0.7777777777777778,0.8571428571428572,0.5595238095238095,0.9166666666666667,0.3571428571428572,3,0.7657894736842106,0.7692307692307693,0.7636363636363637,0.8342105263157895,0.631578947368421,0.9,12,7,2,18,39,39,participant
61,left_vs_right_fist_imagery,spectral_baseline_6,False,0.3958333333333333,0.45535714285714285,0.33035714285714285,0.4017857142857143,0.125,0,0.39920948616600793,0.4,0.39881246907471546,0.4169960474308301,0.36363636363636365,0.43478260869565216,8,14,13,10,45,45,participant
61,left_vs_right_fist_imagery,spectral_baseline_6,True,0.37996031746031744,0.45535714285714285,0.33035714285714285,0.35416666666666663,0.125,0,0.38405797101449274,0.38636363636363635,0.3834976647638817,0.38095238095238093,0.3333333333333333,0.43478260869565216,7,14,13,10,44,44,participant
61,left_vs_right_fist_imagery,csp_4_empirical,False,0.6488095238095238,0.5446428571428572,0.7321428571428572,0.6696428571428572,0.1875,3,0.6462450592885376,0.6444444444444445,0.6428571428571428,0.6660079051383399,0.7272727272727273,0.5652173913043478,16,6,10,13,45,45,participant
61,left_vs_right_fist_imagery,csp_4_empirical,True,0.6617063492063492,0.6785714285714286,0.6607142857142857,0.6458333333333333,0.032738095238095344,3,0.6635610766045548,0.6590909090909091,0.6574987026466009,0.7039337474120084,0.7619047619047619,0.5652173913043478,16,5,10,13,44,44,participant
62,left_vs_right_fist_imagery,spectral_baseline_6,False,0.6279761904761904,0.6428571428571428,0.5803571428571428,0.6607142857142857,0.0803571428571429,3,0.6442687747035574,0.6444444444444445,0.6442687747035574,0.658102766798419,0.6521739130434783,0.6363636363636364,15,8,8,14,45,45,participant
62,left_vs_right_fist_imagery,spectral_baseline_6,True,0.514484126984127,0.6,0.5416666666666666,0.4017857142857143,0.19821428571428568,2,0.4953560371517028,0.5,0.49375,0.4582043343653251,0.4117647058823529,0.5789473684210527,7,10,8,11,36,36,participant
62,left_vs_right_fist_imagery,csp_4_empirical,False,0.9553571428571429,1.0,0.9285714285714286,0.9375,0.0714285714285714,3,0.9555335968379447,0.9555555555555556,0.9555335968379447,0.9980237154150198,0.9565217391304348,0.9545454545454546,22,1,1,21,45,45,participant
62,left_vs_right_fist_imagery,csp_4_empirical,True,0.9011904761904761,0.9,1.0,0.8035714285714286,0.1964285714285714,3,0.8854489164086687,0.8888888888888888,0.8875,0.9071207430340557,0.8235294117647058,0.9473684210526315,14,3,1,18,36,36,participant
63,left_vs_right_fist_imagery,spectral_baseline_6,False,0.5595238095238094,0.4464285714285714,0.5803571428571428,0.6517857142857143,0.2053571428571429,2,0.575098814229249,0.5777777777777777,0.5701357466063348,0.6383399209486166,0.45454545454545453,0.6956521739130435,10,12,7,16,45,45,participant
63,left_vs_right_fist_imagery,spectral_baseline_6,True,0.5111111111111111,0.3333333333333333,0.5,0.7,0.36666666666666664,1,0.49375,0.4722222222222222,0.4618410700236035,0.5062500000000001,0.3,0.6875,6,14,5,11,36,36,participant
63,left_vs_right_fist_imagery,csp_4_empirical,False,0.5744047619047619,0.375,0.75,0.5982142857142857,0.375,2,0.5770750988142292,0.5777777777777777,0.5769421078673924,0.6343873517786561,0.5454545454545454,0.6086956521739131,12,10,9,14,45,45,participant
63,left_vs_right_fist_imagery,csp_4_empirical,True,0.5412698412698412,0.5833333333333334,0.7571428571428571,0.2833333333333333,0.4738095238095238,2,0.54375,0.5555555555555556,0.5428571428571429,0.640625,0.65,0.4375,13,7,9,7,36,36,participant
64,left_vs_right_fist_imagery,spectral_baseline_6,False,0.6190476190476191,0.5714285714285714,0.8571428571428572,0.4285714285714286,0.4285714285714286,2,0.6190476190476191,0.6190476190476191,0.6181818181818182,0.6394557823129252,0.6666666666666666,0.5714285714285714,14,7,9,12,42,42,participant
64,left_vs_right_fist_imagery,spectral_baseline_6,True,0.6484126984126984,0.7142857142857142,0.7738095238095238,0.4571428571428572,0.31666666666666665,2,0.6666666666666666,0.6666666666666666,0.6657877389584708,0.6746031746031746,0.6666666666666666,0.6666666666666666,14,7,6,12,39,39,participant
64,left_vs_right_fist_imagery,csp_4_empirical,False,0.5,0.5,0.7142857142857143,0.2857142857142857,0.4285714285714286,1,0.5,0.5,0.4857142857142857,0.5260770975056688,0.6666666666666666,0.3333333333333333,14,7,14,7,42,42,participant
64,left_vs_right_fist_imagery,csp_4_empirical,True,0.47222222222222215,0.5,0.7023809523809523,0.21428571428571427,0.488095238095238,1,0.4722222222222222,0.48717948717948717,0.45833333333333337,0.5105820105820106,0.6666666666666666,0.2777777777777778,14,7,13,5,39,39,participant
65,left_vs_right_fist_imagery,spectral_baseline_6,False,0.44047619047619047,0.4464285714285714,0.4107142857142857,0.4642857142857143,0.0535714285714286,0,0.44047619047619047,0.4444444444444444,0.44001991040318567,0.43253968253968256,0.5,0.38095238095238093,12,12,13,8,45,45,participant
65,left_vs_right_fist_imagery,spectral_baseline_6,True,0.7166666666666668,0.6666666666666667,0.775,0.7083333333333333,0.10833333333333328,3,0.7076923076923077,0.7142857142857143,0.7083333333333333,0.7897435897435898,0.8,0.6153846153846154,12,3,5,8,28,28,participant
65,left_vs_right_fist_imagery,csp_4_empirical,False,0.550595238095238,0.5178571428571428,0.5982142857142857,0.5357142857142857,0.0803571428571429,3,0.5505952380952381,0.5555555555555556,0.55,0.5813492063492064,0.625,0.47619047619047616,15,9,11,10,45,45,participant
65,left_vs_right_fist_imagery,csp_4_empirical,True,0.6222222222222221,0.5833333333333334,0.575,0.7083333333333333,0.1333333333333333,3,0.5974358974358974,0.6071428571428571,0.5942028985507246,0.6974358974358974,0.7333333333333333,0.46153846153846156,11,4,7,6,28,28,participant
66,left_vs_right_fist_imagery,spectral_baseline_6,False,0.5595238095238094,0.6160714285714286,0.5267857142857143,0.5357142857142857,0.0892857142857143,3,0.558300395256917,0.5555555555555556,0.55,0.5573122529644269,0.6818181818181818,0.43478260869565216,15,7,13,10,45,45,participant
66,left_vs_right_fist_imagery,spectral_baseline_6,True,0.5232142857142857,0.6142857142857143,0.42857142857142855,0.5267857142857143,0.18571428571428578,2,0.5167464114832536,0.5121951219512195,0.5119047619047619,0.6052631578947368,0.5789473684210527,0.45454545454545453,11,8,12,10,41,41,participant
66,left_vs_right_fist_imagery,csp_4_empirical,False,0.4761904761904761,0.6428571428571428,0.45535714285714285,0.33035714285714285,0.31249999999999994,1,0.4871541501976284,0.4888888888888889,0.48481831757093086,0.4762845849802371,0.4090909090909091,0.5652173913043478,9,13,10,13,45,45,participant
66,left_vs_right_fist_imagery,csp_4_empirical,True,0.575595238095238,0.7,0.5,0.5267857142857143,0.19999999999999996,2,0.5813397129186603,0.5853658536585366,0.5813813813813814,0.5789473684210527,0.5263157894736842,0.6363636363636364,10,9,8,14,41,41,participant
67,left_vs_right_fist_imagery,spectral_baseline_6,False,0.49702380952380953,0.45535714285714285,0.5357142857142857,0.5,0.08035714285714285,1,0.5088932806324111,0.5111111111111111,0.505,0.4920948616600791,0.4090909090909091,0.6086956521739131,9,13,9,14,45,45,participant
67,left_vs_right_fist_imagery,spectral_baseline_6,True,0.5388888888888889,0.5,0.4857142857142857,0.6309523809523809,0.14523809523809522,1,0.5277777777777778,0.5384615384615384,0.5230978260869565,0.5132275132275133,0.3888888888888889,0.6666666666666666,7,11,7,14,39,39,participant
67,left_vs_right_fist_imagery,csp_4_empirical,False,0.5446428571428571,0.5446428571428572,0.5357142857142857,0.5535714285714286,0.017857142857142905,3,0.5345849802371542,0.5333333333333333,0.5324096981692232,0.5395256916996047,0.5909090909090909,0.4782608695652174,13,9,12,11,45,45,participant
67,left_vs_right_fist_imagery,csp_4_empirical,True,0.5142857142857142,0.5,0.4714285714285714,0.5714285714285714,0.09999999999999998,1,0.4920634920634921,0.48717948717948717,0.48684210526315785,0.4973544973544973,0.5555555555555556,0.42857142857142855,10,8,12,9,39,39,participant
68,left_vs_right_fist_imagery,spectral_baseline_6,False,0.4583333333333333,0.5089285714285714,0.3392857142857143,0.5267857142857143,0.1875,2,0.46936758893280633,0.4666666666666667,0.46,0.4762845849802372,0.5909090909090909,0.34782608695652173,13,9,15,8,45,45,participant
68,left_vs_right_fist_imagery,spectral_baseline_6,True,0.5142857142857142,0.5714285714285714,0.4,0.5714285714285714,0.17142857142857137,2,0.52046783625731,0.5135135135135135,0.48291925465838514,0.3888888888888889,0.7777777777777778,0.2631578947368421,14,4,14,5,37,37,participant
68,left_vs_right_fist_imagery,csp_4_empirical,False,0.4970238095238095,0.4107142857142857,0.5714285714285714,0.5089285714285714,0.1607142857142857,2,0.5039525691699605,0.5111111111111111,0.44999999999999996,0.4545454545454545,0.18181818181818182,0.8260869565217391,4,18,4,19,45,45,participant
68,left_vs_right_fist_imagery,csp_4_empirical,True,0.4896825396825397,0.22619047619047616,0.6000000000000001,0.6428571428571428,0.41666666666666663,2,0.4853801169590643,0.4864864864864865,0.4849816849816849,0.5526315789473684,0.4444444444444444,0.5263157894736842,8,10,9,10,37,37,participant
69,left_vs_right_fist_imagery,spectral_baseline_6,False,0.4404761904761905,0.5267857142857143,0.33035714285714285,0.4642857142857143,0.19642857142857145,1,0.44047619047619047,0.4444444444444444,0.44001991040318567,0.4285714285714285,0.5,0.38095238095238093,12,12,13,8,45,45,participant
69,left_vs_right_fist_imagery,spectral_baseline_6,True,0.4595238095238095,0.5267857142857143,0.3875,0.4642857142857143,0.1392857142857143,1,0.4605263157894737,0.46511627906976744,0.4604473540643753,0.5328947368421052,0.5,0.42105263157894735,12,12,11,8,43,43,participant
69,left_vs_right_fist_imagery,csp_4_empirical,False,0.5297619047619048,0.49107142857142855,0.5357142857142857,0.5625,0.07142857142857145,2,0.5297619047619048,0.5111111111111111,0.48004201680672265,0.6011904761904762,0.25,0.8095238095238095,6,18,4,17,45,45,participant
69,left_vs_right_fist_imagery,csp_4_empirical,True,0.530952380952381,0.5803571428571428,0.45,0.5625,0.13035714285714278,2,0.5394736842105263,0.5348837209302325,0.5346320346320346,0.6206140350877193,0.5,0.5789473684210527,12,12,8,11,43,43,participant
70,left_vs_right_fist_imagery,spectral_baseline_6,False,0.5565476190476191,0.6071428571428572,0.4017857142857143,0.6607142857142857,0.2589285714285714,2,0.5553359683794465,0.5555555555555556,0.5553359683794465,0.5810276679841897,0.5454545454545454,0.5652173913043478,12,10,10,13,45,45,participant
70,left_vs_right_fist_imagery,spectral_baseline_6,True,0.5821428571428572,0.6071428571428572,0.4642857142857143,0.675,0.21071428571428574,2,0.5672514619883041,0.5675675675675675,0.5672514619883041,0.5701754385964912,0.5789473684210527,0.5555555555555556,11,8,8,10,37,37,participant
70,left_vs_right_fist_imagery,csp_4_empirical,False,0.630952380952381,0.8571428571428572,0.5446428571428572,0.49107142857142855,0.36607142857142866,2,0.6225296442687747,0.6222222222222222,0.6222222222222222,0.6205533596837944,0.6363636363636364,0.6086956521739131,14,8,9,14,45,45,participant
70,left_vs_right_fist_imagery,csp_4_empirical,True,0.47361111111111115,0.4017857142857143,0.6190476190476191,0.4,0.21904761904761905,1,0.48391812865497075,0.4864864864864865,0.48041389504804144,0.5614035087719298,0.5789473684210527,0.3888888888888889,11,8,11,7,37,37,participant
71,left_vs_right_fist_imagery,spectral_baseline_6,False,0.42857142857142855,0.3839285714285714,0.4464285714285714,0.45535714285714285,0.07142857142857145,0,0.4426877470355731,0.4444444444444444,0.44001991040318567,0.40711462450592883,0.36363636363636365,0.5217391304347826,8,14,11,12,45,45,participant
71,left_vs_right_fist_imagery,spectral_baseline_6,True,0.4688492063492063,0.2857142857142857,0.48333333333333334,0.6375,0.35178571428571426,1,0.48391812865497075,0.4864864864864865,0.48041389504804144,0.5116959064327484,0.3888888888888889,0.5789473684210527,7,11,8,11,37,37,participant
71,left_vs_right_fist_imagery,csp_4_empirical,False,0.6011904761904762,0.625,0.7410714285714286,0.4375,0.3035714285714286,2,0.5948616600790514,0.6,0.5745798319327731,0.658102766798419,0.36363636363636365,0.8260869565217391,8,14,4,19,45,45,participant
71,left_vs_right_fist_imagery,csp_4_empirical,True,0.5349206349206349,0.5714285714285714,0.5333333333333333,0.5,0.0714285714285714,2,0.48830409356725146,0.4864864864864865,0.4849816849816849,0.5438596491228069,0.5555555555555556,0.42105263157894735,10,8,11,8,37,37,participant
72,left_vs_right_fist_imagery,spectral_baseline_6,False,0.7380952380952381,0.7857142857142857,0.7142857142857143,0.7142857142857142,0.07142857142857151,3,0.7380952380952381,0.7380952380952381,0.7367521367521368,0.9115646258503401,0.8095238095238095,0.6666666666666666,17,4,7,14,42,42,participant
72,left_vs_right_fist_imagery,spectral_baseline_6,True,0.8273809523809522,0.7916666666666667,0.8571428571428571,0.8333333333333333,0.06547619047619035,3,0.8235294117647058,0.8235294117647058,0.8229166666666667,0.9550173010380623,0.8823529411764706,0.7647058823529411,15,2,4,13,34,34,participant
72,left_vs_right_fist_imagery,csp_4_empirical,False,0.8571428571428572,0.7142857142857143,1.0,0.8571428571428572,0.2857142857142857,3,0.8571428571428572,0.8571428571428571,0.8541666666666667,0.945578231292517,1.0,0.7142857142857143,21,0,6,15,42,42,participant
72,left_vs_right_fist_imagery,csp_4_empirical,True,0.8095238095238096,0.75,0.9285714285714286,0.75,0.1785714285714286,3,0.8235294117647058,0.8235294117647058,0.8210526315789474,0.944636678200692,0.9411764705882353,0.7058823529411765,16,1,5,12,34,34,participant
73,left_vs_right_fist_imagery,spectral_baseline_6,False,0.5238095238095238,0.5714285714285714,0.5714285714285714,0.42857142857142855,0.14285714285714285,2,0.5238095238095238,0.5238095238095238,0.5194508009153318,0.5714285714285714,0.42857142857142855,0.6190476190476191,9,12,8,13,42,42,participant
73,left_vs_right_fist_imagery,spectral_baseline_6,True,0.4079365079365079,0.44047619047619047,0.45,0.3333333333333333,0.1166666666666667,0,0.41666666666666663,0.4166666666666667,0.4125874125874126,0.4382716049382716,0.3333333333333333,0.5,6,12,9,9,36,36,participant
73,left_vs_right_fist_imagery,csp_4_empirical,False,0.5,0.5,0.42857142857142855,0.5714285714285714,0.14285714285714285,1,0.5,0.5,0.49743589743589745,0.5147392290249433,0.5714285714285714,0.42857142857142855,12,9,12,9,42,42,participant
73,left_vs_right_fist_imagery,csp_4_empirical,True,0.42777777777777776,0.5,0.2833333333333333,0.5,0.21666666666666667,0,0.41666666666666663,0.4166666666666667,0.37777777777777777,0.3888888888888889,0.6666666666666666,0.16666666666666666,12,6,15,3,36,36,participant
74,left_vs_right_fist_imagery,spectral_baseline_6,False,0.45238095238095233,0.5714285714285714,0.3571428571428571,0.42857142857142855,0.2142857142857143,1,0.4523809523809524,0.4523809523809524,0.43673469387755104,0.4399092970521542,0.6190476190476191,0.2857142857142857,13,8,15,6,42,42,participant
74,left_vs_right_fist_imagery,spectral_baseline_6,True,0.5436507936507936,0.5,0.5476190476190476,0.5833333333333333,0.08333333333333326,2,0.5628654970760234,0.5675675675675675,0.5515151515151515,0.5,0.7368421052631579,0.3888888888888889,14,5,11,7,37,37,participant
74,left_vs_right_fist_imagery,csp_4_empirical,False,0.5,0.5,0.3571428571428571,0.6428571428571428,0.2857142857142857,1,0.5,0.5,0.4928119608970673,0.5736961451247166,0.6190476190476191,0.38095238095238093,13,8,13,8,42,42,participant
74,left_vs_right_fist_imagery,csp_4_empirical,True,0.4515873015873016,0.5571428571428572,0.38095238095238093,0.41666666666666663,0.17619047619047623,1,0.45760233918128657,0.4594594594594595,0.45588235294117646,0.3801169590643275,0.5263157894736842,0.3888888888888889,10,9,11,7,37,37,participant
75,left_vs_right_fist_imagery,spectral_baseline_6,False,0.5089285714285715,0.4017857142857143,0.5982142857142857,0.5267857142857143,0.1964285714285714,2,0.5118577075098814,0.5111111111111111,0.5108695652173914,0.549407114624506,0.5454545454545454,0.4782608695652174,12,10,12,11,45,45,participant
75,left_vs_right_fist_imagery,spectral_baseline_6,True,0.5426587301587301,0.4583333333333333,0.6071428571428572,0.5625,0.1488095238095239,2,0.5333333333333333,0.5365853658536586,0.5264437689969604,0.5452380952380953,0.6666666666666666,0.4,14,7,12,8,41,41,participant
75,left_vs_right_fist_imagery,csp_4_empirical,False,0.5565476190476191,0.45535714285714285,0.5357142857142857,0.6785714285714286,0.22321428571428575,2,0.5533596837944664,0.5555555555555556,0.55,0.6581027667984191,0.45454545454545453,0.6521739130434783,10,12,8,15,45,45,participant
75,left_vs_right_fist_imagery,csp_4_empirical,True,0.6200396825396826,0.5,0.6309523809523809,0.7291666666666667,0.22916666666666674,2,0.611904761904762,0.6097560975609756,0.6076555023923444,0.6166666666666666,0.5238095238095238,0.7,11,10,6,14,41,41,participant
76,left_vs_right_fist_imagery,spectral_baseline_6,False,0.2857142857142857,0.21428571428571427,0.3571428571428571,0.2857142857142857,0.14285714285714282,0,0.2857142857142857,0.2857142857142857,0.2857142857142857,0.20634920634920634,0.2857142857142857,0.2857142857142857,6,15,15,6,42,42,participant
76,left_vs_right_fist_imagery,spectral_baseline_6,True,0.1722222222222222,0.08333333333333333,0.16666666666666666,0.26666666666666666,0.18333333333333335,0,0.1801470588235294,0.18181818181818182,0.17880184331797233,0.11029411764705883,0.23529411764705882,0.125,4,13,14,2,33,33,participant
76,left_vs_right_fist_imagery,csp_4_empirical,False,0.4285714285714286,0.4285714285714286,0.5,0.35714285714285715,0.14285714285714285,0,0.42857142857142855,0.42857142857142855,0.3942307692307692,0.36507936507936506,0.19047619047619047,0.6666666666666666,4,17,7,14,42,42,participant
76,left_vs_right_fist_imagery,csp_4_empirical,True,0.4444444444444444,0.5,0.41666666666666663,0.4166666666666667,0.08333333333333337,0,0.4319852941176471,0.42424242424242425,0.3882926829268293,0.32720588235294124,0.17647058823529413,0.6875,3,14,5,11,33,33,participant
77,left_vs_right_fist_imagery,spectral_baseline_6,False,0.49107142857142855,0.4732142857142857,0.5178571428571428,0.48214285714285715,0.044642857142857095,1,0.4910714285714286,0.4888888888888889,0.4888888888888889,0.5257936507936508,0.5238095238095238,0.4583333333333333,11,10,13,11,45,45,participant
77,left_vs_right_fist_imagery,spectral_baseline_6,True,0.6029761904761904,0.4875,0.5714285714285714,0.75,0.2625,2,0.5881642512077294,0.5853658536585366,0.5843768634466309,0.5410628019323671,0.6111111111111112,0.5652173913043478,11,7,10,13,41,41,participant
77,left_vs_right_fist_imagery,csp_4_empirical,False,0.40178571428571425,0.5625,0.33035714285714285,0.3125,0.25,1,0.4017857142857143,0.4,0.4,0.35714285714285715,0.42857142857142855,0.375,9,12,15,9,45,45,participant
77,left_vs_right_fist_imagery,csp_4_empirical,True,0.39384920634920634,0.5,0.2857142857142857,0.3958333333333333,0.2142857142857143,0,0.3683574879227053,0.36585365853658536,0.36547619047619045,0.39371980676328505,0.3888888888888889,0.34782608695652173,7,11,15,8,41,41,participant
78,left_vs_right_fist_imagery,spectral_baseline_6,False,0.5565476190476191,0.6696428571428572,0.5267857142857143,0.4732142857142857,0.1964285714285715,2,0.5573122529644269,0.5555555555555556,0.5535714285714286,0.5731225296442688,0.4782608695652174,0.6363636363636364,11,12,8,14,45,45,participant
78,left_vs_right_fist_imagery,spectral_baseline_6,True,0.6200396825396824,0.7,0.5267857142857143,0.6333333333333333,0.17321428571428565,3,0.6068111455108359,0.6111111111111112,0.60625,0.6687306501547987,0.5294117647058824,0.6842105263157895,9,8,6,13,36,36,participant
78,left_vs_right_fist_imagery,csp_4_empirical,False,0.5982142857142857,0.5892857142857143,0.5803571428571428,0.625,0.044642857142857206,3,0.6037549407114624,0.6,0.590080971659919,0.6067193675889329,0.43478260869565216,0.7727272727272727,10,13,5,17,45,45,participant
78,left_vs_right_fist_imagery,csp_4_empirical,True,0.48134920634920636,0.6,0.4107142857142857,0.43333333333333335,0.18928571428571428,1,0.47213622291021673,0.4722222222222222,0.47181467181467185,0.47678018575851394,0.47058823529411764,0.47368421052631576,8,9,10,9,36,36,participant
79,left_vs_right_fist_imagery,spectral_baseline_6,False,0.5714285714285715,0.5267857142857143,0.5357142857142857,0.6517857142857143,0.125,3,0.5770750988142292,0.5777777777777777,0.5769421078673924,0.6620553359683794,0.5454545454545454,0.6086956521739131,12,10,9,14,45,45,participant
79,left_vs_right_fist_imagery,spectral_baseline_6,True,0.5863095238095237,0.5,0.5982142857142857,0.6607142857142857,0.1607142857142857,2,0.5954545454545455,0.5952380952380952,0.595008508224617,0.6909090909090908,0.6,0.5909090909090909,12,8,9,13,42,42,participant
79,left_vs_right_fist_imagery,csp_4_empirical,False,0.44642857142857145,0.5,0.5267857142857143,0.3125,0.2142857142857143,1,0.4377470355731225,0.4444444444444444,0.3849097867687261,0.5948616600790514,0.13636363636363635,0.7391304347826086,3,19,6,17,45,45,participant
79,left_vs_right_fist_imagery,csp_4_empirical,True,0.511904761904762,0.5,0.5892857142857143,0.4464285714285714,0.1428571428571429,1,0.5090909090909091,0.5238095238095238,0.4642857142857143,0.5818181818181818,0.2,0.8181818181818182,4,16,4,18,42,42,participant
80,left_vs_right_fist_imagery,spectral_baseline_6,False,0.4166666666666667,0.4017857142857143,0.3214285714285714,0.5267857142857143,0.2053571428571429,1,0.4199604743083004,0.4222222222222222,0.415,0.349802371541502,0.5217391304347826,0.3181818181818182,12,11,15,7,45,45,participant
80,left_vs_right_fist_imagery,spectral_baseline_6,True,0.511904761904762,0.4857142857142857,0.55,0.5,0.06428571428571433,1,0.513157894736842,0.5151515151515151,0.5111111111111111,0.49624060150375937,0.5,0.5263157894736842,7,7,9,10,33,33,participant
80,left_vs_right_fist_imagery,csp_4_empirical,False,0.6398809523809524,0.5892857142857143,0.6160714285714286,0.7142857142857143,0.125,3,0.6452569169960474,0.6444444444444445,0.6442687747035574,0.6225296442687748,0.6086956521739131,0.6818181818181818,14,9,7,15,45,45,participant
80,left_vs_right_fist_imagery,csp_4_empirical,True,0.5261904761904762,0.4571428571428572,0.55,0.5714285714285714,0.11428571428571421,2,0.5018796992481203,0.5454545454545454,0.47619047619047616,0.45864661654135336,0.21428571428571427,0.7894736842105263,3,11,4,15,33,33,participant
81,left_vs_right_fist_imagery,spectral_baseline_6,False,0.5863095238095237,0.6875,0.6607142857142857,0.4107142857142857,0.2767857142857143,2,0.5780632411067194,0.5777777777777777,0.5777777777777777,0.5988142292490117,0.5909090909090909,0.5652173913043478,13,9,10,13,45,45,participant
81,left_vs_right_fist_imagery,spectral_baseline_6,True,0.6190476190476191,0.6041666666666667,0.7083333333333333,0.5446428571428572,0.16369047619047605,3,0.6043478260869566,0.6046511627906976,0.6037940379403794,0.6173913043478261,0.6,0.6086956521739131,12,8,9,14,43,43,participant
81,left_vs_right_fist_imagery,csp_4_empirical,False,0.45238095238095233,0.3482142857142857,0.5803571428571428,0.42857142857142855,0.2321428571428571,1,0.4407114624505929,0.4444444444444444,0.4263131055583886,0.450592885375494,0.2727272727272727,0.6086956521739131,6,16,9,14,45,45,participant
81,left_vs_right_fist_imagery,csp_4_empirical,True,0.560515873015873,0.41666666666666663,0.6666666666666666,0.5982142857142857,0.25,2,0.5728260869565217,0.5813953488372093,0.5700000000000001,0.5086956521739131,0.45,0.6956521739130435,9,11,7,16,43,43,participant
82,left_vs_right_fist_imagery,spectral_baseline_6,False,0.4702380952380953,0.5267857142857143,0.2767857142857143,0.6071428571428572,0.3303571428571429,2,0.4654150197628458,0.4666666666666667,0.4642857142857143,0.44861660079051385,0.5217391304347826,0.4090909090909091,12,11,13,9,45,45,participant
82,left_vs_right_fist_imagery,spectral_baseline_6,True,0.3349206349206349,0.3333333333333333,0.3214285714285714,0.35,0.02857142857142858,0,0.33333333333333337,0.3333333333333333,0.2987012987012987,0.39814814814814814,0.5555555555555556,0.1111111111111111,10,8,16,2,36,36,participant
82,left_vs_right_fist_imagery,csp_4_empirical,False,0.6845238095238096,0.6875,0.5625,0.8035714285714286,0.2410714285714286,3,0.6660079051383399,0.6666666666666666,0.6660069272637308,0.6126482213438735,0.6956521739130435,0.6363636363636364,16,7,8,14,45,45,participant
82,left_vs_right_fist_imagery,csp_4_empirical,True,0.7166666666666668,0.5833333333333334,0.75,0.8166666666666667,0.23333333333333328,3,0.7222222222222222,0.7222222222222222,0.7077922077922079,0.7623456790123457,0.5,0.9444444444444444,9,9,1,17,36,36,participant
83,left_vs_right_fist_imagery,spectral_baseline_6,False,0.6160714285714285,0.7232142857142857,0.4107142857142857,0.7142857142857143,0.3125,2,0.6225296442687747,0.6222222222222222,0.6222222222222222,0.6027667984189723,0.6363636363636364,0.6086956521739131,14,8,9,14,45,45,participant
83,left_vs_right_fist_imagery,spectral_baseline_6,True,0.6517857142857143,0.7410714285714286,0.5,0.7142857142857143,0.2410714285714286,2,0.6228070175438596,0.625,0.6228786926461345,0.6541353383458647,0.5789473684210527,0.6666666666666666,11,8,7,14,40,40,participant
83,left_vs_right_fist_imagery,csp_4_empirical,False,0.5238095238095238,0.6785714285714286,0.4642857142857143,0.42857142857142855,0.25000000000000006,1,0.5128458498023716,0.5111111111111111,0.5089285714285714,0.4980237154150198,0.5909090909090909,0.43478260869565216,13,9,13,10,45,45,participant
83,left_vs_right_fist_imagery,csp_4_empirical,True,0.6121031746031745,0.7321428571428572,0.4375,0.6666666666666666,0.2946428571428572,2,0.6328320802005012,0.625,0.6190476190476191,0.7593984962406015,0.7894736842105263,0.47619047619047616,15,4,11,10,40,40,participant
84,left_vs_right_fist_imagery,spectral_baseline_6,False,0.6488095238095238,0.48214285714285715,0.7232142857142857,0.7410714285714286,0.25892857142857145,2,0.6442687747035574,0.6444444444444445,0.6442687747035574,0.6778656126482214,0.6521739130434783,0.6363636363636364,15,8,8,14,45,45,participant
84,left_vs_right_fist_imagery,spectral_baseline_6,True,0.7253968253968255,0.7333333333333334,0.6142857142857143,0.8285714285714285,0.2142857142857142,3,0.7124183006535948,0.7142857142857143,0.712171052631579,0.7679738562091503,0.7777777777777778,0.6470588235294118,14,4,6,11,35,35,participant
84,left_vs_right_fist_imagery,csp_4_empirical,False,0.4970238095238095,0.5357142857142857,0.41964285714285715,0.5357142857142857,0.11607142857142855,2,0.491106719367589,0.4888888888888889,0.48481831757093086,0.5592885375494071,0.391304347826087,0.5909090909090909,9,14,9,13,45,45,participant
84,left_vs_right_fist_imagery,csp_4_empirical,True,0.565873015873016,0.5833333333333334,0.6571428571428571,0.4571428571428572,0.19999999999999996,2,0.5735294117647058,0.5714285714285714,0.5700245700245701,0.5261437908496732,0.5,0.6470588235294118,9,9,6,11,35,35,participant
85,left_vs_right_fist_imagery,spectral_baseline_6,False,0.7321428571428571,0.875,0.6607142857142857,0.6607142857142857,0.2142857142857143,3,0.7341897233201581,0.7333333333333333,0.733201581027668,0.7865612648221344,0.6956521739130435,0.7727272727272727,16,7,5,17,45,45,participant
85,left_vs_right_fist_imagery,spectral_baseline_6,True,0.7509920634920636,0.9375,0.6904761904761905,0.625,0.3125,3,0.75,0.7428571428571429,0.7394540942928041,0.7789115646258503,0.7142857142857143,0.7857142857142857,15,6,3,11,35,35,participant
85,left_vs_right_fist_imagery,csp_4_empirical,False,0.8363095238095237,0.7946428571428572,0.7857142857142857,0.9285714285714286,0.1428571428571429,3,0.842885375494071,0.8444444444444444,0.8432055749128919,0.9347826086956522,0.9130434782608695,0.7727272727272727,21,2,5,17,45,45,participant
85,left_vs_right_fist_imagery,csp_4_empirical,True,0.8263888888888888,0.9375,0.6666666666666666,0.875,0.27083333333333337,3,0.7976190476190477,0.8285714285714286,0.8097826086956521,0.8673469387755102,0.9523809523809523,0.6428571428571429,20,1,5,9,35,35,participant
86,left_vs_right_fist_imagery,spectral_baseline_6,False,0.5238095238095238,0.5357142857142857,0.4464285714285714,0.5892857142857143,0.1428571428571429,2,0.5296442687747036,0.5333333333333333,0.5181030086690463,0.5395256916996047,0.36363636363636365,0.6956521739130435,8,14,7,16,45,45,participant
86,left_vs_right_fist_imagery,spectral_baseline_6,True,0.4849206349206349,0.5,0.3214285714285714,0.6333333333333333,0.3119047619047619,1,0.4457236842105263,0.45714285714285713,0.44070647603027757,0.4506578947368421,0.3125,0.5789473684210527,5,11,8,11,35,35,participant
86,left_vs_right_fist_imagery,csp_4_empirical,False,0.5238095238095238,0.5,0.5714285714285714,0.5,0.0714285714285714,1,0.5523715415019763,0.5555555555555556,0.5445344129554656,0.650197628458498,0.4090909090909091,0.6956521739130435,9,13,7,16,45,45,participant
86,left_vs_right_fist_imagery,csp_4_empirical,True,0.5029761904761905,0.5,0.5089285714285714,0.5,0.008928571428571397,1,0.5345394736842105,0.5428571428571428,0.5333333333333333,0.5953947368421052,0.4375,0.631578947368421,7,9,7,12,35,35,participant
87,left_vs_right_fist_imagery,spectral_baseline_6,False,0.42559523809523814,0.3482142857142857,0.6071428571428572,0.3214285714285714,0.2857142857142858,1,0.4199604743083004,0.4222222222222222,0.415,0.4407114624505929,0.3181818181818182,0.5217391304347826,7,15,11,12,45,45,participant
87,left_vs_right_fist_imagery,spectral_baseline_6,True,0.458531746031746,0.4857142857142857,0.7232142857142857,0.16666666666666666,0.5565476190476191,1,0.5095238095238095,0.5277777777777778,0.5092221331194867,0.4793650793650794,0.4,0.6190476190476191,6,9,8,13,36,36,participant
87,left_vs_right_fist_imagery,csp_4_empirical,False,0.49107142857142855,0.3392857142857143,0.4732142857142857,0.6607142857142857,0.3214285714285714,1,0.48814229249011853,0.4888888888888889,0.48787728847105394,0.5573122529644269,0.45454545454545453,0.5217391304347826,10,12,11,12,45,45,participant
87,left_vs_right_fist_imagery,csp_4_empirical,True,0.5517857142857143,0.4857142857142857,0.41964285714285715,0.75,0.33035714285714285,1,0.5380952380952381,0.5277777777777778,0.5274131274131274,0.5523809523809524,0.6,0.47619047619047616,9,6,11,10,36,36,participant
89,left_vs_right_fist_imagery,spectral_baseline_6,False,0.6904761904761906,0.7321428571428572,0.6071428571428572,0.7321428571428572,0.125,3,0.6904761904761905,0.6888888888888889,0.6887351778656126,0.7718253968253969,0.6666666666666666,0.7142857142857143,16,8,6,15,45,45,participant
89,left_vs_right_fist_imagery,spectral_baseline_6,True,0.7388888888888889,0.8166666666666667,0.6666666666666667,0.7333333333333334,0.1499999999999999,3,0.7326388888888888,0.7352941176470589,0.7332170880557978,0.7569444444444444,0.6875,0.7777777777777778,11,5,4,14,34,34,participant
89,left_vs_right_fist_imagery,csp_4_empirical,False,0.6190476190476191,0.5,0.7410714285714286,0.6160714285714286,0.2410714285714286,2,0.6190476190476191,0.6222222222222222,0.6192135390741662,0.5972222222222222,0.6666666666666666,0.5714285714285714,16,8,9,12,45,45,participant
89,left_vs_right_fist_imagery,csp_4_empirical,True,0.6555555555555556,0.5,0.75,0.7166666666666667,0.25,2,0.6493055555555556,0.6470588235294118,0.6470588235294118,0.5833333333333334,0.6875,0.6111111111111112,11,5,7,11,34,34,participant
90,left_vs_right_fist_imagery,spectral_baseline_6,False,0.5178571428571429,0.4642857142857143,0.4642857142857143,0.625,0.1607142857142857,1,0.5079051383399209,0.5111111111111111,0.4989878542510121,0.4347826086956522,0.36363636363636365,0.6521739130434783,8,14,8,15,45,45,participant
90,left_vs_right_fist_imagery,spectral_baseline_6,True,0.6339285714285714,0.6517857142857143,0.5357142857142857,0.7142857142857142,0.1785714285714285,3,0.6363636363636364,0.6428571428571429,0.6326530612244898,0.5727272727272728,0.5,0.7727272727272727,10,10,5,17,42,42,participant
90,left_vs_right_fist_imagery,csp_4_empirical,False,0.5595238095238095,0.6517857142857143,0.4642857142857143,0.5625,0.1875,2,0.5503952569169961,0.5555555555555556,0.5273109243697479,0.5553359683794467,0.3181818181818182,0.782608695652174,7,15,5,18,45,45,participant
90,left_vs_right_fist_imagery,csp_4_empirical,True,0.5952380952380952,0.5357142857142857,0.5357142857142857,0.7142857142857143,0.1785714285714286,3,0.5954545454545455,0.5952380952380952,0.595008508224617,0.6568181818181817,0.6,0.5909090909090909,12,8,9,13,42,42,participant
91,left_vs_right_fist_imagery,spectral_baseline_6,False,0.5625,0.4464285714285714,0.7410714285714286,0.5,0.2946428571428572,1,0.5770750988142292,0.5777777777777777,0.5769421078673924,0.6047430830039525,0.5454545454545454,0.6086956521739131,12,10,9,14,45,45,participant
91,left_vs_right_fist_imagery,spectral_baseline_6,True,0.5535714285714285,0.4464285714285714,0.7142857142857142,0.5,0.2678571428571428,1,0.5714285714285714,0.5714285714285714,0.5714285714285714,0.5986394557823129,0.5714285714285714,0.5714285714285714,12,9,9,12,42,42,participant
91,left_vs_right_fist_imagery,csp_4_empirical,False,0.49702380952380953,0.48214285714285715,0.5089285714285714,0.5,0.026785714285714246,1,0.5029644268774703,0.5111111111111111,0.42972350230414746,0.549407114624506,0.13636363636363635,0.8695652173913043,3,19,3,20,45,45,participant
91,left_vs_right_fist_imagery,csp_4_empirical,True,0.6200396825396826,0.49107142857142855,0.8571428571428572,0.5119047619047619,0.36607142857142866,2,0.6190476190476191,0.6190476190476191,0.5851851851851853,0.6371882086167802,0.3333333333333333,0.9047619047619048,7,14,2,19,42,42,participant
93,left_vs_right_fist_imagery,spectral_baseline_6,False,0.6279761904761906,0.5446428571428572,0.7321428571428572,0.6071428571428572,0.1875,3,0.6225296442687747,0.6222222222222222,0.6222222222222222,0.683794466403162,0.6086956521739131,0.6363636363636364,14,9,8,14,45,45,participant
93,left_vs_right_fist_imagery,spectral_baseline_6,True,0.615079365079365,0.3333333333333333,0.8333333333333333,0.6785714285714286,0.49999999999999994,2,0.6696428571428572,0.6666666666666666,0.6666666666666666,0.7053571428571429,0.625,0.7142857142857143,10,6,4,10,30,30,participant
93,left_vs_right_fist_imagery,csp_4_empirical,False,0.7410714285714285,0.6160714285714286,0.8125,0.7946428571428572,0.1964285714285714,3,0.7371541501976284,0.7333333333333333,0.7267206477732794,0.8221343873517787,0.5652173913043478,0.9090909090909091,13,10,2,20,45,45,participant
93,left_vs_right_fist_imagery,csp_4_empirical,True,0.7166666666666667,1.0,0.4,0.75,0.6,2,0.6696428571428572,0.6666666666666666,0.6666666666666666,0.7544642857142857,0.625,0.7142857142857143,10,6,4,10,30,30,participant
94,left_vs_right_fist_imagery,spectral_baseline_6,False,0.6190476190476191,0.7321428571428572,0.5982142857142857,0.5267857142857143,0.2053571428571429,3,0.6225296442687747,0.6222222222222222,0.6222222222222222,0.5770750988142292,0.6363636363636364,0.6086956521739131,14,8,9,14,45,45,participant
94,left_vs_right_fist_imagery,spectral_baseline_6,True,0.5976190476190476,0.775,0.5625,0.45535714285714285,0.3196428571428572,2,0.5805555555555556,0.5789473684210527,0.5789473684210527,0.5444444444444445,0.6111111111111112,0.55,11,7,9,11,38,38,participant
94,left_vs_right_fist_imagery,csp_4_empirical,False,0.8422619047619048,0.8125,0.9285714285714286,0.7857142857142857,0.1428571428571429,3,0.8468379446640316,0.8444444444444444,0.8432055749128919,0.8794466403162056,0.9545454545454546,0.7391304347826086,21,1,6,17,45,45,participant
94,left_vs_right_fist_imagery,csp_4_empirical,True,0.8873015873015874,0.9,0.8333333333333333,0.9285714285714286,0.09523809523809534,3,0.8944444444444444,0.8947368421052632,0.8944444444444444,0.9333333333333332,0.8888888888888888,0.9,16,2,2,18,38,38,participant
95,left_vs_right_fist_imagery,spectral_baseline_6,False,0.6071428571428572,0.5535714285714286,0.6607142857142857,0.6071428571428572,0.1071428571428571,3,0.5978260869565217,0.6,0.595,0.6126482213438735,0.6956521739130435,0.5,16,7,11,11,45,45,participant
95,left_vs_right_fist_imagery,spectral_baseline_6,True,0.5111111111111111,0.4,0.5833333333333333,0.55,0.18333333333333324,2,0.4720394736842105,0.4857142857142857,0.4642857142857143,0.5460526315789475,0.631578947368421,0.3125,12,7,11,5,35,35,participant
95,left_vs_right_fist_imagery,csp_4_empirical,False,0.4791666666666667,0.33035714285714285,0.6071428571428572,0.5,0.27678571428571436,1,0.4713438735177865,0.4666666666666667,0.4444444444444444,0.47233201581027673,0.2608695652173913,0.6818181818181818,6,17,7,15,45,45,participant
95,left_vs_right_fist_imagery,csp_4_empirical,True,0.5625,0.5,0.75,0.4375,0.3125,1,0.5361842105263157,0.5714285714285714,0.4582043343653251,0.4144736842105263,0.9473684210526315,0.125,18,1,14,2,35,35,participant
96,left_vs_right_fist_imagery,spectral_baseline_6,False,0.4761904761904762,0.5,0.4642857142857143,0.4642857142857143,0.0357142857142857,0,0.49209486166007904,0.4888888888888889,0.4796380090497738,0.541501976284585,0.34782608695652173,0.6363636363636364,8,15,8,14,45,45,participant
96,left_vs_right_fist_imagery,spectral_baseline_6,True,0.44265873015873014,0.5089285714285714,0.3333333333333333,0.4857142857142857,0.17559523809523808,1,0.45238095238095233,0.46153846153846156,0.4484848484848485,0.41534391534391535,0.3333333333333333,0.5714285714285714,6,12,9,12,39,39,participant
96,left_vs_right_fist_imagery,csp_4_empirical,False,0.5089285714285714,0.5,0.4464285714285714,0.5803571428571428,0.1339285714285714,1,0.5326086956521738,0.5333333333333333,0.5324096981692232,0.5790513833992095,0.5652173913043478,0.5,13,10,11,11,45,45,participant
96,left_vs_right_fist_imagery,csp_4_empirical,True,0.48730158730158735,0.3214285714285714,0.5833333333333334,0.5571428571428572,0.261904761904762,2,0.46825396825396826,0.48717948717948717,0.44285714285714284,0.4841269841269841,0.2222222222222222,0.7142857142857143,4,14,6,15,39,39,participant
97,left_vs_right_fist_imagery,spectral_baseline_6,False,0.5297619047619048,0.6696428571428572,0.4642857142857143,0.45535714285714285,0.21428571428571436,1,0.5326086956521738,0.5333333333333333,0.5324096981692232,0.45454545454545453,0.5652173913043478,0.5,13,10,11,11,45,45,participant
97,left_vs_right_fist_imagery,spectral_baseline_6,True,0.5099206349206349,0.6904761904761905,0.375,0.4642857142857143,0.31547619047619047,1,0.525062656641604,0.525,0.5247029393370857,0.4486215538847118,0.5263157894736842,0.5238095238095238,10,9,10,11,40,40,participant
97,left_vs_right_fist_imagery,csp_4_empirical,False,0.5416666666666666,0.41964285714285715,0.4732142857142857,0.7321428571428572,0.31250000000000006,1,0.5345849802371542,0.5333333333333333,0.5324096981692232,0.5652173913043479,0.4782608695652174,0.5909090909090909,11,12,9,13,45,45,participant
97,left_vs_right_fist_imagery,csp_4_empirical,True,0.5109126984126985,0.4166666666666667,0.625,0.49107142857142855,0.20833333333333331,1,0.44110275689223055,0.45,0.4270833333333333,0.4786967418546366,0.2631578947368421,0.6190476190476191,5,14,8,13,40,40,participant
98,left_vs_right_fist_imagery,spectral_baseline_6,False,0.5505952380952381,0.5,0.5625,0.5892857142857143,0.0892857142857143,2,0.5563241106719368,0.5555555555555556,0.5553359683794465,0.5573122529644269,0.5217391304347826,0.5909090909090909,12,11,9,13,45,45,participant
98,left_vs_right_fist_imagery,spectral_baseline_6,True,0.4672619047619048,0.5,0.5,0.4017857142857143,0.0982142857142857,0,0.475,0.47619047619047616,0.475,0.5431818181818182,0.5,0.45,11,11,11,9,42,42,participant
98,left_vs_right_fist_imagery,csp_4_empirical,False,0.6875,0.6696428571428572,0.6607142857142857,0.7321428571428572,0.07142857142857151,3,0.6887351778656126,0.6888888888888889,0.6887351778656126,0.7549407114624507,0.6956521739130435,0.6818181818181818,16,7,7,15,45,45,participant
98,left_vs_right_fist_imagery,csp_4_empirical,True,0.685515873015873,0.7291666666666667,0.5952380952380952,0.7321428571428572,0.13690476190476197,3,0.6886363636363637,0.6904761904761905,0.6888888888888889,0.75,0.7272727272727273,0.65,16,6,7,13,42,42,participant
99,left_vs_right_fist_imagery,spectral_baseline_6,False,0.550595238095238,0.5178571428571428,0.5982142857142857,0.5357142857142857,0.0803571428571429,3,0.5543478260869565,0.5555555555555556,0.5535714285714286,0.5909090909090908,0.5,0.6086956521739131,11,11,9,14,45,45,participant
99,left_vs_right_fist_imagery,spectral_baseline_6,True,0.6267857142857143,0.5178571428571428,0.6125,0.75,0.2321428571428572,3,0.6277056277056277,0.627906976744186,0.6277056277056277,0.6406926406926406,0.6363636363636364,0.6190476190476191,14,8,8,13,43,43,participant
99,left_vs_right_fist_imagery,csp_4_empirical,False,0.5863095238095238,0.5982142857142857,0.5357142857142857,0.625,0.0892857142857143,3,0.5800395256916996,0.5777777777777777,0.5744151319064211,0.5770750988142292,0.6818181818181818,0.4782608695652174,15,7,12,11,45,45,participant
99,left_vs_right_fist_imagery,csp_4_empirical,True,0.5976190476190476,0.5892857142857143,0.65,0.5535714285714286,0.09642857142857142,3,0.5811688311688312,0.5813953488372093,0.5811688311688312,0.6601731601731602,0.5909090909090909,0.5714285714285714,13,9,9,12,43,43,participant
101,left_vs_right_fist_imagery,spectral_baseline_6,False,0.3988095238095239,0.39285714285714285,0.4642857142857143,0.3392857142857143,0.125,0,0.40118577075098816,0.4,0.39881246907471546,0.3913043478260869,0.45454545454545453,0.34782608695652173,10,12,15,8,45,45,participant
101,left_vs_right_fist_imagery,spectral_baseline_6,True,0.4793650793650794,0.45238095238095233,0.5571428571428572,0.42857142857142855,0.12857142857142861,1,0.4857142857142857,0.5,0.4857142857142857,0.5238095238095238,0.5714285714285714,0.4,12,9,9,6,36,36,participant
101,left_vs_right_fist_imagery,csp_4_empirical,False,0.44047619047619047,0.5803571428571428,0.2767857142857143,0.4642857142857143,0.3035714285714285,1,0.44762845849802374,0.4444444444444444,0.4343891402714932,0.4683794466403162,0.5909090909090909,0.30434782608695654,13,9,16,7,45,45,participant
101,left_vs_right_fist_imagery,csp_4_empirical,True,0.4619047619047619,0.5,0.5285714285714286,0.35714285714285715,0.17142857142857143,1,0.5095238095238095,0.5277777777777778,0.5092221331194867,0.5619047619047619,0.6190476190476191,0.4,13,8,9,6,36,36,participant
102,left_vs_right_fist_imagery,spectral_baseline_6,False,0.5952380952380952,0.5,0.6428571428571428,0.6428571428571428,0.1428571428571428,2,0.5952380952380952,0.5952380952380952,0.595008508224617,0.6485260770975056,0.5714285714285714,0.6190476190476191,12,9,8,13,42,42,participant
102,left_vs_right_fist_imagery,spectral_baseline_6,True,0.5666666666666667,0.5476190476190476,0.7023809523809523,0.45,0.2523809523809523,2,0.5672514619883041,0.5675675675675675,0.5672514619883041,0.587719298245614,0.5789473684210527,0.5555555555555556,11,8,8,10,37,37,participant
102,left_vs_right_fist_imagery,csp_4_empirical,False,0.4761904761904761,0.6428571428571428,0.2857142857142857,0.5,0.3571428571428571,1,0.47619047619047616,0.47619047619047616,0.475,0.4693877551020408,0.42857142857142855,0.5238095238095238,9,12,10,11,42,42,participant
102,left_vs_right_fist_imagery,csp_4_empirical,True,0.5396825396825397,0.48809523809523814,0.38095238095238093,0.75,0.36904761904761907,1,0.5116959064327485,0.5135135135135135,0.5102941176470588,0.4298245614035088,0.5789473684210527,0.4444444444444444,11,8,10,8,37,37,participant
103,left_vs_right_fist_imagery,spectral_baseline_6,False,0.5148809523809524,0.6160714285714286,0.4732142857142857,0.45535714285714285,0.16071428571428575,1,0.5108695652173914,0.5111111111111111,0.5108695652173914,0.5217391304347826,0.5,0.5217391304347826,11,11,11,12,45,45,participant
103,left_vs_right_fist_imagery,spectral_baseline_6,True,0.5468253968253968,0.45,0.44047619047619047,0.75,0.30952380952380953,1,0.5222672064777327,0.5625,0.5151515151515151,0.48582995951417,0.3076923076923077,0.7368421052631579,4,9,5,14,32,32,participant
103,left_vs_right_fist_imagery,csp_4_empirical,False,0.625,0.7857142857142857,0.4732142857142857,0.6160714285714286,0.3125,2,0.6215415019762847,0.6222222222222222,0.6214745175655616,0.7312252964426877,0.5909090909090909,0.6521739130434783,13,9,8,15,45,45,participant
103,left_vs_right_fist_imagery,csp_4_empirical,True,0.3841269841269841,0.45,0.369047619047619,0.3333333333333333,0.1166666666666667,0,0.40485829959514175,0.4375,0.4,0.4939271255060729,0.23076923076923078,0.5789473684210527,3,10,8,11,32,32,participant
104,left_vs_right_fist_imagery,spectral_baseline_6,False,0.5148809523809524,0.5089285714285714,0.5,0.5357142857142857,0.0357142857142857,2,0.5238095238095237,0.5238095238095238,0.5227272727272727,0.5963718820861678,0.47619047619047616,0.5714285714285714,10,11,9,12,42,42,participant
104,left_vs_right_fist_imagery,spectral_baseline_6,True,0.6416666666666667,0.675,0.6666666666666667,0.5833333333333333,0.09166666666666679,3,0.6485294117647059,0.6486486486486487,0.6476190476190475,0.6911764705882353,0.6470588235294118,0.65,11,6,7,13,37,37,participant
104,left_vs_right_fist_imagery,csp_4_empirical,False,0.5238095238095238,0.7410714285714286,0.5,0.33035714285714285,0.41071428571428575,1,0.5238095238095237,0.5238095238095238,0.5227272727272727,0.47845804988662133,0.5714285714285714,0.47619047619047616,12,9,11,10,42,42,participant
104,left_vs_right_fist_imagery,csp_4_empirical,True,0.5194444444444445,0.475,0.75,0.3333333333333333,0.4166666666666667,1,0.5176470588235295,0.5405405405405406,0.4865306122448979,0.5470588235294118,0.23529411764705882,0.8,4,13,4,16,37,37,participant
105,left_vs_right_fist_imagery,spectral_baseline_6,False,0.6041666666666666,0.6517857142857143,0.5535714285714286,0.6071428571428572,0.0982142857142857,3,0.5968379446640316,0.6,0.590080971659919,0.4980237154150198,0.7391304347826086,0.45454545454545453,17,6,12,10,45,45,participant
105,left_vs_right_fist_imagery,spectral_baseline_6,True,0.5099206349206349,0.4464285714285714,0.6309523809523809,0.45238095238095233,0.18452380952380953,1,0.5042016806722689,0.5263157894736842,0.4910714285714286,0.4089635854341737,0.7142857142857143,0.29411764705882354,15,6,12,5,38,38,participant
105,left_vs_right_fist_imagery,csp_4_empirical,False,0.48214285714285715,0.42857142857142855,0.5267857142857143,0.49107142857142855,0.09821428571428575,1,0.4733201581027668,0.4666666666666667,0.41810344827586204,0.5296442687747036,0.17391304347826086,0.7727272727272727,4,19,5,17,45,45,participant
105,left_vs_right_fist_imagery,csp_4_empirical,True,0.5416666666666666,0.5178571428571428,0.5357142857142857,0.5714285714285714,0.0535714285714286,3,0.5028011204481793,0.5,0.49965349965349964,0.5322128851540616,0.47619047619047616,0.5294117647058824,10,11,8,9,38,38,participant
106,left_vs_right_fist_imagery,spectral_baseline_6,False,0.30357142857142855,0.3839285714285714,0.2589285714285714,0.26785714285714285,0.125,0,0.3035714285714286,0.3111111111111111,0.2986425339366516,0.24801587301587302,0.4166666666666667,0.19047619047619047,10,14,17,4,45,45,participant
106,left_vs_right_fist_imagery,spectral_baseline_6,True,0.2976190476190476,0.5,0.08333333333333333,0.30952380952380953,0.4166666666666667,0,0.2757352941176471,0.2727272727272727,0.26666666666666666,0.16911764705882354,0.375,0.17647058823529413,6,10,14,3,33,33,participant
106,left_vs_right_fist_imagery,csp_4_empirical,False,0.630952380952381,0.8125,0.5267857142857143,0.5535714285714286,0.2857142857142857,3,0.6309523809523809,0.6222222222222222,0.6192135390741662,0.5932539682539683,0.5,0.7619047619047619,12,12,5,16,45,45,participant
106,left_vs_right_fist_imagery,csp_4_empirical,True,0.4777777777777778,0.5,0.6,0.3333333333333333,0.26666666666666666,1,0.4724264705882353,0.48484848484848486,0.3717805151175812,0.5514705882352942,0.0625,0.8823529411764706,1,15,2,15,33,33,participant
107,left_vs_right_fist_imagery,spectral_baseline_6,False,0.4226190476190476,0.5357142857142857,0.33035714285714285,0.4017857142857143,0.20535714285714285,1,0.4226190476190476,0.4222222222222222,0.42193675889328064,0.4107142857142857,0.4166666666666667,0.42857142857142855,10,14,12,9,45,45,participant
107,left_vs_right_fist_imagery,spectral_baseline_6,True,0.4444444444444444,0.5476190476190476,0.45535714285714285,0.33035714285714285,0.2172619047619047,1,0.4391304347826087,0.4418604651162791,0.4391304347826087,0.37826086956521743,0.4782608695652174,0.4,11,12,12,8,43,43,participant
107,left_vs_right_fist_imagery,csp_4_empirical,False,0.44642857142857145,0.5357142857142857,0.4642857142857143,0.3392857142857143,0.1964285714285714,1,0.4464285714285714,0.4444444444444444,0.4444444444444444,0.4186507936507936,0.4166666666666667,0.47619047619047616,10,14,11,10,45,45,participant
107,left_vs_right_fist_imagery,csp_4_empirical,True,0.4672619047619048,0.5357142857142857,0.4017857142857143,0.4642857142857143,0.1339285714285714,1,0.46413043478260874,0.46511627906976744,0.46395663956639566,0.4478260869565217,0.4782608695652174,0.45,11,12,11,9,43,43,participant
108,left_vs_right_fist_imagery,spectral_baseline_6,False,0.6309523809523809,0.5982142857142857,0.8125,0.48214285714285715,0.33035714285714285,2,0.6215415019762847,0.6222222222222222,0.6214745175655616,0.6521739130434783,0.5909090909090909,0.6521739130434783,13,9,8,15,45,45,participant
108,left_vs_right_fist_imagery,spectral_baseline_6,True,0.6222222222222221,0.5857142857142856,0.7142857142857143,0.5666666666666667,0.14761904761904765,3,0.6198830409356726,0.6216216216216216,0.6191176470588236,0.6549707602339182,0.5555555555555556,0.6842105263157895,10,8,6,13,37,37,participant
108,left_vs_right_fist_imagery,csp_4_empirical,False,0.7142857142857144,0.5982142857142857,0.6785714285714286,0.8660714285714286,0.2678571428571429,3,0.7124505928853755,0.7111111111111111,0.7105393369619001,0.7905138339920948,0.7727272727272727,0.6521739130434783,17,5,8,15,45,45,participant
108,left_vs_right_fist_imagery,csp_4_empirical,True,0.7666666666666666,0.6142857142857143,0.7857142857142857,0.9,0.2857142857142857,3,0.7602339181286549,0.7567567567567568,0.753880266075388,0.8450292397660818,0.8888888888888888,0.631578947368421,16,2,7,12,37,37,participant
109,left_vs_right_fist_imagery,spectral_baseline_6,False,0.44345238095238093,0.41964285714285715,0.45535714285714285,0.45535714285714285,0.0357142857142857,0,0.4397233201581028,0.4444444444444444,0.41558441558441556,0.3952569169960475,0.6521739130434783,0.22727272727272727,15,8,17,5,45,45,participant
109,left_vs_right_fist_imagery,spectral_baseline_6,True,0.4503968253968254,0.49107142857142855,0.3839285714285714,0.47619047619047616,0.10714285714285715,0,0.44805194805194803,0.4418604651162791,0.4027777777777778,0.42424242424242425,0.7142857142857143,0.18181818181818182,15,6,18,4,43,43,participant
109,left_vs_right_fist_imagery,csp_4_empirical,False,0.5148809523809523,0.5,0.5357142857142857,0.5089285714285714,0.0357142857142857,2,0.5049407114624506,0.5111111111111111,0.4665948275862069,0.4703557312252964,0.782608695652174,0.22727272727272727,18,5,17,5,45,45,participant
109,left_vs_right_fist_imagery,csp_4_empirical,True,0.5287698412698413,0.5,0.5982142857142857,0.48809523809523814,0.11011904761904756,1,0.5183982683982684,0.5116279069767442,0.4703812316715542,0.46320346320346323,0.8095238095238095,0.22727272727272727,17,4,17,5,43,43,participant
